{
  "eval_episodes": 10,
  "episode_rewards": [
    132.8614845563988,
    125.00063491905755,
    156.19981504801626,
    194.91816961785236,
    122.37542312741704,
    165.63148331521336,
    290.82348369539113,
    139.2274352283576,
    161.76826677842976,
    152.71719835579765
  ],
  "episode_lengths": [
    1000,
    1000,
    1000,
    847,
    1000,
    1000,
    232,
    1000,
    1000,
    1000
  ],
  "mean_eval_reward": 164.15233946419315,
  "mean_episode_length": 907.9,
  "min_eval_reward": 122.37542312741704,
  "max_eval_reward": 290.82348369539113
}