{
  "eval_episodes": 20,
  "eval_seed_offset": 10000,
  "eval_seeds": [
    10000,
    10001,
    10002,
    10003,
    10004,
    10005,
    10006,
    10007,
    10008,
    10009,
    10010,
    10011,
    10012,
    10013,
    10014,
    10015,
    10016,
    10017,
    10018,
    10019
  ],
  "episode_rewards": [
    290.78020547035874,
    290.6981704028646,
    289.7187183153735,
    290.2115455465006,
    291.30729266433036,
    287.59127250571976,
    289.13165436928523,
    290.4477427165112,
    289.33883110521145,
    287.7936522519069,
    291.37861229316127,
    291.29640314565074,
    290.17819215562855,
    287.7845734190829,
    291.9583710339401,
    293.39359740171494,
    289.42549677754334,
    291.1604278170786,
    288.29345717411246,
    287.8582843905646
  ],
  "episode_lengths": [
    1011,
    1026,
    1037,
    1013,
    1010,
    1061,
    1043,
    1012,
    1030,
    1053,
    1003,
    1017,
    1019,
    1052,
    996,
    990,
    1024,
    1017,
    1063,
    1051
  ],
  "episode_terminated": [
    true,
    true,
    true,
    true,
    true,
    true,
    true,
    true,
    true,
    true,
    true,
    true,
    true,
    true,
    true,
    true,
    true,
    true,
    true,
    true
  ],
  "mean_eval_reward": 289.98732504782697,
  "mean_episode_length": 1026.4,
  "min_eval_reward": 287.59127250571976,
  "max_eval_reward": 293.39359740171494,
  "termination_breakdown": {
    "terminated": 20,
    "truncated": 0
  },
  "final_policy_component_evaluation": {
    "angle_penalty": {
      "episode_sum_mean": -3.2872436179774347,
      "episode_abs_sum_mean": 3.2872436179774347,
      "signed_contribution_share": -0.006468848536598308,
      "magnitude_share": 0.006468848536598308,
      "active_rate": 0.9999512860483243
    },
    "forward_reward": {
      "episode_sum_mean": 503.950705845833,
      "episode_abs_sum_mean": 504.046657255858,
      "signed_contribution_share": 0.991706476575135,
      "magnitude_share": 0.991895295905388,
      "active_rate": 1.0
    },
    "vert_penalty": {
      "episode_sum_mean": -0.8312848434446583,
      "episode_abs_sum_mean": 0.8312848434446583,
      "signed_contribution_share": -0.0016358555580136636,
      "magnitude_share": 0.0016358555580136636,
      "active_rate": 0.9999512860483243
    }
  },
  "final_policy_component_error_count": 0
}