{
  "eval_episodes": 10,
  "episode_rewards": [
    -191.3078148838128,
    -220.62507613202507,
    -243.52524268575488,
    -203.9064260005043,
    -236.34554130587728,
    -250.3426082032326,
    -202.39765150331476,
    -252.0316637649055,
    -254.9438263906054,
    -231.26363209816458
  ],
  "episode_lengths": [
    61,
    87,
    94,
    63,
    85,
    76,
    85,
    89,
    77,
    90
  ],
  "mean_eval_reward": -228.6689482968197,
  "mean_episode_length": 80.7,
  "min_eval_reward": -254.9438263906054,
  "max_eval_reward": -191.3078148838128
}