{
  "eval_episodes": 10,
  "episode_rewards": [
    -107.11093605835313,
    -106.4599269312987,
    -113.96282465981301,
    -123.59550321553002,
    -108.46072830712629,
    -119.79091111306334,
    -108.43139988577195,
    -95.05909309317079,
    -100.05638603737503,
    -122.15770064083034
  ],
  "episode_lengths": [
    61,
    83,
    74,
    78,
    81,
    76,
    74,
    52,
    60,
    67
  ],
  "mean_eval_reward": -110.50854099423326,
  "mean_episode_length": 70.6,
  "min_eval_reward": -123.59550321553002,
  "max_eval_reward": -95.05909309317079
}