{
  "eval_episodes": 20,
  "eval_seed_offset": 10000,
  "eval_seeds": [
    10000,
    10001,
    10002,
    10003,
    10004,
    10005,
    10006,
    10007,
    10008,
    10009,
    10010,
    10011,
    10012,
    10013,
    10014,
    10015,
    10016,
    10017,
    10018,
    10019
  ],
  "episode_rewards": [
    -128.61124225519526,
    -125.51694241440083,
    -118.1098261407983,
    -122.83347125192714,
    -130.87870313003282,
    -135.8493849011897,
    -138.6389219256246,
    -112.97459271931197,
    -151.3350033926734,
    -137.18985948826995,
    -121.38460546661423,
    -112.70065242496938,
    -140.48067947070845,
    -134.51355449805015,
    -121.18499914833916,
    -110.63283231780022,
    -111.80662566871285,
    -106.3520299032688,
    -111.02888515715506,
    -144.39876344372195
  ],
  "episode_lengths": [
    57,
    76,
    81,
    61,
    83,
    74,
    78,
    80,
    75,
    74,
    51,
    60,
    68,
    69,
    60,
    82,
    62,
    54,
    54,
    68
  ],
  "episode_terminated": [
    true,
    true,
    true,
    true,
    true,
    true,
    true,
    true,
    true,
    true,
    true,
    true,
    true,
    true,
    true,
    true,
    true,
    true,
    true,
    true
  ],
  "mean_eval_reward": -125.82107875593822,
  "mean_episode_length": 68.35,
  "min_eval_reward": -151.3350033926734,
  "max_eval_reward": -106.3520299032688,
  "termination_breakdown": {
    "terminated": 20,
    "truncated": 0
  },
  "final_policy_component_evaluation": {
    "ang_penalty": {
      "episode_sum_mean": 1.0252556115388871,
      "episode_abs_sum_mean": 1.0252556115388871,
      "signed_contribution_share": 0.009643607230650188,
      "magnitude_share": 0.009643607230650188,
      "active_rate": 0.182882223847842
    },
    "contact_reward": {
      "episode_sum_mean": 6.1583293914794925,
      "episode_abs_sum_mean": 6.1583293914794925,
      "signed_contribution_share": 0.05792556429830831,
      "magnitude_share": 0.05792556429830831,
      "active_rate": 0.012435991221653255
    },
    "fuel_penalty": {
      "episode_sum_mean": 0.85,
      "episode_abs_sum_mean": 0.85,
      "signed_contribution_share": 0.007995143897577928,
      "magnitude_share": 0.007995143897577928,
      "active_rate": 0.02487198244330651
    },
    "progress": {
      "episode_sum_mean": 27.801015313714743,
      "episode_abs_sum_mean": 28.794228575378657,
      "signed_contribution_share": 0.26149778580225524,
      "magnitude_share": 0.27084000103517963,
      "active_rate": 1.0
    },
    "vel_penalty": {
      "episode_sum_mean": 69.48672070503235,
      "episode_abs_sum_mean": 69.48672070503235,
      "signed_contribution_share": 0.6535956835382839,
      "magnitude_share": 0.6535956835382839,
      "active_rate": 0.8302852962692027
    }
  },
  "final_policy_component_error_count": 0
}