{
  "eval_episodes": 10,
  "episode_rewards": [
    -108.90213973856886,
    -108.72002185767931,
    -115.67295693813134,
    -122.71498954209578,
    -113.35735023534986,
    -112.68398797508124,
    -109.77267456481407,
    -95.05909309317079,
    -114.31338528497776,
    -125.17038793530507
  ],
  "episode_lengths": [
    61,
    83,
    74,
    78,
    81,
    76,
    74,
    52,
    59,
    67
  ],
  "mean_eval_reward": -112.6366987165174,
  "mean_episode_length": 70.5,
  "min_eval_reward": -125.17038793530507,
  "max_eval_reward": -95.05909309317079
}