{
  "eval_episodes": 20,
  "eval_seed_offset": 10000,
  "eval_seeds": [
    10000,
    10001,
    10002,
    10003,
    10004,
    10005,
    10006,
    10007,
    10008,
    10009,
    10010,
    10011,
    10012,
    10013,
    10014,
    10015,
    10016,
    10017,
    10018,
    10019
  ],
  "episode_rewards": [
    221.09139572130903,
    213.85572041951235,
    232.85475790188804,
    180.15159416662,
    206.33191690993155,
    194.55278895736768,
    232.79591402428792,
    208.62163788056995,
    180.2213695345447,
    240.97767422456837,
    265.66884954174384,
    245.06976506319626,
    206.75884317383463,
    242.30905019316526,
    199.35659026169031,
    207.39623631511435,
    199.7062381357702,
    222.29935116063325,
    206.21928015296714,
    189.92234188853695
  ],
  "episode_lengths": [
    488,
    630,
    644,
    636,
    556,
    533,
    506,
    628,
    627,
    507,
    418,
    479,
    668,
    558,
    604,
    511,
    484,
    554,
    562,
    555
  ],
  "episode_terminated": [
    true,
    true,
    true,
    true,
    true,
    true,
    true,
    true,
    true,
    true,
    true,
    true,
    true,
    true,
    true,
    true,
    true,
    true,
    true,
    true
  ],
  "mean_eval_reward": 214.8080657813626,
  "mean_episode_length": 557.4,
  "min_eval_reward": 180.15159416662,
  "max_eval_reward": 265.66884954174384,
  "termination_breakdown": {
    "terminated": 20,
    "truncated": 0
  },
  "final_policy_component_evaluation": {
    "attitude_penalty": {
      "episode_sum_mean": -0.24116937906552335,
      "episode_abs_sum_mean": 0.24116937906552335,
      "signed_contribution_share": -0.0029263387580079113,
      "magnitude_share": 0.0029263387580079113,
      "active_rate": 1.0
    },
    "landing_proxy": {
      "episode_sum_mean": 72.10012628226701,
      "episode_abs_sum_mean": 72.10012628226701,
      "signed_contribution_share": 0.8748597969385619,
      "magnitude_share": 0.8748597969385619,
      "active_rate": 0.06628991747398637
    },
    "progress_reward": {
      "episode_sum_mean": 6.906195642784486,
      "episode_abs_sum_mean": 7.223919864265135,
      "signed_contribution_share": 0.08379947760438848,
      "magnitude_share": 0.08765472949117177,
      "active_rate": 0.9736275565123789
    },
    "velocity_penalty": {
      "episode_sum_mean": -2.848134058610432,
      "episode_abs_sum_mean": 2.848134058610432,
      "signed_contribution_share": -0.03455913481225845,
      "magnitude_share": 0.03455913481225845,
      "active_rate": 0.9753318980983136
    }
  },
  "final_policy_component_error_count": 0
}