{
  "eval_episodes": 20,
  "eval_seed_offset": 10000,
  "eval_seeds": [
    10000,
    10001,
    10002,
    10003,
    10004,
    10005,
    10006,
    10007,
    10008,
    10009,
    10010,
    10011,
    10012,
    10013,
    10014,
    10015,
    10016,
    10017,
    10018,
    10019
  ],
  "episode_rewards": [
    -109.4635048033108,
    -120.10336502211322,
    -117.70964556959319,
    -110.32723209919018,
    -110.10681280113519,
    -116.68640243352101,
    -112.05054060697594,
    -109.77086088242007,
    -118.96874153039101,
    -114.34223649350037,
    -95.05909309317079,
    -103.25218506269124,
    -128.93166440576462,
    -119.12299383732588,
    -103.79102505005059,
    -105.21513103026194,
    -111.80662566871285,
    -93.54320517112089,
    -106.89511814832781,
    -128.04990243758414
  ],
  "episode_lengths": [
    57,
    76,
    81,
    61,
    83,
    74,
    79,
    81,
    76,
    74,
    52,
    60,
    67,
    69,
    60,
    82,
    62,
    54,
    54,
    68
  ],
  "episode_terminated": [
    true,
    true,
    true,
    true,
    true,
    true,
    true,
    true,
    true,
    true,
    true,
    true,
    true,
    true,
    true,
    true,
    true,
    true,
    true,
    true
  ],
  "mean_eval_reward": -111.75981430735808,
  "mean_episode_length": 68.5,
  "min_eval_reward": -128.93166440576462,
  "max_eval_reward": -93.54320517112089,
  "termination_breakdown": {
    "terminated": 20,
    "truncated": 0
  },
  "final_policy_component_evaluation": {
    "progress": {
      "episode_sum_mean": 1.1198245246588332,
      "episode_abs_sum_mean": 1.1598001302209953,
      "signed_contribution_share": 0.3706815395185513,
      "magnitude_share": 0.38391416542258133,
      "active_rate": 1.0
    },
    "soft_landing_bonus": {
      "episode_sum_mean": 0.9,
      "episode_abs_sum_mean": 0.9,
      "signed_contribution_share": 0.29791577003400166,
      "magnitude_share": 0.29791577003400166,
      "active_rate": 0.006569343065693431
    },
    "stability_penalty": {
      "episode_sum_mean": -0.9611879829536828,
      "episode_abs_sum_mean": 0.9611879829536828,
      "signed_contribution_share": -0.31817006454341695,
      "magnitude_share": 0.31817006454341695,
      "active_rate": 1.0
    }
  },
  "final_policy_component_error_count": 0
}