{
  "eval_episodes": 10,
  "episode_rewards": [
    -117.29158582304134,
    -105.00246042294563,
    -107.11093605835313,
    -105.41612719710167,
    -114.11212779391974,
    -124.07914894482107,
    -108.46072830712629,
    -119.79091111306334,
    -111.67842102395389,
    -95.05909309317079
  ],
  "episode_lengths": [
    76,
    81,
    61,
    83,
    74,
    78,
    81,
    76,
    74,
    52
  ],
  "mean_eval_reward": -110.80015397774969,
  "mean_episode_length": 73.6,
  "min_eval_reward": -124.07914894482107,
  "max_eval_reward": -95.05909309317079
}