{
  "runner_env_id": "LunarLander-v3",
  "reward_path": "runs\\env_001\\exp_v4\\seed_1\\iter_05\\generation\\reward_v1.py",
  "run_name": "exp_v4/seed_1/iter_05/training",
  "n_envs": 4,
  "total_timesteps": 1000000,
  "reward_clip": 20.0,
  "error_fallback": "zero",
  "ppo_args": {
    "policy": "MlpPolicy",
    "verbose": "1",
    "device": "auto",
    "seed": "1",
    "n_steps": "1024",
    "batch_size": "64",
    "gae_lambda": "0.98",
    "gamma": "0.999",
    "n_epochs": "4",
    "ent_coef": "0.01",
    "tensorboard_log": "runs/env_001/tensorboard"
  },
  "model_path": "runs\\env_001\\exp_v4\\seed_1\\iter_05\\training\\model.zip",
  "monitor_dir": "runs\\env_001\\exp_v4\\seed_1\\iter_05\\training\\monitor",
  "tensorboard_log": "runs/env_001/tensorboard",
  "external_eval": {
    "eval_episodes": 10,
    "episode_rewards": [
      -117.29158582304134,
      -105.00246042294563,
      -107.11093605835313,
      -105.41612719710167,
      -114.11212779391974,
      -124.07914894482107,
      -108.46072830712629,
      -119.79091111306334,
      -111.67842102395389,
      -95.05909309317079
    ],
    "episode_lengths": [
      76,
      81,
      61,
      83,
      74,
      78,
      81,
      76,
      74,
      52
    ],
    "mean_eval_reward": -110.80015397774969,
    "mean_episode_length": 73.6,
    "min_eval_reward": -124.07914894482107,
    "max_eval_reward": -95.05909309317079
  },
  "component_summary": {
    "steps_seen": 1003520,
    "reward_error_count_max": 0,
    "component_stats": {
      "component.action_penalty": {
        "count": 1003520,
        "mean": -0.006406947544657431,
        "abs_mean": 0.006406947544657431,
        "nonzero_rate": 0.12813895089285715,
        "min": -0.05,
        "max": 0.0
      },
      "component.progress_reward": {
        "count": 1003520,
        "mean": 0.08081662622314757,
        "abs_mean": 0.0854417086401814,
        "nonzero_rate": 0.9999930245535714,
        "min": -0.20372921228408813,
        "max": 0.2112911343574524
      },
      "component.soft_landing_bonus": {
        "count": 1003520,
        "mean": 0.00981544961734694,
        "abs_mean": 0.00981544961734694,
        "nonzero_rate": 0.00490772480867347,
        "min": 0.0,
        "max": 2.0
      },
      "component.stability_penalty": {
        "count": 1003520,
        "mean": -0.34402885007842804,
        "abs_mean": 0.34402885007842804,
        "nonzero_rate": 1.0,
        "min": -2.51198673248291,
        "max": -1.5913130937406095e-06
      },
      "component.total_reward": {
        "count": 1003520,
        "mean": -0.25980372232867177,
        "abs_mean": 0.2785300590892896,
        "nonzero_rate": 1.0,
        "min": -2.5383565425872803,
        "max": 2.0012319087982178
      },
      "generated_reward": {
        "count": 1003520,
        "mean": -0.25980372232867177,
        "abs_mean": 0.2785300590892896,
        "nonzero_rate": 1.0,
        "min": -2.5383565425872803,
        "max": 2.0012319087982178
      },
      "original_env_reward": {
        "count": 1003520,
        "mean": -1.5881846296557092,
        "abs_mean": 2.306277124556174,
        "nonzero_rate": 1.0,
        "min": -100.0,
        "max": 139.17375897713472
      }
    }
  }
}