{
  "eval_episodes": 10,
  "episode_rewards": [
    -114.14336788709971,
    -105.43509179990585,
    -105.1863581572465,
    -112.72924141203166,
    -93.81297537142484,
    -111.80933975042878,
    -114.76629299624642,
    -81.67233367849988,
    -88.94511994913435,
    -84.07531907845741
  ],
  "episode_lengths": [
    81,
    61,
    83,
    74,
    79,
    81,
    76,
    75,
    52,
    60
  ],
  "mean_eval_reward": -101.25754400804755,
  "mean_episode_length": 72.2,
  "min_eval_reward": -114.76629299624642,
  "max_eval_reward": -81.67233367849988
}