{
  "eval_episodes": 20,
  "eval_seed_offset": 10000,
  "eval_seeds": [
    10000,
    10001,
    10002,
    10003,
    10004,
    10005,
    10006,
    10007,
    10008,
    10009,
    10010,
    10011,
    10012,
    10013,
    10014,
    10015,
    10016,
    10017,
    10018,
    10019
  ],
  "episode_rewards": [
    -32.49275863638087,
    -78.04357508388327,
    -35.69345375422324,
    -110.57926522714217,
    196.36388743075088,
    -74.99234978454167,
    11.402792422020367,
    -101.29854733187824,
    -130.355526272922,
    -40.24595359049295,
    -61.821364811951824,
    -62.532292738214295,
    -48.515960421801296,
    -81.31251379528383,
    -188.20060095717417,
    -129.83402706010648,
    -83.72029757911419,
    -94.91444453087303,
    -32.16036542620627,
    -95.76250318505173
  ],
  "episode_lengths": [
    1000,
    129,
    127,
    369,
    350,
    1000,
    1000,
    167,
    361,
    1000,
    223,
    250,
    510,
    128,
    897,
    1000,
    1000,
    207,
    1000,
    1000
  ],
  "episode_terminated": [
    false,
    true,
    true,
    true,
    true,
    false,
    false,
    true,
    true,
    false,
    true,
    true,
    true,
    true,
    true,
    false,
    false,
    true,
    false,
    false
  ],
  "mean_eval_reward": -63.73545601672351,
  "mean_episode_length": 585.9,
  "min_eval_reward": -188.20060095717417,
  "max_eval_reward": 196.36388743075088,
  "termination_breakdown": {
    "terminated": 12,
    "truncated": 8
  },
  "final_policy_component_evaluation": {
    "progress_reward": {
      "episode_sum_mean": 0.6951332370039615,
      "episode_abs_sum_mean": 1.5475153294803958,
      "signed_contribution_share": 0.008913653358818443,
      "magnitude_share": 0.019843699711293402,
      "active_rate": 0.9986345792797405
    },
    "soft_landing_proxy": {
      "episode_sum_mean": 76.4377067810758,
      "episode_abs_sum_mean": 76.4377067810758,
      "signed_contribution_share": 0.9801563002887067,
      "magnitude_share": 0.9801563002887067,
      "active_rate": 0.9288274449564772
    }
  },
  "final_policy_component_error_count": 0
}