{
  "eval_episodes": 5,
  "eval_seed_offset": 10000,
  "eval_seeds": [
    10000,
    10001,
    10002,
    10003,
    10004
  ],
  "episode_rewards": [
    -97.21658658950403,
    -97.15822315865134,
    -93.96310166327096,
    -97.06684070251137,
    -97.09664124063775
  ],
  "episode_lengths": [
    74,
    73,
    106,
    75,
    73
  ],
  "episode_terminated": [
    true,
    true,
    true,
    true,
    true
  ],
  "mean_eval_reward": -96.5002786709151,
  "mean_episode_length": 80.2,
  "min_eval_reward": -97.21658658950403,
  "max_eval_reward": -93.96310166327096,
  "termination_breakdown": {
    "terminated": 5,
    "truncated": 0
  },
  "final_policy_component_evaluation": {
    "progress_reward": {
      "episode_sum_mean": 10.6213092306396,
      "episode_abs_sum_mean": 10.668752316362225,
      "signed_contribution_share": 0.5099537550821607,
      "magnitude_share": 0.5122316079524213,
      "active_rate": 1.0
    },
    "stability_penalty": {
      "episode_sum_mean": -10.15923281912983,
      "episode_abs_sum_mean": 10.15923281912983,
      "signed_contribution_share": -0.48776839204757866,
      "magnitude_share": 0.48776839204757866,
      "active_rate": 1.0
    }
  },
  "final_policy_component_error_count": 0
}