{
  "eval_episodes": 20,
  "eval_seed_offset": 10000,
  "eval_seeds": [
    10000,
    10001,
    10002,
    10003,
    10004,
    10005,
    10006,
    10007,
    10008,
    10009,
    10010,
    10011,
    10012,
    10013,
    10014,
    10015,
    10016,
    10017,
    10018,
    10019
  ],
  "episode_rewards": [
    243.33560338508516,
    255.45682142366468,
    264.1479626205678,
    224.93730991795925,
    233.8671876638089,
    224.33474291460962,
    250.34117181655787,
    229.6574609163696,
    219.4175243015778,
    262.3196718869388,
    265.79808775453887,
    264.5263000853446,
    247.47830064922763,
    267.8801618385343,
    229.6393462267443,
    218.0506356154674,
    209.1626887782868,
    261.3234698019769,
    232.08132964674002,
    213.48539846040032
  ],
  "episode_lengths": [
    272,
    383,
    304,
    473,
    525,
    372,
    344,
    525,
    506,
    348,
    278,
    358,
    728,
    279,
    736,
    685,
    614,
    272,
    730,
    632
  ],
  "episode_terminated": [
    true,
    true,
    true,
    true,
    true,
    true,
    true,
    true,
    true,
    true,
    true,
    true,
    true,
    true,
    true,
    true,
    true,
    true,
    true,
    true
  ],
  "mean_eval_reward": 240.86205878522003,
  "mean_episode_length": 468.2,
  "min_eval_reward": 209.1626887782868,
  "max_eval_reward": 267.8801618385343,
  "termination_breakdown": {
    "terminated": 20,
    "truncated": 0
  },
  "final_policy_component_evaluation": {
    "angvel_penalty": {
      "episode_sum_mean": -0.09390654467238563,
      "episode_abs_sum_mean": 0.09390654467238563,
      "signed_contribution_share": -0.00045010495616906943,
      "magnitude_share": 0.00045010495616906943,
      "active_rate": 0.6258009397693294
    },
    "engine_penalty": {
      "episode_sum_mean": -0.44355000000000033,
      "episode_abs_sum_mean": 0.44355000000000033,
      "signed_contribution_share": -0.0021259865753265085,
      "magnitude_share": 0.0021259865753265085,
      "active_rate": 0.9473515591627509
    },
    "landing_reward": {
      "episode_sum_mean": 197.8,
      "episode_abs_sum_mean": 197.8,
      "signed_contribution_share": 0.9480783329942127,
      "magnitude_share": 0.9480783329942127,
      "active_rate": 0.42246903032891925
    },
    "orientation_penalty": {
      "episode_sum_mean": -0.16375709855718362,
      "episode_abs_sum_mean": 0.16375709855718362,
      "signed_contribution_share": -0.0007849067594340932,
      "magnitude_share": 0.0007849067594340932,
      "active_rate": 1.0
    },
    "target_proximity": {
      "episode_sum_mean": -8.407849081313516,
      "episode_abs_sum_mean": 8.407849081313516,
      "signed_contribution_share": -0.04029979545540263,
      "magnitude_share": 0.04029979545540263,
      "active_rate": 1.0
    },
    "velocity_penalty": {
      "episode_sum_mean": -1.7234870514968232,
      "episode_abs_sum_mean": 1.7234870514968232,
      "signed_contribution_share": -0.0082608732594551,
      "magnitude_share": 0.0082608732594551,
      "active_rate": 0.979175565997437
    }
  },
  "final_policy_component_error_count": 0
}