{
  "eval_episodes": 20,
  "eval_seed_offset": 10000,
  "eval_seeds": [
    10000,
    10001,
    10002,
    10003,
    10004,
    10005,
    10006,
    10007,
    10008,
    10009,
    10010,
    10011,
    10012,
    10013,
    10014,
    10015,
    10016,
    10017,
    10018,
    10019
  ],
  "episode_rewards": [
    299.87404183603616,
    299.7963802678557,
    299.31317682291876,
    298.54226820911043,
    301.78325594536693,
    300.452838740621,
    299.63476415213614,
    298.25371070945437,
    299.0817380030942,
    299.7520850867365,
    299.3449046420925,
    298.7797899941247,
    299.99159528028366,
    297.9015453684031,
    302.7189782525075,
    301.0325277103779,
    73.29910220260632,
    299.25449553952774,
    140.53313737306476,
    300.66333901303574
  ],
  "episode_lengths": [
    937,
    935,
    934,
    946,
    927,
    937,
    935,
    945,
    931,
    935,
    947,
    950,
    928,
    944,
    904,
    907,
    600,
    934,
    765,
    922
  ],
  "episode_terminated": [
    true,
    true,
    true,
    true,
    true,
    true,
    true,
    true,
    true,
    true,
    true,
    true,
    true,
    true,
    true,
    true,
    true,
    true,
    true,
    true
  ],
  "mean_eval_reward": 280.5001837574677,
  "mean_episode_length": 908.15,
  "min_eval_reward": 73.29910220260632,
  "max_eval_reward": 302.7189782525075,
  "termination_breakdown": {
    "terminated": 20,
    "truncated": 0
  },
  "final_policy_component_evaluation": {
    "forward_reward": {
      "episode_sum_mean": 489.2388622061752,
      "episode_abs_sum_mean": 489.3861527579121,
      "signed_contribution_share": 0.9467291113864942,
      "magnitude_share": 0.9470141342330699,
      "active_rate": 1.0
    },
    "stability_penalty": {
      "episode_sum_mean": -27.381374850571415,
      "episode_abs_sum_mean": 27.381374850571415,
      "signed_contribution_share": -0.052985865766930026,
      "magnitude_share": 0.052985865766930026,
      "active_rate": 1.0
    }
  },
  "final_policy_component_error_count": 0
}