{
  "eval_episodes": 20,
  "eval_seed_offset": 10000,
  "eval_seeds": [
    10000,
    10001,
    10002,
    10003,
    10004,
    10005,
    10006,
    10007,
    10008,
    10009,
    10010,
    10011,
    10012,
    10013,
    10014,
    10015,
    10016,
    10017,
    10018,
    10019
  ],
  "episode_rewards": [
    -97.61339335860609,
    -120.01454726598678,
    -109.48602428187968,
    -106.92688202339731,
    -105.65433942691732,
    -110.16813275323643,
    -125.66966150173886,
    -111.48844737189745,
    -110.32393217912455,
    -111.13070386198163,
    -96.20219327769766,
    -103.61363516990788,
    -125.65498632814757,
    -122.75110363017959,
    -103.91826937182645,
    -98.77041114934772,
    -106.91034532060802,
    -91.62662775145618,
    -90.1330678084199,
    -125.71473979027627
  ],
  "episode_lengths": [
    57,
    76,
    81,
    61,
    83,
    74,
    78,
    81,
    76,
    74,
    52,
    60,
    67,
    69,
    60,
    82,
    62,
    54,
    54,
    68
  ],
  "episode_terminated": [
    true,
    true,
    true,
    true,
    true,
    true,
    true,
    true,
    true,
    true,
    true,
    true,
    true,
    true,
    true,
    true,
    true,
    true,
    true,
    true
  ],
  "mean_eval_reward": -108.68857218113166,
  "mean_episode_length": 68.45,
  "min_eval_reward": -125.71473979027627,
  "max_eval_reward": -90.1330678084199,
  "termination_breakdown": {
    "terminated": 20,
    "truncated": 0
  },
  "final_policy_component_evaluation": {
    "landing_bonus": {
      "episode_sum_mean": 3.0,
      "episode_abs_sum_mean": 3.0,
      "signed_contribution_share": 0.338324677283986,
      "magnitude_share": 0.338324677283986,
      "active_rate": 0.004382761139517896
    },
    "progress_reward": {
      "episode_sum_mean": 1.1196182373647925,
      "episode_abs_sum_mean": 1.1593835703382664,
      "signed_contribution_share": 0.12626482627923624,
      "magnitude_share": 0.13074935742768318,
      "active_rate": 1.0
    },
    "stability_penalty": {
      "episode_sum_mean": -4.707838365949381,
      "episode_abs_sum_mean": 4.707838365949381,
      "signed_contribution_share": -0.5309259652883308,
      "magnitude_share": 0.5309259652883308,
      "active_rate": 1.0
    }
  },
  "final_policy_component_error_count": 0
}