{
  "eval_episodes": 20,
  "eval_seed_offset": 10000,
  "eval_seeds": [
    10000,
    10001,
    10002,
    10003,
    10004,
    10005,
    10006,
    10007,
    10008,
    10009,
    10010,
    10011,
    10012,
    10013,
    10014,
    10015,
    10016,
    10017,
    10018,
    10019
  ],
  "episode_rewards": [
    -146.06378313468323,
    -37.43535031588476,
    -89.74899022437538,
    -56.789895605990765,
    -41.40192465305667,
    -49.9084193042232,
    -139.6581566305835,
    -23.5836310521185,
    -59.86237174770936,
    -26.181595662789427,
    -4.212042841640367,
    -14.157149191797643,
    -14.074281866589946,
    -106.3850197656968,
    -39.36728713840219,
    -60.026110312565926,
    -66.31997189299219,
    -113.74932426052688,
    -146.57693099749093,
    -54.53122792367059
  ],
  "episode_lengths": [
    867,
    1000,
    809,
    1000,
    1000,
    1000,
    829,
    1000,
    1000,
    1000,
    1000,
    1000,
    1000,
    862,
    1000,
    1000,
    1000,
    775,
    878,
    1000
  ],
  "episode_terminated": [
    true,
    false,
    true,
    false,
    false,
    false,
    true,
    false,
    false,
    false,
    false,
    false,
    false,
    true,
    false,
    false,
    false,
    true,
    true,
    false
  ],
  "mean_eval_reward": -64.50167322613942,
  "mean_episode_length": 951,
  "min_eval_reward": -146.57693099749093,
  "max_eval_reward": -4.212042841640367,
  "termination_breakdown": {
    "terminated": 6,
    "truncated": 14
  },
  "final_policy_component_evaluation": {
    "distance_reward": {
      "episode_sum_mean": 649.2503270429157,
      "episode_abs_sum_mean": 649.2503270429157,
      "signed_contribution_share": 0.663273222580524,
      "magnitude_share": 0.663273222580524,
      "active_rate": 1.0
    },
    "landing_proxy": {
      "episode_sum_mean": 323.74020898038395,
      "episode_abs_sum_mean": 323.74020898038395,
      "signed_contribution_share": 0.33073254297354854,
      "magnitude_share": 0.33073254297354854,
      "active_rate": 0.8995793901156677
    },
    "stability_penalty": {
      "episode_sum_mean": -5.86750458468548,
      "episode_abs_sum_mean": 5.86750458468548,
      "signed_contribution_share": -0.005994234445927496,
      "magnitude_share": 0.005994234445927496,
      "active_rate": 1.0
    }
  },
  "final_policy_component_error_count": 0
}