{
  "eval_episodes": 20,
  "eval_seed_offset": 10000,
  "eval_seeds": [
    10000,
    10001,
    10002,
    10003,
    10004,
    10005,
    10006,
    10007,
    10008,
    10009,
    10010,
    10011,
    10012,
    10013,
    10014,
    10015,
    10016,
    10017,
    10018,
    10019
  ],
  "episode_rewards": [
    -3228.327561394439,
    -2158.690817170756,
    -2777.4816059903796,
    -2597.501192530476,
    -2293.0825301757795,
    -2211.3884093117417,
    -3492.4680428493302,
    -1977.0897120021575,
    -2472.082129858877,
    -918.296583366312,
    -2456.7769952371304,
    -3361.475477541552,
    -995.1490717264304,
    -5139.980451674521,
    -2794.3891344593208,
    -4054.5762442896794,
    -2467.5494256416264,
    -1695.375896125172,
    -1137.1807054409385,
    -1199.86651356004
  ],
  "episode_lengths": [
    392,
    269,
    324,
    294,
    282,
    295,
    372,
    268,
    295,
    157,
    344,
    391,
    183,
    495,
    346,
    380,
    313,
    281,
    200,
    186
  ],
  "episode_terminated": [
    true,
    true,
    true,
    true,
    true,
    true,
    true,
    true,
    true,
    true,
    true,
    true,
    true,
    true,
    true,
    true,
    true,
    true,
    true,
    true
  ],
  "mean_eval_reward": -2471.436425017333,
  "mean_episode_length": 303.35,
  "min_eval_reward": -5139.980451674521,
  "max_eval_reward": -918.296583366312,
  "termination_breakdown": {
    "terminated": 20,
    "truncated": 0
  },
  "final_policy_component_evaluation": {
    "energy_penalty": {
      "episode_sum_mean": -3.0334999999999783,
      "episode_abs_sum_mean": 3.0334999999999783,
      "signed_contribution_share": -0.676395800519271,
      "magnitude_share": 0.676395800519271,
      "active_rate": 1.0
    },
    "landing_improvement": {
      "episode_sum_mean": 1.414203107610375,
      "episode_abs_sum_mean": 1.414203107610375,
      "signed_contribution_share": 0.3153324684585354,
      "magnitude_share": 0.3153324684585354,
      "active_rate": 0.5150815889236855
    },
    "proximity": {
      "episode_sum_mean": 0.037097060680389406,
      "episode_abs_sum_mean": 0.037097060680389406,
      "signed_contribution_share": 0.008271731022193553,
      "magnitude_share": 0.008271731022193553,
      "active_rate": 0.02851491676281523
    },
    "terminal_velocity_penalty": {
      "episode_sum_mean": 0.0,
      "episode_abs_sum_mean": 0.0,
      "signed_contribution_share": 0.0,
      "magnitude_share": 0.0,
      "active_rate": 0.0
    }
  },
  "final_policy_component_error_count": 0
}