{
  "eval_episodes": 20,
  "eval_seed_offset": 10000,
  "eval_seeds": [
    10000,
    10001,
    10002,
    10003,
    10004,
    10005,
    10006,
    10007,
    10008,
    10009,
    10010,
    10011,
    10012,
    10013,
    10014,
    10015,
    10016,
    10017,
    10018,
    10019
  ],
  "episode_rewards": [
    -99.03619318469296,
    -109.71877251691664,
    -123.98922553970512,
    -107.69458268315708,
    -107.04331274028293,
    -114.66136283011448,
    -122.78345799254245,
    -113.7833177987299,
    -116.20240310281156,
    -110.54725500110604,
    -100.0483936014431,
    -102.31460681066118,
    -123.71704362342923,
    -118.30203511186578,
    -105.59588681914663,
    -102.20731688598806,
    -107.13197864784075,
    -105.56273693116539,
    -99.61809736106197,
    -124.52301353303872
  ],
  "episode_lengths": [
    57,
    77,
    81,
    61,
    83,
    74,
    78,
    81,
    76,
    74,
    52,
    60,
    67,
    69,
    60,
    82,
    62,
    54,
    54,
    68
  ],
  "episode_terminated": [
    true,
    true,
    true,
    true,
    true,
    true,
    true,
    true,
    true,
    true,
    true,
    true,
    true,
    true,
    true,
    true,
    true,
    true,
    true,
    true
  ],
  "mean_eval_reward": -110.724049635785,
  "mean_episode_length": 68.5,
  "min_eval_reward": -124.52301353303872,
  "max_eval_reward": -99.03619318469296,
  "termination_breakdown": {
    "terminated": 20,
    "truncated": 0
  },
  "final_policy_component_evaluation": {
    "distance_reward": {
      "episode_sum_mean": 5.606579942592546,
      "episode_abs_sum_mean": 5.8071157868666505,
      "signed_contribution_share": 0.38892442248350056,
      "magnitude_share": 0.40283544992271375,
      "active_rate": 1.0
    },
    "landing_quality": {
      "episode_sum_mean": 6.33552020195227,
      "episode_abs_sum_mean": 7.57754701480802,
      "signed_contribution_share": 0.43949048455687195,
      "magnitude_share": 0.5256489922112862,
      "active_rate": 0.16715328467153284
    },
    "stability_penalty": {
      "episode_sum_mean": -1.030939866811379,
      "episode_abs_sum_mean": 1.030939866811379,
      "signed_contribution_share": -0.07151555786600007,
      "magnitude_share": 0.07151555786600007,
      "active_rate": 1.0
    }
  },
  "final_policy_component_error_count": 0
}