{
  "eval_episodes": 20,
  "eval_seed_offset": 10000,
  "eval_seeds": [
    10000,
    10001,
    10002,
    10003,
    10004,
    10005,
    10006,
    10007,
    10008,
    10009,
    10010,
    10011,
    10012,
    10013,
    10014,
    10015,
    10016,
    10017,
    10018,
    10019
  ],
  "episode_rewards": [
    70.06412724560202,
    77.89421558167908,
    266.8249035809425,
    65.50014409244389,
    97.91179970361311,
    98.84722956952136,
    122.76767013862607,
    136.1590391331052,
    55.395531924016765,
    81.10816883714773,
    102.44079757088396,
    114.35997021248133,
    267.6783220674221,
    105.94173949675012,
    75.75487644230645,
    199.33527228346622,
    54.18867160003623,
    206.41781229847035,
    52.92115593703614,
    38.47390487264175
  ],
  "episode_lengths": [
    1000,
    1000,
    538,
    1000,
    1000,
    1000,
    1000,
    1000,
    1000,
    1000,
    1000,
    1000,
    239,
    1000,
    1000,
    584,
    1000,
    782,
    1000,
    1000
  ],
  "episode_terminated": [
    false,
    false,
    true,
    false,
    false,
    false,
    false,
    false,
    false,
    false,
    false,
    false,
    true,
    false,
    false,
    true,
    false,
    true,
    false,
    false
  ],
  "mean_eval_reward": 114.49926762940962,
  "mean_episode_length": 907.15,
  "min_eval_reward": 38.47390487264175,
  "max_eval_reward": 267.6783220674221,
  "termination_breakdown": {
    "terminated": 4,
    "truncated": 16
  },
  "final_policy_component_evaluation": {
    "fuel_penalty": {
      "episode_sum_mean": -13.952999999999792,
      "episode_abs_sum_mean": 13.952999999999792,
      "signed_contribution_share": -0.025557578853628783,
      "magnitude_share": 0.025557578853628783,
      "active_rate": 0.7690569365595546
    },
    "progress_reward": {
      "episode_sum_mean": 2.6728190209454623,
      "episode_abs_sum_mean": 3.2754746815160614,
      "signed_contribution_share": 0.0048957774592771125,
      "magnitude_share": 0.005999656163972809,
      "active_rate": 0.9974094692167779
    },
    "safe_contact_bonus": {
      "episode_sum_mean": 521.6885813236237,
      "episode_abs_sum_mean": 521.6885813236237,
      "signed_contribution_share": 0.9555720672411985,
      "magnitude_share": 0.9555720672411985,
      "active_rate": 0.08295210273934851
    },
    "stability_penalty": {
      "episode_sum_mean": -7.02667676822849,
      "episode_abs_sum_mean": 7.02667676822849,
      "signed_contribution_share": -0.012870697741200011,
      "magnitude_share": 0.012870697741200011,
      "active_rate": 1.0
    }
  },
  "final_policy_component_error_count": 0
}