{
  "eval_episodes": 10,
  "episode_rewards": [
    -104.74522499778213,
    -114.81370339472721,
    -104.98409988414443,
    -107.11093605835313,
    -105.6038972293608,
    -113.42040104094406,
    -87.99682171228143,
    -108.96598268234169,
    -114.85992057223021,
    -108.47552261619052
  ],
  "episode_lengths": [
    57,
    76,
    81,
    61,
    83,
    74,
    79,
    81,
    76,
    74
  ],
  "mean_eval_reward": -107.09765101883556,
  "mean_episode_length": 74.2,
  "min_eval_reward": -114.85992057223021,
  "max_eval_reward": -87.99682171228143
}