{
  "eval_episodes": 10,
  "episode_rewards": [
    -110.06072604280826,
    -120.10336502211322,
    -116.52581126411792,
    -110.1422520567894,
    -105.79151667590423,
    -130.74661246230815,
    -124.07914894482107,
    -108.46072830712629,
    -119.79091111306334,
    -109.54364561791985
  ],
  "episode_lengths": [
    57,
    76,
    81,
    61,
    83,
    74,
    78,
    81,
    76,
    74
  ],
  "mean_eval_reward": -115.52447175069717,
  "mean_episode_length": 74.1,
  "min_eval_reward": -130.74661246230815,
  "max_eval_reward": -105.79151667590423
}