{
  "eval_episodes": 20,
  "eval_seed_offset": 10000,
  "eval_seeds": [
    10000,
    10001,
    10002,
    10003,
    10004,
    10005,
    10006,
    10007,
    10008,
    10009,
    10010,
    10011,
    10012,
    10013,
    10014,
    10015,
    10016,
    10017,
    10018,
    10019
  ],
  "episode_rewards": [
    -3.7035948445786646,
    4.53053060764077,
    33.25224580902801,
    -26.995374956235764,
    -11.150315594075341,
    136.80387489737734,
    11.92814527571362,
    9.113783901181595,
    -34.721913837025895,
    20.721134222782077,
    194.72685893458788,
    -2.6744433472890075,
    148.62710502096073,
    150.05379453398157,
    -13.41676633275535,
    -14.273331157926155,
    -25.288696384757074,
    1.3412817139179425,
    126.04541827101349,
    -12.11811299372123
  ],
  "episode_lengths": [
    1000,
    1000,
    1000,
    1000,
    1000,
    665,
    1000,
    1000,
    1000,
    1000,
    669,
    1000,
    834,
    992,
    1000,
    1000,
    1000,
    1000,
    943,
    1000
  ],
  "episode_terminated": [
    false,
    false,
    false,
    false,
    false,
    true,
    false,
    false,
    false,
    false,
    true,
    false,
    true,
    true,
    false,
    false,
    false,
    false,
    true,
    false
  ],
  "mean_eval_reward": 34.640081186991026,
  "mean_episode_length": 955.15,
  "min_eval_reward": -34.721913837025895,
  "max_eval_reward": 194.72685893458788,
  "termination_breakdown": {
    "terminated": 5,
    "truncated": 15
  },
  "final_policy_component_evaluation": {
    "approach_improvement": {
      "episode_sum_mean": 13.823479948565364,
      "episode_abs_sum_mean": 13.823479948565364,
      "signed_contribution_share": 0.1818385960823252,
      "magnitude_share": 0.1818385960823252,
      "active_rate": 0.7920221954666806
    },
    "contact_reward": {
      "episode_sum_mean": 60.3,
      "episode_abs_sum_mean": 60.3,
      "signed_contribution_share": 0.7932060077898236,
      "magnitude_share": 0.7932060077898236,
      "active_rate": 0.021043815107574727
    },
    "soft_landing_velocity": {
      "episode_sum_mean": -1.373955180948506,
      "episode_abs_sum_mean": 1.373955180948506,
      "signed_contribution_share": -0.018073457777152722,
      "magnitude_share": 0.018073457777152722,
      "active_rate": 0.9990053918232739
    },
    "upright_stabilization": {
      "episode_sum_mean": -0.5231691117713703,
      "episode_abs_sum_mean": 0.5231691117713703,
      "signed_contribution_share": -0.006881938350698452,
      "magnitude_share": 0.006881938350698452,
      "active_rate": 1.0
    }
  },
  "final_policy_component_error_count": 0
}