{
  "eval_episodes": 20,
  "eval_seed_offset": 10000,
  "eval_seeds": [
    10000,
    10001,
    10002,
    10003,
    10004,
    10005,
    10006,
    10007,
    10008,
    10009,
    10010,
    10011,
    10012,
    10013,
    10014,
    10015,
    10016,
    10017,
    10018,
    10019
  ],
  "episode_rewards": [
    -113.82959198828176,
    -39.72000303397455,
    94.85835348290742,
    140.28183095993506,
    -201.25854868982015,
    130.55452777895664,
    -112.72310163255415,
    12.150003324725452,
    -150.72878768469297,
    -76.92668071131894,
    -63.74986277218484,
    -104.23648526006265,
    -102.69502488269754,
    27.970929913281072,
    -157.8192036480629,
    -181.77785627688667,
    -168.13826706997915,
    -29.205271525480068,
    -148.4488388848776,
    98.17455168937059
  ],
  "episode_lengths": [
    377,
    1000,
    1000,
    558,
    891,
    565,
    387,
    1000,
    605,
    331,
    266,
    340,
    365,
    1000,
    507,
    651,
    512,
    1000,
    487,
    728
  ],
  "episode_terminated": [
    true,
    false,
    false,
    true,
    true,
    true,
    true,
    false,
    true,
    true,
    true,
    true,
    true,
    false,
    true,
    true,
    true,
    false,
    true,
    true
  ],
  "mean_eval_reward": -57.363366345584886,
  "mean_episode_length": 628.5,
  "min_eval_reward": -201.25854868982015,
  "max_eval_reward": 140.28183095993506,
  "termination_breakdown": {
    "terminated": 15,
    "truncated": 5
  },
  "final_policy_component_evaluation": {
    "distance_penalty": {
      "episode_sum_mean": -335.2736229043454,
      "episode_abs_sum_mean": 335.2736229043454,
      "signed_contribution_share": -0.2114438779566385,
      "magnitude_share": 0.2114438779566385,
      "active_rate": 1.0
    },
    "landing_proxy": {
      "episode_sum_mean": 1236.415922254324,
      "episode_abs_sum_mean": 1236.415922254324,
      "signed_contribution_share": 0.7797588581651572,
      "magnitude_share": 0.7797588581651572,
      "active_rate": 1.0
    },
    "orientation_penalty": {
      "episode_sum_mean": -9.65504875880506,
      "episode_abs_sum_mean": 9.65504875880506,
      "signed_contribution_share": -0.0060890592398454724,
      "magnitude_share": 0.0060890592398454724,
      "active_rate": 1.0
    },
    "success_bonus": {
      "episode_sum_mean": 0.0,
      "episode_abs_sum_mean": 0.0,
      "signed_contribution_share": 0.0,
      "magnitude_share": 0.0,
      "active_rate": 0.0
    },
    "velocity_penalty": {
      "episode_sum_mean": -4.294234429691627,
      "episode_abs_sum_mean": 4.294234429691627,
      "signed_contribution_share": -0.0027082046383588116,
      "magnitude_share": 0.0027082046383588116,
      "active_rate": 0.9997613365155131
    }
  },
  "final_policy_component_error_count": 0
}