{
  "eval_episodes": 20,
  "eval_seed_offset": 10000,
  "eval_seeds": [
    10000,
    10001,
    10002,
    10003,
    10004,
    10005,
    10006,
    10007,
    10008,
    10009,
    10010,
    10011,
    10012,
    10013,
    10014,
    10015,
    10016,
    10017,
    10018,
    10019
  ],
  "episode_rewards": [
    304.28768073101605,
    305.6279200624912,
    305.50950352902026,
    306.6101377131981,
    307.89638809139865,
    307.0606665767888,
    144.05045150944537,
    306.38415882129846,
    306.5558472208626,
    306.8748229778407,
    304.45136995629406,
    304.6634453424999,
    302.20603171197723,
    304.89960323476384,
    303.1522512921228,
    306.6262929682173,
    305.33224558741585,
    306.08755508770287,
    308.77035953564575,
    304.29159218708713
  ],
  "episode_lengths": [
    1021,
    988,
    1008,
    1020,
    1012,
    1015,
    790,
    989,
    991,
    1007,
    1017,
    1025,
    1043,
    1010,
    1021,
    991,
    1019,
    995,
    988,
    1012
  ],
  "episode_terminated": [
    true,
    true,
    true,
    true,
    true,
    true,
    true,
    true,
    true,
    true,
    true,
    true,
    true,
    true,
    true,
    true,
    true,
    true,
    true,
    true
  ],
  "mean_eval_reward": 297.56691620685433,
  "mean_episode_length": 998.1,
  "min_eval_reward": 144.05045150944537,
  "max_eval_reward": 308.77035953564575,
  "termination_breakdown": {
    "terminated": 20,
    "truncated": 0
  },
  "final_policy_component_evaluation": {
    "forward_reward": {
      "episode_sum_mean": 499.49697388719505,
      "episode_abs_sum_mean": 499.49697388719505,
      "signed_contribution_share": 0.9655213431490026,
      "magnitude_share": 0.9655213431490026,
      "active_rate": 0.9955415289049193
    },
    "stability_penalty": {
      "episode_sum_mean": -17.836979868927017,
      "episode_abs_sum_mean": 17.836979868927017,
      "signed_contribution_share": -0.034478656850997255,
      "magnitude_share": 0.034478656850997255,
      "active_rate": 1.0
    }
  },
  "final_policy_component_error_count": 0
}