{
  "eval_episodes": 20,
  "eval_seed_offset": 10000,
  "eval_seeds": [
    10000,
    10001,
    10002,
    10003,
    10004,
    10005,
    10006,
    10007,
    10008,
    10009,
    10010,
    10011,
    10012,
    10013,
    10014,
    10015,
    10016,
    10017,
    10018,
    10019
  ],
  "episode_rewards": [
    22.62145081181916,
    62.34400947888964,
    73.23204420504966,
    -102.31997555482133,
    25.537821407681,
    -89.24845899943607,
    44.92311233287072,
    64.6157036899761,
    12.907586990359375,
    38.691542573461476,
    -48.369050247396984,
    68.78115785902574,
    -54.304164093659224,
    190.7058986373549,
    140.1470783012364,
    104.16310368624828,
    88.70206249358101,
    50.252353522169805,
    135.7977362779491,
    95.13867849278941
  ],
  "episode_lengths": [
    1000,
    1000,
    1000,
    405,
    1000,
    420,
    1000,
    1000,
    1000,
    1000,
    474,
    1000,
    459,
    669,
    711,
    781,
    747,
    1000,
    695,
    717
  ],
  "episode_terminated": [
    false,
    false,
    false,
    true,
    false,
    true,
    false,
    false,
    false,
    false,
    true,
    false,
    true,
    true,
    true,
    true,
    true,
    false,
    true,
    true
  ],
  "mean_eval_reward": 46.21598459325741,
  "mean_episode_length": 803.9,
  "min_eval_reward": -102.31997555482133,
  "max_eval_reward": 190.7058986373549,
  "termination_breakdown": {
    "terminated": 10,
    "truncated": 10
  },
  "final_policy_component_evaluation": {
    "contact": {
      "episode_sum_mean": 187.5,
      "episode_abs_sum_mean": 187.5,
      "signed_contribution_share": 0.12344855796199207,
      "magnitude_share": 0.12344855796199207,
      "active_rate": 0.27833063813907205
    },
    "progress": {
      "episode_sum_mean": 536.5963211029768,
      "episode_abs_sum_mean": 536.5963211029768,
      "signed_contribution_share": 0.3532908909219869,
      "magnitude_share": 0.3532908909219869,
      "active_rate": 1.0
    },
    "stability": {
      "episode_sum_mean": 794.7549566715956,
      "episode_abs_sum_mean": 794.7549566715956,
      "signed_contribution_share": 0.5232605511160211,
      "magnitude_share": 0.5232605511160211,
      "active_rate": 1.0
    }
  },
  "final_policy_component_error_count": 0
}