env,method,n,solved,solved_rate,initial_mean,initial_std,best_mean,best_std,best_iteration_mean
env_001,DERES,5,5,1.0,-2.2095541382475403,82.04105787542026,228.9792354234608,18.489814371012734,5.4
env_002,DERES,5,5,1.0,243.26011992826315,78.77078994667269,311.54337248268473,5.782984063029287,2.8
env_005,DERES,1,0,0.0,-12.04,,1414.47,,8.0
