{
  "eval_episodes": 20,
  "eval_seed_offset": 10000,
  "eval_seeds": [
    10000,
    10001,
    10002,
    10003,
    10004,
    10005,
    10006,
    10007,
    10008,
    10009,
    10010,
    10011,
    10012,
    10013,
    10014,
    10015,
    10016,
    10017,
    10018,
    10019
  ],
  "episode_rewards": [
    320.59535857802683,
    319.2713927141435,
    320.417944520027,
    319.8451475466851,
    319.8336135898061,
    319.8197212283381,
    319.8210520205266,
    320.5512410994368,
    319.9098076608102,
    320.45410816533746,
    319.85380141158635,
    320.44179090171025,
    321.05889323303006,
    319.8456953000056,
    319.37682072421865,
    320.21676767332315,
    319.6626066062431,
    320.0710526418232,
    319.76911222506794,
    319.5921334762326
  ],
  "episode_lengths": [
    1173,
    1182,
    1164,
    1184,
    1193,
    1159,
    1175,
    1145,
    1180,
    1173,
    1158,
    1191,
    1141,
    1174,
    1194,
    1166,
    1184,
    1160,
    1168,
    1164
  ],
  "episode_terminated": [
    true,
    true,
    true,
    true,
    true,
    true,
    true,
    true,
    true,
    true,
    true,
    true,
    true,
    true,
    true,
    true,
    true,
    true,
    true,
    true
  ],
  "mean_eval_reward": 320.0204030658189,
  "mean_episode_length": 1171.4,
  "min_eval_reward": 319.2713927141435,
  "max_eval_reward": 321.05889323303006,
  "termination_breakdown": {
    "terminated": 20,
    "truncated": 0
  },
  "final_policy_component_evaluation": {
    "energy_penalty": {
      "episode_sum_mean": -43.49753658810458,
      "episode_abs_sum_mean": 43.49753658810458,
      "signed_contribution_share": -0.08183902938429037,
      "magnitude_share": 0.08183902938429037,
      "active_rate": 1.0
    },
    "forward_reward": {
      "episode_sum_mean": 453.9519494287867,
      "episode_abs_sum_mean": 454.0787315444881,
      "signed_contribution_share": 0.854094043995084,
      "magnitude_share": 0.854332579923924,
      "active_rate": 1.0
    },
    "stability_penalty": {
      "episode_sum_mean": -33.9248617727219,
      "episode_abs_sum_mean": 33.9248617727219,
      "signed_contribution_share": -0.06382839069178557,
      "magnitude_share": 0.06382839069178557,
      "active_rate": 1.0
    }
  },
  "final_policy_component_error_count": 0
}