{
  "eval_episodes": 100,
  "eval_seed_offset": 30000,
  "eval_seeds": [
    30000,
    30001,
    30002,
    30003,
    30004,
    30005,
    30006,
    30007,
    30008,
    30009,
    30010,
    30011,
    30012,
    30013,
    30014,
    30015,
    30016,
    30017,
    30018,
    30019,
    30020,
    30021,
    30022,
    30023,
    30024,
    30025,
    30026,
    30027,
    30028,
    30029,
    30030,
    30031,
    30032,
    30033,
    30034,
    30035,
    30036,
    30037,
    30038,
    30039,
    30040,
    30041,
    30042,
    30043,
    30044,
    30045,
    30046,
    30047,
    30048,
    30049,
    30050,
    30051,
    30052,
    30053,
    30054,
    30055,
    30056,
    30057,
    30058,
    30059,
    30060,
    30061,
    30062,
    30063,
    30064,
    30065,
    30066,
    30067,
    30068,
    30069,
    30070,
    30071,
    30072,
    30073,
    30074,
    30075,
    30076,
    30077,
    30078,
    30079,
    30080,
    30081,
    30082,
    30083,
    30084,
    30085,
    30086,
    30087,
    30088,
    30089,
    30090,
    30091,
    30092,
    30093,
    30094,
    30095,
    30096,
    30097,
    30098,
    30099
  ],
  "episode_rewards": [
    -133.457584450517,
    -58.24488078269853,
    210.2040352072261,
    154.42690298011013,
    294.6920570773725,
    -60.47383529176342,
    -85.81167645008729,
    -4.244944293092691,
    154.2992015474904,
    -74.38415253474717,
    276.53082893773365,
    17.98728549349271,
    166.20745040982962,
    266.8536245987042,
    196.00931470417478,
    193.00253658592163,
    160.77077970711542,
    100.7669904461389,
    4.551922710234508,
    182.37725376071057,
    135.81280028109302,
    -169.8152474126672,
    167.9513918851878,
    93.63318661730987,
    221.99551704667363,
    290.61600028115794,
    -14.783102317913535,
    146.3947966366577,
    221.05030149147547,
    216.81919792849726,
    141.52531982595718,
    168.1643346402123,
    220.11526746162974,
    -38.524844802106536,
    159.59163832733623,
    113.178683182195,
    274.5664860375175,
    -132.1097936704773,
    207.5634593306293,
    256.38215785447176,
    -44.524210713901,
    -120.2907255356001,
    194.7489632754215,
    239.28102771293143,
    214.5355882107711,
    256.39605808795574,
    271.0165268715875,
    1.2203981189050523,
    241.2078270759831,
    234.6136516304095,
    260.2197157161464,
    168.40526612233725,
    274.8940957015234,
    292.2997879942924,
    234.14727661521465,
    219.10388893218158,
    207.6840315180867,
    239.19098993146784,
    -238.33025670546593,
    -142.28510052775934,
    238.6164297528329,
    -17.66261320899862,
    199.1735256823285,
    -147.47864484271872,
    128.1398960578602,
    6.87724218069981,
    85.63229194676433,
    257.6349521850742,
    -226.19792705882946,
    215.528069174799,
    272.92628543814567,
    -94.57279332301255,
    -96.20278499797655,
    131.19518235513092,
    231.31263310508675,
    224.6188497754369,
    196.1409017486786,
    -33.54692300826716,
    285.3509816607418,
    190.6740068562819,
    -94.06950640786094,
    263.9014793589549,
    210.00704195112164,
    111.52269203648001,
    79.88387785729695,
    100.6505213725605,
    220.75436266136427,
    190.26085286861127,
    250.130627254805,
    197.50085110959654,
    171.76265509812563,
    169.55685643005614,
    198.50254857519639,
    172.93131548803797,
    190.74698996606514,
    281.01421232101575,
    215.30905320821415,
    154.54155274403217,
    -204.8166647266087,
    -205.78656033304645
  ],
  "episode_lengths": [
    899,
    235,
    225,
    364,
    239,
    195,
    319,
    1000,
    699,
    1000,
    343,
    1000,
    299,
    386,
    228,
    372,
    367,
    1000,
    1000,
    258,
    1000,
    160,
    351,
    1000,
    194,
    279,
    1000,
    329,
    457,
    213,
    870,
    831,
    299,
    1000,
    477,
    1000,
    251,
    672,
    232,
    301,
    287,
    529,
    268,
    268,
    290,
    416,
    263,
    363,
    348,
    289,
    286,
    519,
    247,
    291,
    242,
    212,
    241,
    193,
    178,
    291,
    336,
    1000,
    241,
    253,
    531,
    269,
    1000,
    444,
    352,
    605,
    289,
    423,
    353,
    399,
    467,
    210,
    239,
    156,
    324,
    623,
    331,
    272,
    220,
    1000,
    1000,
    1000,
    210,
    242,
    246,
    199,
    351,
    427,
    234,
    357,
    345,
    235,
    231,
    490,
    683,
    442
  ],
  "episode_terminated": [
    true,
    true,
    true,
    true,
    true,
    true,
    true,
    false,
    true,
    false,
    true,
    false,
    true,
    true,
    true,
    true,
    true,
    false,
    false,
    true,
    false,
    true,
    true,
    false,
    true,
    true,
    false,
    true,
    true,
    true,
    true,
    true,
    true,
    false,
    true,
    false,
    true,
    true,
    true,
    true,
    true,
    true,
    true,
    true,
    true,
    true,
    true,
    true,
    true,
    true,
    true,
    true,
    true,
    true,
    true,
    true,
    true,
    true,
    true,
    true,
    true,
    false,
    true,
    true,
    true,
    true,
    false,
    true,
    true,
    true,
    true,
    true,
    true,
    true,
    true,
    true,
    true,
    true,
    true,
    true,
    true,
    true,
    true,
    false,
    false,
    false,
    true,
    true,
    true,
    true,
    true,
    true,
    true,
    true,
    true,
    true,
    true,
    true,
    true,
    true
  ],
  "mean_eval_reward": 123.68189781334752,
  "mean_episode_length": 443.94,
  "min_eval_reward": -238.33025670546593,
  "max_eval_reward": 294.6920570773725,
  "termination_breakdown": {
    "terminated": 85,
    "truncated": 15
  },
  "final_policy_component_evaluation": {
    "approach_landing_reward": {
      "episode_sum_mean": 704.7358918507966,
      "episode_abs_sum_mean": 704.7358918507966,
      "signed_contribution_share": 0.9633455905553097,
      "magnitude_share": 0.9633455905553097,
      "active_rate": 0.9501509212956706
    },
    "distance_cost": {
      "episode_sum_mean": -14.44930629324326,
      "episode_abs_sum_mean": 14.44930629324326,
      "signed_contribution_share": -0.019751619954565886,
      "magnitude_share": 0.019751619954565886,
      "active_rate": 1.0
    },
    "stability_cost": {
      "episode_sum_mean": -12.365243109923403,
      "episode_abs_sum_mean": 12.365243109923403,
      "signed_contribution_share": -0.016902789490124463,
      "magnitude_share": 0.016902789490124463,
      "active_rate": 1.0
    }
  },
  "final_policy_component_error_count": 0
}