{
  "eval_episodes": 20,
  "eval_seed_offset": 10000,
  "eval_seeds": [
    10000,
    10001,
    10002,
    10003,
    10004,
    10005,
    10006,
    10007,
    10008,
    10009,
    10010,
    10011,
    10012,
    10013,
    10014,
    10015,
    10016,
    10017,
    10018,
    10019
  ],
  "episode_rewards": [
    199.59200526219183,
    234.8951849972129,
    254.14916730780772,
    193.94390370684744,
    215.70972298421532,
    192.73371091399503,
    28.35465611159187,
    234.79057432370664,
    178.11104923787542,
    216.11844674507003,
    -108.51973423809372,
    209.69396111190423,
    156.76368357343205,
    49.664031315486625,
    207.68457081979597,
    207.5583701423003,
    42.063309393763156,
    270.5097718879303,
    225.86509233392212,
    198.28896097840135
  ],
  "episode_lengths": [
    520,
    368,
    230,
    705,
    555,
    655,
    1000,
    308,
    841,
    454,
    258,
    286,
    371,
    170,
    294,
    497,
    1000,
    223,
    462,
    233
  ],
  "episode_terminated": [
    true,
    true,
    true,
    true,
    true,
    true,
    false,
    true,
    true,
    true,
    true,
    true,
    true,
    true,
    true,
    true,
    false,
    true,
    true,
    true
  ],
  "mean_eval_reward": 170.39852194546782,
  "mean_episode_length": 471.5,
  "min_eval_reward": -108.51973423809372,
  "max_eval_reward": 270.5097718879303,
  "termination_breakdown": {
    "terminated": 18,
    "truncated": 2
  },
  "final_policy_component_evaluation": {
    "contact_bonus": {
      "episode_sum_mean": 341.0,
      "episode_abs_sum_mean": 341.0,
      "signed_contribution_share": 0.9456091295858767,
      "magnitude_share": 0.9456091295858767,
      "active_rate": 0.07232237539766702
    },
    "orientation_penalty": {
      "episode_sum_mean": -3.6035618363762176,
      "episode_abs_sum_mean": 3.6035618363762176,
      "signed_contribution_share": -0.00999284742376715,
      "magnitude_share": 0.00999284742376715,
      "active_rate": 1.0
    },
    "proximity_reward": {
      "episode_sum_mean": -15.149586396155769,
      "episode_abs_sum_mean": 15.149586396155769,
      "signed_contribution_share": -0.042010519664677115,
      "magnitude_share": 0.042010519664677115,
      "active_rate": 1.0
    },
    "velocity_penalty": {
      "episode_sum_mean": -0.8609674003603071,
      "episode_abs_sum_mean": 0.8609674003603071,
      "signed_contribution_share": -0.002387503325678959,
      "magnitude_share": 0.002387503325678959,
      "active_rate": 0.9868504772004242
    }
  },
  "final_policy_component_error_count": 0
}