{
  "eval_episodes": 20,
  "eval_seed_offset": 10000,
  "eval_seeds": [
    10000,
    10001,
    10002,
    10003,
    10004,
    10005,
    10006,
    10007,
    10008,
    10009,
    10010,
    10011,
    10012,
    10013,
    10014,
    10015,
    10016,
    10017,
    10018,
    10019
  ],
  "episode_rewards": [
    137.1773680966861,
    158.93112484417702,
    177.82858675805025,
    126.9377512311644,
    135.2020350375685,
    123.28347873403078,
    152.24654074575182,
    136.05524458057434,
    123.67847596558111,
    161.21927775404006,
    158.97140202530477,
    164.79569815588175,
    156.90604511601828,
    177.66446328658486,
    139.74404637879726,
    126.40128954440827,
    116.61007581018872,
    157.70732086340712,
    143.4223743274148,
    120.813420860159
  ],
  "episode_lengths": [
    1000,
    1000,
    1000,
    1000,
    1000,
    1000,
    1000,
    1000,
    1000,
    1000,
    1000,
    1000,
    1000,
    1000,
    1000,
    1000,
    1000,
    1000,
    1000,
    1000
  ],
  "episode_terminated": [
    false,
    false,
    false,
    false,
    false,
    false,
    false,
    false,
    false,
    false,
    false,
    false,
    false,
    false,
    false,
    false,
    false,
    false,
    false,
    false
  ],
  "mean_eval_reward": 144.77980100578947,
  "mean_episode_length": 1000,
  "min_eval_reward": 116.61007581018872,
  "max_eval_reward": 177.82858675805025,
  "termination_breakdown": {
    "terminated": 0,
    "truncated": 20
  },
  "final_policy_component_evaluation": {
    "angle_penalty": {
      "episode_sum_mean": -2.530166261711372,
      "episode_abs_sum_mean": 2.530166261711372,
      "signed_contribution_share": -0.016259368911459487,
      "magnitude_share": 0.016259368911459487,
      "active_rate": 1.0
    },
    "contact": {
      "episode_sum_mean": 147.92000220417975,
      "episode_abs_sum_mean": 147.92000220417975,
      "signed_contribution_share": 0.9505643647286997,
      "magnitude_share": 0.9505643647286997,
      "active_rate": 0.7396
    },
    "progress": {
      "episode_sum_mean": 1.3324162758886815,
      "episode_abs_sum_mean": 1.4601215148228222,
      "signed_contribution_share": 0.008562381097696576,
      "magnitude_share": 0.009383041235007796,
      "active_rate": 1.0
    },
    "speed_penalty": {
      "episode_sum_mean": -3.702530879026102,
      "episode_abs_sum_mean": 3.702530879026102,
      "signed_contribution_share": -0.02379322512483299,
      "magnitude_share": 0.02379322512483299,
      "active_rate": 1.0
    }
  },
  "final_policy_component_error_count": 0
}