{
  "eval_episodes": 20,
  "eval_seed_offset": 10000,
  "eval_seeds": [
    10000,
    10001,
    10002,
    10003,
    10004,
    10005,
    10006,
    10007,
    10008,
    10009,
    10010,
    10011,
    10012,
    10013,
    10014,
    10015,
    10016,
    10017,
    10018,
    10019
  ],
  "episode_rewards": [
    253.12487481624902,
    262.70910140333564,
    279.74201798075217,
    238.21745800149634,
    241.9833583291456,
    232.75375531446724,
    268.2847577021033,
    258.88919868314997,
    229.89324343142147,
    275.5782919190969,
    291.3781629110076,
    281.2048729024495,
    271.22568266176006,
    281.36872701779987,
    250.4591620549226,
    236.03105304378505,
    230.742095648999,
    258.32131171267974,
    255.90979196340552,
    229.12991651159894
  ],
  "episode_lengths": [
    310,
    375,
    433,
    346,
    369,
    379,
    330,
    413,
    371,
    328,
    310,
    319,
    331,
    343,
    334,
    366,
    338,
    352,
    335,
    345
  ],
  "episode_terminated": [
    true,
    true,
    true,
    true,
    true,
    true,
    true,
    true,
    true,
    true,
    true,
    true,
    true,
    true,
    true,
    true,
    true,
    true,
    true,
    true
  ],
  "mean_eval_reward": 256.34734170048125,
  "mean_episode_length": 351.35,
  "min_eval_reward": 229.12991651159894,
  "max_eval_reward": 291.3781629110076,
  "termination_breakdown": {
    "terminated": 20,
    "truncated": 0
  },
  "final_policy_component_evaluation": {
    "angle_stability": {
      "episode_sum_mean": -2.1415886528438666,
      "episode_abs_sum_mean": 2.1415886528438666,
      "signed_contribution_share": -0.04248772161980252,
      "magnitude_share": 0.04248772161980252,
      "active_rate": 1.0
    },
    "approach_progress": {
      "episode_sum_mean": 2.7451390501111748,
      "episode_abs_sum_mean": 2.799696531891823,
      "signed_contribution_share": 0.05446176772270936,
      "magnitude_share": 0.05554415256589364,
      "active_rate": 0.9574498363455244
    },
    "grounded_quality": {
      "episode_sum_mean": 13.972010463522746,
      "episode_abs_sum_mean": 13.972010463522746,
      "signed_contribution_share": 0.27719557173354237,
      "magnitude_share": 0.27719557173354237,
      "active_rate": 0.14771595275366445
    },
    "landing_quality": {
      "episode_sum_mean": 20.770151859428733,
      "episode_abs_sum_mean": 20.770151859428733,
      "signed_contribution_share": 0.41206626166634297,
      "magnitude_share": 0.41206626166634297,
      "active_rate": 1.0
    },
    "velocity_penalty": {
      "episode_sum_mean": -10.721435860916973,
      "episode_abs_sum_mean": 10.721435860916973,
      "signed_contribution_share": -0.21270629241441852,
      "magnitude_share": 0.21270629241441852,
      "active_rate": 0.5380674541055928
    }
  },
  "final_policy_component_error_count": 0
}