{
  "eval_episodes": 10,
  "episode_rewards": [
    191.54178726258863,
    243.5462654686361,
    148.0522007328623,
    247.02192035873406,
    165.94995097828587,
    165.3136421003672,
    134.10342363366144,
    152.12611394557547,
    194.1054277404412,
    178.14386269437463
  ],
  "episode_lengths": [
    1000,
    836,
    1000,
    325,
    1000,
    1000,
    1000,
    1000,
    1000,
    1000
  ],
  "mean_eval_reward": 181.99045949155268,
  "mean_episode_length": 916.1,
  "min_eval_reward": 134.10342363366144,
  "max_eval_reward": 247.02192035873406
}