{
  "eval_episodes": 20,
  "eval_seed_offset": 10000,
  "eval_seeds": [
    10000,
    10001,
    10002,
    10003,
    10004,
    10005,
    10006,
    10007,
    10008,
    10009,
    10010,
    10011,
    10012,
    10013,
    10014,
    10015,
    10016,
    10017,
    10018,
    10019
  ],
  "episode_rewards": [
    228.15036633982461,
    249.32832064710388,
    167.5577549993377,
    211.88904610041357,
    226.25098021066543,
    211.9699135411272,
    243.63937964677527,
    143.75925264888397,
    54.0331359654362,
    255.68026405850608,
    275.481877935737,
    268.5477365996272,
    149.64656007848893,
    166.28255978611344,
    128.6243796399168,
    205.86514121638277,
    95.70061122074543,
    263.3748631309817,
    249.2927019019276,
    224.6776814736163
  ],
  "episode_lengths": [
    572,
    472,
    1000,
    300,
    457,
    308,
    474,
    1000,
    1000,
    426,
    320,
    353,
    1000,
    1000,
    1000,
    809,
    1000,
    329,
    322,
    379
  ],
  "episode_terminated": [
    true,
    true,
    false,
    true,
    true,
    true,
    true,
    false,
    false,
    true,
    true,
    true,
    false,
    false,
    false,
    true,
    false,
    true,
    true,
    true
  ],
  "mean_eval_reward": 200.98762635708056,
  "mean_episode_length": 626.05,
  "min_eval_reward": 54.0331359654362,
  "max_eval_reward": 275.481877935737,
  "termination_breakdown": {
    "terminated": 13,
    "truncated": 7
  },
  "final_policy_component_evaluation": {
    "approach_velocity_penalty": {
      "episode_sum_mean": -5.152263368430809,
      "episode_abs_sum_mean": 5.152263368430809,
      "signed_contribution_share": -0.01592414811256448,
      "magnitude_share": 0.01592414811256448,
      "active_rate": 0.998961744269627
    },
    "landing_quality": {
      "episode_sum_mean": 316.3372387170792,
      "episode_abs_sum_mean": 316.3372387170792,
      "signed_contribution_share": 0.9777064335871954,
      "magnitude_share": 0.9777064335871954,
      "active_rate": 0.5101828927401965
    },
    "orientation_penalty": {
      "episode_sum_mean": -0.6783207733801856,
      "episode_abs_sum_mean": 0.6783207733801856,
      "signed_contribution_share": -0.0020964922968262703,
      "magnitude_share": 0.0020964922968262703,
      "active_rate": 0.9992812075712802
    },
    "progress": {
      "episode_sum_mean": 1.3026999386027456,
      "episode_abs_sum_mean": 1.3825066162273287,
      "signed_contribution_share": 0.00402626676571791,
      "magnitude_share": 0.00427292600341379,
      "active_rate": 0.9999201341745867
    }
  },
  "final_policy_component_error_count": 0
}