{
  "eval_episodes": 20,
  "eval_seed_offset": 10000,
  "eval_seeds": [
    10000,
    10001,
    10002,
    10003,
    10004,
    10005,
    10006,
    10007,
    10008,
    10009,
    10010,
    10011,
    10012,
    10013,
    10014,
    10015,
    10016,
    10017,
    10018,
    10019
  ],
  "episode_rewards": [
    -268.8212207490696,
    -339.54821371273425,
    -309.9256691438683,
    -338.29108111508356,
    -312.11350310260525,
    -327.17987610240385,
    -265.9003561316941,
    -328.63277815655067,
    -314.93367621832647,
    -261.1082637587368,
    -138.89432179730662,
    -226.95357159916628,
    -271.67195050944235,
    -329.4759280995602,
    -299.14489111969374,
    -307.59611598878826,
    -308.73788078424525,
    -366.48874915554165,
    -293.09914948770967,
    -318.2867978096273
  ],
  "episode_lengths": [
    434,
    608,
    573,
    560,
    512,
    517,
    429,
    573,
    484,
    432,
    235,
    394,
    471,
    639,
    478,
    467,
    455,
    664,
    491,
    469
  ],
  "episode_terminated": [
    true,
    true,
    true,
    true,
    true,
    true,
    true,
    true,
    true,
    true,
    true,
    true,
    true,
    true,
    true,
    true,
    true,
    true,
    true,
    true
  ],
  "mean_eval_reward": -296.3401997271077,
  "mean_episode_length": 494.25,
  "min_eval_reward": -366.48874915554165,
  "max_eval_reward": -138.89432179730662,
  "termination_breakdown": {
    "terminated": 20,
    "truncated": 0
  },
  "final_policy_component_evaluation": {
    "alignment": {
      "episode_sum_mean": 185.19550195466726,
      "episode_abs_sum_mean": 185.19550195466726,
      "signed_contribution_share": 0.1702798018879184,
      "magnitude_share": 0.1702798018879184,
      "active_rate": 1.0
    },
    "angvel_penalty": {
      "episode_sum_mean": -4.107528180500628,
      "episode_abs_sum_mean": 4.107528180500628,
      "signed_contribution_share": -0.0037767066556286958,
      "magnitude_share": 0.0037767066556286958,
      "active_rate": 1.0
    },
    "att_penalty": {
      "episode_sum_mean": -13.333919428306112,
      "episode_abs_sum_mean": 13.333919428306112,
      "signed_contribution_share": -0.012260001645165284,
      "magnitude_share": 0.012260001645165284,
      "active_rate": 1.0
    },
    "contact_reward": {
      "episode_sum_mean": 0.0,
      "episode_abs_sum_mean": 0.0,
      "signed_contribution_share": 0.0,
      "magnitude_share": 0.0,
      "active_rate": 0.0
    },
    "height_reward": {
      "episode_sum_mean": 848.5133762955666,
      "episode_abs_sum_mean": 848.5133762955666,
      "signed_contribution_share": 0.7801738600013367,
      "magnitude_share": 0.7801738600013367,
      "active_rate": 1.0
    },
    "lat_penalty": {
      "episode_sum_mean": -35.96746339672145,
      "episode_abs_sum_mean": 35.96746339672145,
      "signed_contribution_share": -0.03307063334132094,
      "magnitude_share": 0.03307063334132094,
      "active_rate": 0.41810824481537684
    },
    "progress_y": {
      "episode_sum_mean": 0.017674237489700317,
      "episode_abs_sum_mean": 0.017674237489700317,
      "signed_contribution_share": 1.6250749216376116e-05,
      "magnitude_share": 1.6250749216376116e-05,
      "active_rate": 0.0225594334850784
    },
    "soft_landing_penalty": {
      "episode_sum_mean": -0.4597762320485458,
      "episode_abs_sum_mean": 0.4597762320485458,
      "signed_contribution_share": -0.0004227457194136616,
      "magnitude_share": 0.0004227457194136616,
      "active_rate": 0.0225594334850784
    }
  },
  "final_policy_component_error_count": 0
}