{
  "eval_episodes": 20,
  "eval_seed_offset": 10000,
  "eval_seeds": [
    10000,
    10001,
    10002,
    10003,
    10004,
    10005,
    10006,
    10007,
    10008,
    10009,
    10010,
    10011,
    10012,
    10013,
    10014,
    10015,
    10016,
    10017,
    10018,
    10019
  ],
  "episode_rewards": [
    -13.454371850788748,
    1.0643085280051936,
    25.25469907753766,
    -26.022921731525813,
    -31.728957323680408,
    -6.876566365480872,
    -1.60376782988254,
    -2.939872507428907,
    -40.52925556667932,
    4.888166247833305,
    -22.49447509645961,
    -2.911904944851815,
    121.03497870354046,
    11.674827952064906,
    -28.130701019590298,
    -25.409558217542735,
    -48.61679390143747,
    -1.4184460588450645,
    -29.252894621138534,
    -37.8350121085112
  ],
  "episode_lengths": [
    1000,
    1000,
    1000,
    1000,
    1000,
    1000,
    1000,
    1000,
    1000,
    1000,
    457,
    1000,
    992,
    1000,
    1000,
    1000,
    1000,
    1000,
    1000,
    1000
  ],
  "episode_terminated": [
    false,
    false,
    false,
    false,
    false,
    false,
    false,
    false,
    false,
    false,
    true,
    false,
    true,
    false,
    false,
    false,
    false,
    false,
    false,
    false
  ],
  "mean_eval_reward": -7.76542593174309,
  "mean_episode_length": 972.45,
  "min_eval_reward": -48.61679390143747,
  "max_eval_reward": 121.03497870354046,
  "termination_breakdown": {
    "terminated": 2,
    "truncated": 18
  },
  "final_policy_component_evaluation": {
    "contact_reward": {
      "episode_sum_mean": 15.017094820737839,
      "episode_abs_sum_mean": 15.017094820737839,
      "signed_contribution_share": 0.10716158374562883,
      "magnitude_share": 0.10716158374562883,
      "active_rate": 0.011414468610211321
    },
    "goal_proximity": {
      "episode_sum_mean": -116.86628646671306,
      "episode_abs_sum_mean": 116.86628646671306,
      "signed_contribution_share": -0.8339546692446067,
      "magnitude_share": 0.8339546692446067,
      "active_rate": 1.0
    },
    "orientation_penalty": {
      "episode_sum_mean": -0.9665345968410997,
      "episode_abs_sum_mean": 0.9665345968410997,
      "signed_contribution_share": -0.006897164823079015,
      "magnitude_share": 0.006897164823079015,
      "active_rate": 1.0
    },
    "velocity_penalty": {
      "episode_sum_mean": -7.285142742539771,
      "episode_abs_sum_mean": 7.285142742539771,
      "signed_contribution_share": -0.05198658218668543,
      "magnitude_share": 0.05198658218668543,
      "active_rate": 0.9994858347472878
    }
  },
  "final_policy_component_error_count": 0
}