{
  "eval_episodes": 20,
  "eval_seed_offset": 10000,
  "eval_seeds": [
    10000,
    10001,
    10002,
    10003,
    10004,
    10005,
    10006,
    10007,
    10008,
    10009,
    10010,
    10011,
    10012,
    10013,
    10014,
    10015,
    10016,
    10017,
    10018,
    10019
  ],
  "episode_rewards": [
    -35.413896013141766,
    -63.56729817969802,
    -88.48495507037704,
    -30.60208288665065,
    -33.40294248730302,
    -41.623945666098734,
    -54.164049940323665,
    -65.65011091286073,
    -44.81304754125331,
    -70.37099840067603,
    -54.36300930733903,
    -63.406504159650396,
    -83.7885123707944,
    -87.117641992606,
    -35.54201593540314,
    -28.282664091013515,
    -49.90234148765303,
    -54.63404099624907,
    -17.388168972338903,
    -63.241616265860316
  ],
  "episode_lengths": [
    63,
    80,
    83,
    66,
    88,
    80,
    84,
    84,
    81,
    77,
    56,
    64,
    69,
    71,
    65,
    87,
    66,
    58,
    59,
    73
  ],
  "episode_terminated": [
    true,
    true,
    true,
    true,
    true,
    true,
    true,
    true,
    true,
    true,
    true,
    true,
    true,
    true,
    true,
    true,
    true,
    true,
    true,
    true
  ],
  "mean_eval_reward": -53.287992133864535,
  "mean_episode_length": 72.7,
  "min_eval_reward": -88.48495507037704,
  "max_eval_reward": -17.388168972338903,
  "termination_breakdown": {
    "terminated": 20,
    "truncated": 0
  },
  "final_policy_component_evaluation": {
    "angvel_penalty": {
      "episode_sum_mean": -0.33093458890426913,
      "episode_abs_sum_mean": 0.33093458890426913,
      "signed_contribution_share": -0.016771420233648447,
      "magnitude_share": 0.016771420233648447,
      "active_rate": 0.9965612104539202
    },
    "orientation_penalty": {
      "episode_sum_mean": -0.02035080042246515,
      "episode_abs_sum_mean": 0.02035080042246515,
      "signed_contribution_share": -0.0010313573661380137,
      "magnitude_share": 0.0010313573661380137,
      "active_rate": 1.0
    },
    "target_proximity": {
      "episode_sum_mean": -15.139127362346626,
      "episode_abs_sum_mean": 15.139127362346626,
      "signed_contribution_share": -0.7672352044110117,
      "magnitude_share": 0.7672352044110117,
      "active_rate": 1.0
    },
    "velocity_penalty": {
      "episode_sum_mean": -4.241642392965857,
      "episode_abs_sum_mean": 4.241642392965857,
      "signed_contribution_share": -0.21496201798920175,
      "magnitude_share": 0.21496201798920175,
      "active_rate": 0.9979367262723521
    }
  },
  "final_policy_component_error_count": 0
}