{
  "eval_episodes": 20,
  "eval_seed_offset": 10000,
  "eval_seeds": [
    10000,
    10001,
    10002,
    10003,
    10004,
    10005,
    10006,
    10007,
    10008,
    10009,
    10010,
    10011,
    10012,
    10013,
    10014,
    10015,
    10016,
    10017,
    10018,
    10019
  ],
  "episode_rewards": [
    -33.31712963194036,
    -27.90785559593351,
    11.719046736384474,
    -19.080681550589432,
    -35.340772616593604,
    -116.23032804233412,
    -23.110718966368612,
    -20.596008864857705,
    -43.090704771023354,
    -21.886704990205057,
    -83.39542657139145,
    -10.845283029982387,
    -25.15490934235106,
    -9.292391660830999,
    -39.693853158690146,
    -48.42239473671538,
    -60.13387318195756,
    -22.141963863284726,
    -45.7484231972063,
    -60.952207118110366
  ],
  "episode_lengths": [
    1000,
    1000,
    1000,
    1000,
    1000,
    561,
    1000,
    1000,
    1000,
    1000,
    557,
    1000,
    434,
    1000,
    1000,
    1000,
    1000,
    1000,
    1000,
    1000
  ],
  "episode_terminated": [
    false,
    false,
    false,
    false,
    false,
    true,
    false,
    false,
    false,
    false,
    true,
    false,
    true,
    false,
    false,
    false,
    false,
    false,
    false,
    false
  ],
  "mean_eval_reward": -36.731129207699084,
  "mean_episode_length": 927.6,
  "min_eval_reward": -116.23032804233412,
  "max_eval_reward": 11.719046736384474,
  "termination_breakdown": {
    "terminated": 3,
    "truncated": 17
  },
  "final_policy_component_evaluation": {
    "contact_reward": {
      "episode_sum_mean": 10.2,
      "episode_abs_sum_mean": 10.2,
      "signed_contribution_share": 0.02492539161270478,
      "magnitude_share": 0.02492539161270478,
      "active_rate": 0.005498059508408797
    },
    "proximity_reward": {
      "episode_sum_mean": -346.9441332306713,
      "episode_abs_sum_mean": 346.9441332306713,
      "signed_contribution_share": -0.8478155282847947,
      "magnitude_share": 0.8478155282847947,
      "active_rate": 1.0
    },
    "stability_penalty": {
      "episode_sum_mean": -14.771480202268595,
      "episode_abs_sum_mean": 14.771480202268595,
      "signed_contribution_share": -0.03609656164126082,
      "magnitude_share": 0.03609656164126082,
      "active_rate": 1.0
    },
    "velocity_penalty": {
      "episode_sum_mean": -37.30564007791495,
      "episode_abs_sum_mean": 37.30564007791495,
      "signed_contribution_share": -0.09116251846123968,
      "magnitude_share": 0.09116251846123968,
      "active_rate": 1.0
    }
  },
  "final_policy_component_error_count": 0
}