{
  "eval_episodes": 20,
  "eval_seed_offset": 10000,
  "eval_seeds": [
    10000,
    10001,
    10002,
    10003,
    10004,
    10005,
    10006,
    10007,
    10008,
    10009,
    10010,
    10011,
    10012,
    10013,
    10014,
    10015,
    10016,
    10017,
    10018,
    10019
  ],
  "episode_rewards": [
    -9.682744790998761,
    -2.9968019600770015,
    28.507546023531923,
    -25.02333011995729,
    -18.45508650878147,
    -24.173229614154437,
    -4.748224268273482,
    3.1747091689651254,
    -40.08606573152621,
    10.082027143002696,
    13.174778467384808,
    10.22710270232595,
    4.834294261653056,
    12.01554668317675,
    -12.223642265689962,
    -24.77844180896673,
    -34.20159334582817,
    -3.9901788829846696,
    -16.68824941837356,
    -42.81025382815304
  ],
  "episode_lengths": [
    1000,
    1000,
    1000,
    1000,
    1000,
    1000,
    1000,
    1000,
    1000,
    1000,
    1000,
    1000,
    1000,
    1000,
    1000,
    1000,
    1000,
    1000,
    1000,
    1000
  ],
  "episode_terminated": [
    false,
    false,
    false,
    false,
    false,
    false,
    false,
    false,
    false,
    false,
    false,
    false,
    false,
    false,
    false,
    false,
    false,
    false,
    false,
    false
  ],
  "mean_eval_reward": -8.892091904686223,
  "mean_episode_length": 1000,
  "min_eval_reward": -42.81025382815304,
  "max_eval_reward": 28.507546023531923,
  "termination_breakdown": {
    "terminated": 0,
    "truncated": 20
  },
  "final_policy_component_evaluation": {
    "distance_progress": {
      "episode_sum_mean": 1.316328129428608,
      "episode_abs_sum_mean": 1.5605350752551426,
      "signed_contribution_share": 0.2634910300854891,
      "magnitude_share": 0.31237423653781665,
      "active_rate": 1.0
    },
    "landing_quality": {
      "episode_sum_mean": 0.0,
      "episode_abs_sum_mean": 0.0,
      "signed_contribution_share": 0.0,
      "magnitude_share": 0.0,
      "active_rate": 0.0
    },
    "tilt_penalty": {
      "episode_sum_mean": -3.435187659600493,
      "episode_abs_sum_mean": 3.435187659600493,
      "signed_contribution_share": -0.6876257634621833,
      "magnitude_share": 0.6876257634621833,
      "active_rate": 1.0
    }
  },
  "final_policy_component_error_count": 0
}