{
  "eval_episodes": 20,
  "eval_seed_offset": 10000,
  "eval_seeds": [
    10000,
    10001,
    10002,
    10003,
    10004,
    10005,
    10006,
    10007,
    10008,
    10009,
    10010,
    10011,
    10012,
    10013,
    10014,
    10015,
    10016,
    10017,
    10018,
    10019
  ],
  "episode_rewards": [
    151.70242394029344,
    163.2889862182059,
    288.92948317553373,
    134.44350000137052,
    251.34432266005166,
    130.19314489015136,
    272.8966219257318,
    155.70920452909056,
    127.44336043291543,
    276.9747113227544,
    194.94318539319013,
    279.25235511612004,
    134.598585220646,
    168.54403480368578,
    255.36242607000688,
    243.63379172489252,
    235.55876825584406,
    160.58469271617386,
    256.381505938734,
    240.92609986565517
  ],
  "episode_lengths": [
    1000,
    1000,
    346,
    1000,
    333,
    1000,
    305,
    1000,
    1000,
    308,
    1000,
    821,
    1000,
    1000,
    300,
    325,
    296,
    1000,
    305,
    290
  ],
  "episode_terminated": [
    false,
    false,
    true,
    false,
    true,
    false,
    true,
    false,
    false,
    true,
    false,
    true,
    false,
    false,
    true,
    true,
    true,
    false,
    true,
    true
  ],
  "mean_eval_reward": 206.13556021005235,
  "mean_episode_length": 681.45,
  "min_eval_reward": 127.44336043291543,
  "max_eval_reward": 288.92948317553373,
  "termination_breakdown": {
    "terminated": 10,
    "truncated": 10
  },
  "final_policy_component_evaluation": {
    "fuel_penalty": {
      "episode_sum_mean": -9.77099999999988,
      "episode_abs_sum_mean": 9.77099999999988,
      "signed_contribution_share": -0.03140114385579856,
      "magnitude_share": 0.03140114385579856,
      "active_rate": 0.7169271406559542
    },
    "progress_reward": {
      "episode_sum_mean": 2.7687057612231003,
      "episode_abs_sum_mean": 2.850107966864016,
      "signed_contribution_share": 0.00889781270111001,
      "magnitude_share": 0.00915941564548722,
      "active_rate": 0.9902413970210581
    },
    "safe_contact_reward": {
      "episode_sum_mean": 294.20853304862976,
      "episode_abs_sum_mean": 294.20853304862976,
      "signed_contribution_share": 0.9455004062904107,
      "magnitude_share": 0.9455004062904107,
      "active_rate": 0.5141976667400396
    },
    "stability_penalty": {
      "episode_sum_mean": -4.33736757727006,
      "episode_abs_sum_mean": 4.33736757727006,
      "signed_contribution_share": -0.013939034208303685,
      "magnitude_share": 0.013939034208303685,
      "active_rate": 1.0
    }
  },
  "final_policy_component_error_count": 0
}