{
  "eval_episodes": 10,
  "episode_rewards": [
    232.8666547406975,
    240.29959838267067,
    231.204369306696,
    261.4265055829815,
    258.81270174420456,
    231.04382708753525,
    273.17383947475093,
    293.1092667234981,
    274.2654248683888,
    266.4820937447809
  ],
  "episode_lengths": [
    346,
    372,
    354,
    345,
    381,
    348,
    350,
    312,
    327,
    361
  ],
  "mean_eval_reward": 256.26842816562043,
  "mean_episode_length": 349.6,
  "min_eval_reward": 231.04382708753525,
  "max_eval_reward": 293.1092667234981
}