{
  "eval_episodes": 20,
  "eval_seed_offset": 10000,
  "eval_seeds": [
    10000,
    10001,
    10002,
    10003,
    10004,
    10005,
    10006,
    10007,
    10008,
    10009,
    10010,
    10011,
    10012,
    10013,
    10014,
    10015,
    10016,
    10017,
    10018,
    10019
  ],
  "episode_rewards": [
    -109.4635048033108,
    -115.58960429647544,
    -105.14174515439935,
    -107.11093605835313,
    -104.99110681012917,
    -112.95400876652491,
    -120.6151494187906,
    -111.18594505849627,
    -111.63888628043429,
    -111.99276719081362,
    -95.05909309317079,
    -101.26211053469494,
    -124.83957022608257,
    -115.8604799536413,
    -103.79102505005059,
    -100.53377749599184,
    -107.18779583791132,
    -91.91132167761512,
    -98.86978743176181,
    -123.75188332368421
  ],
  "episode_lengths": [
    57,
    76,
    81,
    61,
    83,
    74,
    78,
    81,
    76,
    74,
    52,
    60,
    67,
    69,
    60,
    82,
    62,
    54,
    54,
    68
  ],
  "episode_terminated": [
    true,
    true,
    true,
    true,
    true,
    true,
    true,
    true,
    true,
    true,
    true,
    true,
    true,
    true,
    true,
    true,
    true,
    true,
    true,
    true
  ],
  "mean_eval_reward": -108.6875249231166,
  "mean_episode_length": 68.45,
  "min_eval_reward": -124.83957022608257,
  "max_eval_reward": -91.91132167761512,
  "termination_breakdown": {
    "terminated": 20,
    "truncated": 0
  },
  "final_policy_component_evaluation": {
    "distance_reward": {
      "episode_sum_mean": -66.4848950902906,
      "episode_abs_sum_mean": 66.4848950902906,
      "signed_contribution_share": -0.7294654464864411,
      "magnitude_share": 0.7294654464864411,
      "active_rate": 1.0
    },
    "landing_quality": {
      "episode_sum_mean": 16.487447155857506,
      "episode_abs_sum_mean": 16.487447155857506,
      "signed_contribution_share": 0.1808985783106938,
      "magnitude_share": 0.1808985783106938,
      "active_rate": 1.0
    },
    "stability_penalty": {
      "episode_sum_mean": -8.169596567435423,
      "episode_abs_sum_mean": 8.169596567435423,
      "signed_contribution_share": -0.08963597520286512,
      "magnitude_share": 0.08963597520286512,
      "active_rate": 1.0
    }
  },
  "final_policy_component_error_count": 0
}