{
  "eval_episodes": 20,
  "eval_seed_offset": 10000,
  "eval_seeds": [
    10000,
    10001,
    10002,
    10003,
    10004,
    10005,
    10006,
    10007,
    10008,
    10009,
    10010,
    10011,
    10012,
    10013,
    10014,
    10015,
    10016,
    10017,
    10018,
    10019
  ],
  "episode_rewards": [
    230.2984811962623,
    -1.9488550457899407,
    -9.43182453358753,
    186.4605656437692,
    140.03567370737437,
    236.89298781143336,
    264.4386752941917,
    -33.33481206227377,
    218.77369253584678,
    302.0392605260903,
    276.1196090761661,
    252.50840085770335,
    286.18550335792224,
    246.96554424347832,
    75.1711264544911,
    -21.935979296606984,
    162.65211385991867,
    273.68789579932957,
    113.10653799870815,
    60.12204692760622
  ],
  "episode_lengths": [
    764,
    130,
    135,
    222,
    1000,
    303,
    288,
    130,
    219,
    265,
    284,
    387,
    191,
    330,
    1000,
    1000,
    403,
    223,
    1000,
    1000
  ],
  "episode_terminated": [
    true,
    true,
    true,
    true,
    false,
    true,
    true,
    true,
    true,
    true,
    true,
    true,
    true,
    true,
    false,
    false,
    true,
    true,
    false,
    false
  ],
  "mean_eval_reward": 162.94033221760168,
  "mean_episode_length": 463.7,
  "min_eval_reward": -33.33481206227377,
  "max_eval_reward": 302.0392605260903,
  "termination_breakdown": {
    "terminated": 15,
    "truncated": 5
  },
  "final_policy_component_evaluation": {
    "progress_reward": {
      "episode_sum_mean": 1.2359394380397173,
      "episode_abs_sum_mean": 1.478851293945855,
      "signed_contribution_share": 0.000942367001672248,
      "magnitude_share": 0.001127580055221197,
      "active_rate": 0.9867371145136942
    },
    "soft_landing_proxy": {
      "episode_sum_mean": 1186.3858376092899,
      "episode_abs_sum_mean": 1186.3858376092899,
      "signed_contribution_share": 0.9045838575938033,
      "magnitude_share": 0.9045838575938033,
      "active_rate": 0.9609661419020918
    },
    "speed_tracking_reward": {
      "episode_sum_mean": -123.6619624401576,
      "episode_abs_sum_mean": 123.6619624401576,
      "signed_contribution_share": -0.09428856235097546,
      "magnitude_share": 0.09428856235097546,
      "active_rate": 1.0
    }
  },
  "final_policy_component_error_count": 0
}