{
  "eval_episodes": 10,
  "episode_rewards": [
    171.0183170683046,
    169.31277290542883,
    138.67268497166873,
    179.27252982922684,
    199.09867489425645,
    182.598429964027,
    169.59901639983278,
    52.240116257193904,
    158.835270698626,
    143.86822902774054
  ],
  "episode_lengths": [
    1000,
    1000,
    1000,
    1000,
    1000,
    1000,
    1000,
    162,
    1000,
    1000
  ],
  "mean_eval_reward": 156.45160420163057,
  "mean_episode_length": 916.2,
  "min_eval_reward": 52.240116257193904,
  "max_eval_reward": 199.09867489425645
}