{
  "eval_episodes": 20,
  "eval_seed_offset": 10000,
  "eval_seeds": [
    10000,
    10001,
    10002,
    10003,
    10004,
    10005,
    10006,
    10007,
    10008,
    10009,
    10010,
    10011,
    10012,
    10013,
    10014,
    10015,
    10016,
    10017,
    10018,
    10019
  ],
  "episode_rewards": [
    310.21293038147235,
    311.27217612395685,
    311.5762930648634,
    311.56492286166446,
    311.3256844138806,
    312.7562876714213,
    313.0002499222949,
    310.48010859981855,
    309.87154815487986,
    310.34419738441284,
    310.19224487636467,
    310.4883635464752,
    311.55411523060167,
    311.83235370634736,
    310.70157369746255,
    311.6069344794439,
    311.2913727960176,
    311.8996585233475,
    309.794585082084,
    310.70535931979424
  ],
  "episode_lengths": [
    1065,
    1050,
    1044,
    1049,
    1039,
    1017,
    1015,
    1051,
    1087,
    1058,
    1065,
    1076,
    1035,
    1039,
    1050,
    1044,
    1054,
    1033,
    1094,
    1071
  ],
  "episode_terminated": [
    true,
    true,
    true,
    true,
    true,
    true,
    true,
    true,
    true,
    true,
    true,
    true,
    true,
    true,
    true,
    true,
    true,
    true,
    true,
    true
  ],
  "mean_eval_reward": 311.1235479918302,
  "mean_episode_length": 1051.8,
  "min_eval_reward": 309.794585082084,
  "max_eval_reward": 313.0002499222949,
  "termination_breakdown": {
    "terminated": 20,
    "truncated": 0
  },
  "final_policy_component_evaluation": {
    "angle_penalty": {
      "episode_sum_mean": -7.190175653206135,
      "episode_abs_sum_mean": 7.190175653206135,
      "signed_contribution_share": -0.012461658430745015,
      "magnitude_share": 0.012461658430745015,
      "active_rate": 1.0
    },
    "energy_penalty": {
      "episode_sum_mean": -64.11300761607664,
      "episode_abs_sum_mean": 64.11300761607664,
      "signed_contribution_share": -0.11111750816866944,
      "magnitude_share": 0.11111750816866944,
      "active_rate": 1.0
    },
    "forward_reward": {
      "episode_sum_mean": 504.3843403483821,
      "episode_abs_sum_mean": 504.46173772728434,
      "signed_contribution_share": 0.8741741051118075,
      "magnitude_share": 0.8743082464382276,
      "active_rate": 1.0
    },
    "vert_penalty": {
      "episode_sum_mean": -1.2189285580602607,
      "episode_abs_sum_mean": 1.2189285580602607,
      "signed_contribution_share": -0.0021125869623580436,
      "magnitude_share": 0.0021125869623580436,
      "active_rate": 1.0
    }
  },
  "final_policy_component_error_count": 0
}