{
  "eval_episodes": 20,
  "eval_seed_offset": 10000,
  "eval_seeds": [
    10000,
    10001,
    10002,
    10003,
    10004,
    10005,
    10006,
    10007,
    10008,
    10009,
    10010,
    10011,
    10012,
    10013,
    10014,
    10015,
    10016,
    10017,
    10018,
    10019
  ],
  "episode_rewards": [
    -43.08547509746256,
    114.44043006602617,
    5.083363975041139,
    -47.83426611098062,
    -49.26680011503869,
    -54.618420865893064,
    -157.1008790478279,
    157.42087040503935,
    -63.62058748307032,
    -21.21816269221134,
    7.310957970502375,
    -22.591456348277774,
    -14.476608150690376,
    -17.879047974142612,
    -36.155387739547194,
    -59.316321414722346,
    -61.90098829795588,
    -70.62463088400214,
    -30.919314913862276,
    -59.6175748185912
  ],
  "episode_lengths": [
    1000,
    740,
    1000,
    1000,
    1000,
    1000,
    946,
    892,
    1000,
    1000,
    1000,
    1000,
    1000,
    1000,
    1000,
    1000,
    1000,
    442,
    1000,
    1000
  ],
  "episode_terminated": [
    false,
    true,
    false,
    false,
    false,
    false,
    true,
    true,
    false,
    false,
    false,
    false,
    false,
    false,
    false,
    false,
    false,
    true,
    false,
    false
  ],
  "mean_eval_reward": -26.298514976883364,
  "mean_episode_length": 951,
  "min_eval_reward": -157.1008790478279,
  "max_eval_reward": 157.42087040503935,
  "termination_breakdown": {
    "terminated": 4,
    "truncated": 16
  },
  "final_policy_component_evaluation": {
    "fuel_penalty": {
      "episode_sum_mean": -42.997499999999654,
      "episode_abs_sum_mean": 42.997499999999654,
      "signed_contribution_share": -0.026309524984659487,
      "magnitude_share": 0.026309524984659487,
      "active_rate": 0.9042586750788644
    },
    "landing_reward": {
      "episode_sum_mean": 1523.5255914449692,
      "episode_abs_sum_mean": 1523.5255914449692,
      "signed_contribution_share": 0.9322224457907986,
      "magnitude_share": 0.9322224457907986,
      "active_rate": 0.8270767613038906
    },
    "proximity": {
      "episode_sum_mean": 67.7709532050416,
      "episode_abs_sum_mean": 67.7709532050416,
      "signed_contribution_share": 0.041468029224542007,
      "magnitude_share": 0.041468029224542007,
      "active_rate": 1.0
    }
  },
  "final_policy_component_error_count": 0
}