{
  "eval_episodes": 10,
  "episode_rewards": [
    -117.19205150394507,
    -104.93245698784769,
    -107.2726301011485,
    -108.41171414682054,
    -115.27663640627375,
    -122.54468634099659,
    -108.06467614741852,
    -116.54446141653114,
    -109.40483865009641,
    -96.02241562713301
  ],
  "episode_lengths": [
    76,
    81,
    61,
    83,
    74,
    78,
    81,
    76,
    74,
    52
  ],
  "mean_eval_reward": -110.56665673282112,
  "mean_episode_length": 73.6,
  "min_eval_reward": -122.54468634099659,
  "max_eval_reward": -96.02241562713301
}