{
  "eval_episodes": 10,
  "episode_rewards": [
    -1378.542423760775,
    -1361.8980607091482,
    -1429.7613036994867,
    -1424.5608928675497,
    -1408.071252925242,
    -1400.1621566605074,
    -1404.2606497545285,
    -1410.1264514277514,
    -1349.7212830673366,
    -1343.6582044415568
  ],
  "episode_lengths": [
    1000,
    1000,
    1000,
    1000,
    1000,
    1000,
    1000,
    1000,
    1000,
    1000
  ],
  "mean_eval_reward": -1391.0762679313882,
  "mean_episode_length": 1000,
  "min_eval_reward": -1429.7613036994867,
  "max_eval_reward": -1343.6582044415568
}