{
  "eval_episodes": 20,
  "eval_seed_offset": 10000,
  "eval_seeds": [
    10000,
    10001,
    10002,
    10003,
    10004,
    10005,
    10006,
    10007,
    10008,
    10009,
    10010,
    10011,
    10012,
    10013,
    10014,
    10015,
    10016,
    10017,
    10018,
    10019
  ],
  "episode_rewards": [
    -15.639395881509856,
    234.48656509916506,
    246.23783356609962,
    110.06118410392016,
    233.74718932415539,
    207.5140140091971,
    200.48381550423767,
    -27.604392441089473,
    -53.155268823665494,
    -126.85608467021582,
    233.7919492410784,
    -41.707769888284574,
    172.0912758501865,
    -9.151017945965847,
    178.337267177894,
    82.39483432380436,
    91.70561890607576,
    30.511377318286492,
    206.4253270882483,
    89.55897064796841
  ],
  "episode_lengths": [
    212,
    224,
    225,
    1000,
    265,
    307,
    332,
    152,
    256,
    222,
    366,
    270,
    393,
    183,
    479,
    1000,
    1000,
    142,
    248,
    1000
  ],
  "episode_terminated": [
    true,
    true,
    true,
    false,
    true,
    true,
    true,
    true,
    true,
    true,
    true,
    true,
    true,
    true,
    true,
    false,
    false,
    true,
    true,
    false
  ],
  "mean_eval_reward": 102.1616646254793,
  "mean_episode_length": 413.8,
  "min_eval_reward": -126.85608467021582,
  "max_eval_reward": 246.23783356609962,
  "termination_breakdown": {
    "terminated": 16,
    "truncated": 4
  },
  "final_policy_component_evaluation": {
    "angvel_penalty": {
      "episode_sum_mean": -0.29468477444880226,
      "episode_abs_sum_mean": 0.29468477444880226,
      "signed_contribution_share": -0.0015407603200130056,
      "magnitude_share": 0.0015407603200130056,
      "active_rate": 0.985258579023683
    },
    "landing_reward": {
      "episode_sum_mean": 146.3,
      "episode_abs_sum_mean": 146.3,
      "signed_contribution_share": 0.7649300349484647,
      "magnitude_share": 0.7649300349484647,
      "active_rate": 0.35355244079265347
    },
    "orientation_penalty": {
      "episode_sum_mean": -0.6205695141950474,
      "episode_abs_sum_mean": 0.6205695141950474,
      "signed_contribution_share": -0.003244649762003891,
      "magnitude_share": 0.003244649762003891,
      "active_rate": 1.0
    },
    "target_proximity": {
      "episode_sum_mean": -40.281333185005735,
      "episode_abs_sum_mean": 40.281333185005735,
      "signed_contribution_share": -0.21061108408050022,
      "magnitude_share": 0.21061108408050022,
      "active_rate": 1.0
    },
    "velocity_penalty": {
      "episode_sum_mean": -3.762734707177886,
      "episode_abs_sum_mean": 3.762734707177886,
      "signed_contribution_share": -0.019673470889018326,
      "magnitude_share": 0.019673470889018326,
      "active_rate": 0.9968583856935718
    }
  },
  "final_policy_component_error_count": 0
}