{
  "eval_episodes": 20,
  "eval_seed_offset": 10000,
  "eval_seeds": [
    10000,
    10001,
    10002,
    10003,
    10004,
    10005,
    10006,
    10007,
    10008,
    10009,
    10010,
    10011,
    10012,
    10013,
    10014,
    10015,
    10016,
    10017,
    10018,
    10019
  ],
  "episode_rewards": [
    215.49647896099907,
    212.34305851789975,
    229.12176171710746,
    192.36446360594178,
    203.34573318900286,
    193.06932882461678,
    220.53227353117947,
    210.0509634394454,
    -48.263630114808024,
    114.66078872219802,
    259.9170603069392,
    121.39499618486164,
    234.58502890490632,
    226.94654848037553,
    91.3197274554617,
    199.4527400198579,
    175.491092628233,
    -33.94797609442692,
    216.74448988772724,
    185.33421605072684
  ],
  "episode_lengths": [
    424,
    478,
    402,
    446,
    489,
    447,
    398,
    462,
    411,
    1000,
    446,
    1000,
    420,
    400,
    1000,
    495,
    669,
    274,
    416,
    454
  ],
  "episode_terminated": [
    true,
    true,
    true,
    true,
    true,
    true,
    true,
    true,
    true,
    false,
    true,
    false,
    true,
    true,
    false,
    true,
    true,
    true,
    true,
    true
  ],
  "mean_eval_reward": 170.99795721091226,
  "mean_episode_length": 526.55,
  "min_eval_reward": -48.263630114808024,
  "max_eval_reward": 259.9170603069392,
  "termination_breakdown": {
    "terminated": 17,
    "truncated": 3
  },
  "final_policy_component_evaluation": {
    "landing_proxy": {
      "episode_sum_mean": 212.39779801642808,
      "episode_abs_sum_mean": 212.39779801642808,
      "signed_contribution_share": 0.9862202147555913,
      "magnitude_share": 0.9862202147555913,
      "active_rate": 0.9992403380495679
    },
    "progress_reward": {
      "episode_sum_mean": 1.206306872497357,
      "episode_abs_sum_mean": 1.286946367591272,
      "signed_contribution_share": 0.005601207893706468,
      "magnitude_share": 0.00597563880076866,
      "active_rate": 0.9912638875700314
    },
    "stability_penalty": {
      "episode_sum_mean": -1.6807438087625173,
      "episode_abs_sum_mean": 1.6807438087625173,
      "signed_contribution_share": -0.007804146443640122,
      "magnitude_share": 0.007804146443640122,
      "active_rate": 1.0
    }
  },
  "final_policy_component_error_count": 0
}