{
  "eval_episodes": 20,
  "eval_seed_offset": 10000,
  "eval_seeds": [
    10000,
    10001,
    10002,
    10003,
    10004,
    10005,
    10006,
    10007,
    10008,
    10009,
    10010,
    10011,
    10012,
    10013,
    10014,
    10015,
    10016,
    10017,
    10018,
    10019
  ],
  "episode_rewards": [
    -99.97101764369049,
    -120.10336502211322,
    -105.73056095577492,
    -107.11093605835313,
    -114.04248449221078,
    -130.74661246230815,
    -105.1690210453054,
    -106.68444086051586,
    -119.79091111306334,
    -114.25436947840853,
    -98.56254375727205,
    -97.63587161767141,
    -125.61829705226162,
    -121.01044087428332,
    -101.1770157207815,
    -109.45262553543154,
    -107.52847728507237,
    -90.47867107050583,
    -79.93690407671009,
    -129.40766527137842
  ],
  "episode_lengths": [
    57,
    76,
    81,
    61,
    83,
    74,
    79,
    81,
    76,
    74,
    52,
    60,
    67,
    69,
    60,
    82,
    62,
    54,
    55,
    68
  ],
  "episode_terminated": [
    true,
    true,
    true,
    true,
    true,
    true,
    true,
    true,
    true,
    true,
    true,
    true,
    true,
    true,
    true,
    true,
    true,
    true,
    true,
    true
  ],
  "mean_eval_reward": -109.2206115696556,
  "mean_episode_length": 68.55,
  "min_eval_reward": -130.74661246230815,
  "max_eval_reward": -79.93690407671009,
  "termination_breakdown": {
    "terminated": 20,
    "truncated": 0
  },
  "final_policy_component_evaluation": {
    "progress_delta": {
      "episode_sum_mean": 11.197360865795273,
      "episode_abs_sum_mean": 11.599227493149133,
      "signed_contribution_share": 0.2998797872518887,
      "magnitude_share": 0.31064229461044296,
      "active_rate": 1.0
    },
    "weighted_stability_penalty": {
      "episode_sum_mean": -25.740271005260418,
      "episode_abs_sum_mean": 25.740271005260418,
      "signed_contribution_share": -0.689357705389557,
      "magnitude_share": 0.689357705389557,
      "active_rate": 1.0
    }
  },
  "final_policy_component_error_count": 0
}