{
  "eval_episodes": 20,
  "eval_seed_offset": 10000,
  "eval_seeds": [
    10000,
    10001,
    10002,
    10003,
    10004,
    10005,
    10006,
    10007,
    10008,
    10009,
    10010,
    10011,
    10012,
    10013,
    10014,
    10015,
    10016,
    10017,
    10018,
    10019
  ],
  "episode_rewards": [
    -96.37872668725964,
    -119.1898642744063,
    -98.5591636488658,
    -107.11093605835313,
    -107.37929362201119,
    -114.4183276029303,
    -121.17257978415849,
    -115.51722241534044,
    -114.49986961617577,
    -109.72120255658518,
    -96.7771616562261,
    -99.89318878926825,
    -124.5765976242619,
    -117.68808871104439,
    -103.79102505005059,
    -103.47875895363543,
    -110.40367845642766,
    -102.02413591215955,
    -78.93329196449965,
    -125.88283979681935
  ],
  "episode_lengths": [
    57,
    76,
    81,
    61,
    83,
    74,
    78,
    80,
    76,
    74,
    52,
    60,
    67,
    69,
    60,
    82,
    62,
    54,
    55,
    68
  ],
  "episode_terminated": [
    true,
    true,
    true,
    true,
    true,
    true,
    true,
    true,
    true,
    true,
    true,
    true,
    true,
    true,
    true,
    true,
    true,
    true,
    true,
    true
  ],
  "mean_eval_reward": -108.36979765902396,
  "mean_episode_length": 68.45,
  "min_eval_reward": -125.88283979681935,
  "max_eval_reward": -78.93329196449965,
  "termination_breakdown": {
    "terminated": 20,
    "truncated": 0
  },
  "final_policy_component_evaluation": {
    "distance_reward": {
      "episode_sum_mean": -66.46026653158795,
      "episode_abs_sum_mean": 66.46026653158795,
      "signed_contribution_share": -0.790354226413663,
      "magnitude_share": 0.790354226413663,
      "active_rate": 1.0
    },
    "landing_quality": {
      "episode_sum_mean": 9.463002921820479,
      "episode_abs_sum_mean": 9.463002921820479,
      "signed_contribution_share": 0.11253527474601535,
      "magnitude_share": 0.11253527474601535,
      "active_rate": 0.42366691015339664
    },
    "stability_penalty": {
      "episode_sum_mean": -8.165945623178443,
      "episode_abs_sum_mean": 8.165945623178443,
      "signed_contribution_share": -0.09711049884032161,
      "magnitude_share": 0.09711049884032161,
      "active_rate": 1.0
    }
  },
  "final_policy_component_error_count": 0
}