{
  "eval_episodes": 20,
  "eval_seed_offset": 10000,
  "eval_seeds": [
    10000,
    10001,
    10002,
    10003,
    10004,
    10005,
    10006,
    10007,
    10008,
    10009,
    10010,
    10011,
    10012,
    10013,
    10014,
    10015,
    10016,
    10017,
    10018,
    10019
  ],
  "episode_rewards": [
    -29.56218444902854,
    -15.327667743826154,
    12.974534045870508,
    -33.99317362705638,
    -38.05706705519744,
    -35.84151401105781,
    -13.894633307177731,
    -8.894617051189506,
    -47.59975435096627,
    -26.93220105414653,
    12.207643323356665,
    1.0146843864650954,
    -3.1358501354249175,
    2.0555293353030484,
    -23.893116979267045,
    -54.10585920762574,
    -44.70478216306092,
    -22.42147111047286,
    -20.92736666468317,
    -45.263778871524366
  ],
  "episode_lengths": [
    1000,
    1000,
    1000,
    1000,
    1000,
    1000,
    1000,
    1000,
    1000,
    1000,
    1000,
    1000,
    1000,
    1000,
    1000,
    1000,
    1000,
    1000,
    1000,
    1000
  ],
  "episode_terminated": [
    false,
    false,
    false,
    false,
    false,
    false,
    false,
    false,
    false,
    false,
    false,
    false,
    false,
    false,
    false,
    false,
    false,
    false,
    false,
    false
  ],
  "mean_eval_reward": -21.815132334535505,
  "mean_episode_length": 1000,
  "min_eval_reward": -54.10585920762574,
  "max_eval_reward": 12.974534045870508,
  "termination_breakdown": {
    "terminated": 0,
    "truncated": 20
  },
  "final_policy_component_evaluation": {
    "approach_and_soft_landing": {
      "episode_sum_mean": 340.06268927156924,
      "episode_abs_sum_mean": 340.06268927156924,
      "signed_contribution_share": 0.9989943390849227,
      "magnitude_share": 0.9989943390849227,
      "active_rate": 1.0
    },
    "contact_reward": {
      "episode_sum_mean": 0.0,
      "episode_abs_sum_mean": 0.0,
      "signed_contribution_share": 0.0,
      "magnitude_share": 0.0,
      "active_rate": 0.0
    },
    "upright_stabilization": {
      "episode_sum_mean": -0.3423320252142258,
      "episode_abs_sum_mean": 0.3423320252142258,
      "signed_contribution_share": -0.0010056609150772846,
      "magnitude_share": 0.0010056609150772846,
      "active_rate": 1.0
    }
  },
  "final_policy_component_error_count": 0
}