{
  "eval_episodes": 20,
  "eval_seed_offset": 10000,
  "eval_seeds": [
    10000,
    10001,
    10002,
    10003,
    10004,
    10005,
    10006,
    10007,
    10008,
    10009,
    10010,
    10011,
    10012,
    10013,
    10014,
    10015,
    10016,
    10017,
    10018,
    10019
  ],
  "episode_rewards": [
    -121.69098669710533,
    -120.18696256080167,
    -121.64670915772572,
    -110.07430696923385,
    -109.54595482367489,
    -116.69455837196583,
    -125.9419375478532,
    -112.96505717494598,
    -118.46318672784753,
    -107.59852141617444,
    -93.97358567145544,
    -101.34176446820427,
    -121.49206280117033,
    -131.4012544292266,
    -117.76154088817987,
    -107.11329568422343,
    -111.80662566871285,
    -100.83088300118231,
    -111.02888515715506,
    -140.07617464217574
  ],
  "episode_lengths": [
    57,
    76,
    82,
    61,
    83,
    74,
    78,
    81,
    76,
    74,
    52,
    60,
    67,
    68,
    60,
    82,
    62,
    54,
    54,
    68
  ],
  "episode_terminated": [
    true,
    true,
    true,
    true,
    true,
    true,
    true,
    true,
    true,
    true,
    true,
    true,
    true,
    true,
    true,
    true,
    true,
    true,
    true,
    true
  ],
  "mean_eval_reward": -115.08171269295072,
  "mean_episode_length": 68.45,
  "min_eval_reward": -140.07617464217574,
  "max_eval_reward": -93.97358567145544,
  "termination_breakdown": {
    "terminated": 20,
    "truncated": 0
  },
  "final_policy_component_evaluation": {
    "distance_penalty": {
      "episode_sum_mean": -33.27001910386607,
      "episode_abs_sum_mean": 33.27001910386607,
      "signed_contribution_share": -0.3718741257945454,
      "magnitude_share": 0.3718741257945454,
      "active_rate": 1.0
    },
    "engine_penalty": {
      "episode_sum_mean": -0.2875,
      "episode_abs_sum_mean": 0.2875,
      "signed_contribution_share": -0.003213518177797142,
      "magnitude_share": 0.003213518177797142,
      "active_rate": 0.08400292184075968
    },
    "orientation_penalty": {
      "episode_sum_mean": -0.234627468632764,
      "episode_abs_sum_mean": 0.234627468632764,
      "signed_contribution_share": -0.002622537862476229,
      "magnitude_share": 0.002622537862476229,
      "active_rate": 1.0
    },
    "progress_delta": {
      "episode_sum_mean": 44.78525869548321,
      "episode_abs_sum_mean": 46.32301677763462,
      "signed_contribution_share": 0.5005851927488097,
      "magnitude_share": 0.5177734137924551,
      "active_rate": 1.0
    },
    "stable_landing_bonus": {
      "episode_sum_mean": 4.178747569769621,
      "episode_abs_sum_mean": 4.178747569769621,
      "signed_contribution_share": 0.046707760959583684,
      "magnitude_share": 0.046707760959583684,
      "active_rate": 0.005843681519357195
    },
    "velocity_damping": {
      "episode_sum_mean": -5.171896986956337,
      "episode_abs_sum_mean": 5.171896986956337,
      "signed_contribution_share": -0.057808643413142465,
      "magnitude_share": 0.057808643413142465,
      "active_rate": 1.0
    }
  },
  "final_policy_component_error_count": 0
}