{
  "eval_episodes": 10,
  "episode_rewards": [
    -2.984832819647516,
    -55.52948149217094,
    -57.92217104673353,
    -58.777208585574364,
    -32.79706745129147,
    -31.254957128381612,
    -76.72619352431697,
    -25.393674560794196,
    -14.290128830355846,
    -21.721763272578862
  ],
  "episode_lengths": [
    1000,
    1000,
    1000,
    1000,
    1000,
    1000,
    1000,
    1000,
    1000,
    1000
  ],
  "mean_eval_reward": -37.73974787118453,
  "mean_episode_length": 1000,
  "min_eval_reward": -76.72619352431697,
  "max_eval_reward": -2.984832819647516
}