{
  "eval_episodes": 10,
  "episode_rewards": [
    185.2187820678514,
    243.25415254411138,
    252.00873931725417,
    245.42865591952918,
    271.4237173494846,
    271.17791192500647,
    243.43599119358737,
    284.5049774294324,
    182.96049008320125,
    168.54560034642915
  ],
  "episode_lengths": [
    1000,
    284,
    304,
    284,
    296,
    293,
    284,
    291,
    1000,
    1000
  ],
  "mean_eval_reward": 234.79590181758874,
  "mean_episode_length": 503.6,
  "min_eval_reward": 168.54560034642915,
  "max_eval_reward": 284.5049774294324
}