{
  "eval_episodes": 20,
  "eval_seed_offset": 10000,
  "eval_seeds": [
    10000,
    10001,
    10002,
    10003,
    10004,
    10005,
    10006,
    10007,
    10008,
    10009,
    10010,
    10011,
    10012,
    10013,
    10014,
    10015,
    10016,
    10017,
    10018,
    10019
  ],
  "episode_rewards": [
    134.00863326604724,
    0.28331292631712346,
    27.631934030132346,
    -28.247280224466863,
    -50.42150024900428,
    91.93990995896952,
    -17.87630957638552,
    -4.883108438979816,
    -45.39215861027067,
    136.30051032979986,
    -41.342515211595284,
    -8.94241018025178,
    122.26454259011821,
    -9.772898774655216,
    -32.47942054249658,
    -38.25103104590623,
    -52.57047011599933,
    -18.54958543302805,
    -30.105179671894277,
    -47.71741212490515
  ],
  "episode_lengths": [
    844,
    1000,
    1000,
    1000,
    1000,
    806,
    1000,
    1000,
    1000,
    930,
    558,
    1000,
    859,
    1000,
    1000,
    1000,
    1000,
    1000,
    1000,
    1000
  ],
  "episode_terminated": [
    true,
    false,
    false,
    false,
    false,
    true,
    false,
    false,
    false,
    true,
    true,
    false,
    true,
    false,
    false,
    false,
    false,
    false,
    false,
    false
  ],
  "mean_eval_reward": 4.293878145077263,
  "mean_episode_length": 949.85,
  "min_eval_reward": -52.57047011599933,
  "max_eval_reward": 136.30051032979986,
  "termination_breakdown": {
    "terminated": 5,
    "truncated": 15
  },
  "final_policy_component_evaluation": {
    "attitude_penalty": {
      "episode_sum_mean": -0.07277589142785366,
      "episode_abs_sum_mean": 0.07277589142785366,
      "signed_contribution_share": -8.215415755769715e-05,
      "magnitude_share": 8.215415755769715e-05,
      "active_rate": 1.0
    },
    "contact_quality": {
      "episode_sum_mean": 52.608444440364835,
      "episode_abs_sum_mean": 52.608444440364835,
      "signed_contribution_share": 0.05938783227002728,
      "magnitude_share": 0.05938783227002728,
      "active_rate": 0.015002368795072905
    },
    "descent_quality": {
      "episode_sum_mean": 138.72287325374782,
      "episode_abs_sum_mean": 138.72287325374782,
      "signed_contribution_share": 0.1565993979949105,
      "magnitude_share": 0.1565993979949105,
      "active_rate": 1.0
    },
    "proximity": {
      "episode_sum_mean": 694.202769780159,
      "episode_abs_sum_mean": 694.202769780159,
      "signed_contribution_share": 0.7836612181115944,
      "magnitude_share": 0.7836612181115944,
      "active_rate": 1.0
    },
    "velocity_penalty": {
      "episode_sum_mean": -0.23864453501629568,
      "episode_abs_sum_mean": 0.23864453501629568,
      "signed_contribution_share": -0.000269397465910097,
      "magnitude_share": 0.000269397465910097,
      "active_rate": 0.998104963941675
    }
  },
  "final_policy_component_error_count": 0
}