{
  "eval_episodes": 20,
  "eval_seed_offset": 10000,
  "eval_seeds": [
    10000,
    10001,
    10002,
    10003,
    10004,
    10005,
    10006,
    10007,
    10008,
    10009,
    10010,
    10011,
    10012,
    10013,
    10014,
    10015,
    10016,
    10017,
    10018,
    10019
  ],
  "episode_rewards": [
    -116.58228711295956,
    -126.56431460268024,
    -117.83801308310666,
    -123.28500756010135,
    -117.71768783929474,
    -137.9475253429162,
    -134.77716197182426,
    -128.60453244692494,
    -151.3350033926734,
    -132.6763468173432,
    -116.16709324287882,
    -103.38855564788554,
    -136.84161248659478,
    -140.11616257932866,
    -113.6758566099719,
    -110.63283231780022,
    -110.85842758138182,
    -108.94939447678652,
    -105.74087725869566,
    -143.57917632752458
  ],
  "episode_lengths": [
    57,
    76,
    81,
    61,
    83,
    74,
    78,
    80,
    75,
    74,
    51,
    60,
    67,
    69,
    60,
    82,
    62,
    54,
    54,
    68
  ],
  "episode_terminated": [
    true,
    true,
    true,
    true,
    true,
    true,
    true,
    true,
    true,
    true,
    true,
    true,
    true,
    true,
    true,
    true,
    true,
    true,
    true,
    true
  ],
  "mean_eval_reward": -123.86389343493366,
  "mean_episode_length": 68.3,
  "min_eval_reward": -151.3350033926734,
  "max_eval_reward": -103.38855564788554,
  "termination_breakdown": {
    "terminated": 20,
    "truncated": 0
  },
  "final_policy_component_evaluation": {
    "approach_improvement": {
      "episode_sum_mean": 1.75946236574091,
      "episode_abs_sum_mean": 1.75946236574091,
      "signed_contribution_share": 0.3911633320603977,
      "magnitude_share": 0.3911633320603977,
      "active_rate": 0.016105417276720352
    },
    "contact_event": {
      "episode_sum_mean": 1.4,
      "episode_abs_sum_mean": 1.4,
      "signed_contribution_share": 0.31124772859460975,
      "magnitude_share": 0.31124772859460975,
      "active_rate": 0.010248901903367497
    },
    "fuel_penalty": {
      "episode_sum_mean": -0.185,
      "episode_abs_sum_mean": 0.185,
      "signed_contribution_share": -0.04112916413571629,
      "magnitude_share": 0.04112916413571629,
      "active_rate": 0.05417276720351391
    },
    "progress_delta": {
      "episode_sum_mean": 1.1146781142801045,
      "episode_abs_sum_mean": 1.1535624273121357,
      "signed_contribution_share": 0.2478150222741467,
      "magnitude_share": 0.2564597752092763,
      "active_rate": 1.0
    }
  },
  "final_policy_component_error_count": 0
}