{
  "eval_episodes": 20,
  "eval_seed_offset": 10000,
  "eval_seeds": [
    10000,
    10001,
    10002,
    10003,
    10004,
    10005,
    10006,
    10007,
    10008,
    10009,
    10010,
    10011,
    10012,
    10013,
    10014,
    10015,
    10016,
    10017,
    10018,
    10019
  ],
  "episode_rewards": [
    234.29386374308217,
    -28.342147679615252,
    -30.6635779097888,
    -171.80616597439848,
    -34.30748872774513,
    -26.104700745426427,
    3.0458975903029852,
    -43.77981429780817,
    -61.10407689434123,
    -151.08764053228705,
    -141.5246146801169,
    60.60246432323219,
    -51.257829326192635,
    -98.4885531043427,
    220.23011032421144,
    -18.221036578107494,
    -164.9186740422944,
    5.370150241594814,
    41.2816446770353,
    -32.34918884189301
  ],
  "episode_lengths": [
    262,
    108,
    104,
    282,
    1000,
    122,
    149,
    113,
    210,
    702,
    519,
    1000,
    138,
    148,
    279,
    1000,
    580,
    91,
    120,
    1000
  ],
  "episode_terminated": [
    true,
    true,
    true,
    true,
    false,
    true,
    true,
    true,
    true,
    true,
    true,
    false,
    true,
    true,
    true,
    false,
    true,
    true,
    true,
    false
  ],
  "mean_eval_reward": -24.45656892174494,
  "mean_episode_length": 396.35,
  "min_eval_reward": -171.80616597439848,
  "max_eval_reward": 234.29386374308217,
  "termination_breakdown": {
    "terminated": 16,
    "truncated": 4
  },
  "final_policy_component_evaluation": {
    "angle_penalty": {
      "episode_sum_mean": -4.163748354778803,
      "episode_abs_sum_mean": 4.163748354778803,
      "signed_contribution_share": -0.5559044413036847,
      "magnitude_share": 0.5559044413036847,
      "active_rate": 1.0
    },
    "potential_diff": {
      "episode_sum_mean": 0.8813195109246299,
      "episode_abs_sum_mean": 3.326294978953426,
      "signed_contribution_share": 0.1176654755728196,
      "magnitude_share": 0.4440955586963153,
      "active_rate": 1.0
    }
  },
  "final_policy_component_error_count": 0
}