{
  "eval_episodes": 10,
  "episode_rewards": [
    137.63898553212806,
    91.24938451964853,
    98.33465071664361,
    87.78499010574853,
    122.16331558203592,
    111.03226250158855,
    83.64831934711309,
    129.19301705503565,
    263.211510175798,
    130.14105784213675
  ],
  "episode_lengths": [
    1000,
    1000,
    1000,
    1000,
    1000,
    1000,
    1000,
    1000,
    379,
    1000
  ],
  "mean_eval_reward": 125.43974933778767,
  "mean_episode_length": 937.9,
  "min_eval_reward": 83.64831934711309,
  "max_eval_reward": 263.211510175798
}