{
  "eval_episodes": 10,
  "episode_rewards": [
    -106.18214469335277,
    -113.16052609653318,
    -122.93511787549025,
    -108.6078934348344,
    -114.79871262941796,
    -108.2238323967745,
    -95.05909309317079,
    -102.78907398865839,
    -121.46513974852763,
    -117.94376844042972
  ],
  "episode_lengths": [
    83,
    74,
    78,
    81,
    76,
    74,
    52,
    60,
    67,
    69
  ],
  "mean_eval_reward": -111.11653023971895,
  "mean_episode_length": 71.4,
  "min_eval_reward": -122.93511787549025,
  "max_eval_reward": -95.05909309317079
}