{
  "eval_episodes": 20,
  "eval_seed_offset": 10000,
  "eval_seeds": [
    10000,
    10001,
    10002,
    10003,
    10004,
    10005,
    10006,
    10007,
    10008,
    10009,
    10010,
    10011,
    10012,
    10013,
    10014,
    10015,
    10016,
    10017,
    10018,
    10019
  ],
  "episode_rewards": [
    1.7875983145343166,
    6.63880705810464,
    236.0130295542921,
    -14.99227659780104,
    -15.320011486733192,
    -30.57014613575984,
    11.821059840882606,
    11.540861485844784,
    18.73360124092332,
    226.39577335729768,
    39.46784980732622,
    205.814818986381,
    -54.5837194787098,
    -348.3408878820464,
    -5.7704205779480615,
    -31.593390968090755,
    -21.03588167137722,
    204.8509450251862,
    4.07696019359254,
    -19.64714461447061
  ],
  "episode_lengths": [
    1000,
    1000,
    400,
    1000,
    1000,
    1000,
    1000,
    1000,
    1000,
    243,
    1000,
    323,
    98,
    100,
    1000,
    1000,
    1000,
    257,
    1000,
    1000
  ],
  "episode_terminated": [
    false,
    false,
    true,
    false,
    false,
    false,
    false,
    false,
    false,
    true,
    false,
    true,
    true,
    true,
    false,
    false,
    false,
    true,
    false,
    false
  ],
  "mean_eval_reward": 21.264371272571427,
  "mean_episode_length": 771.05,
  "min_eval_reward": -348.3408878820464,
  "max_eval_reward": 236.0130295542921,
  "termination_breakdown": {
    "terminated": 6,
    "truncated": 14
  },
  "final_policy_component_evaluation": {
    "angle_stability": {
      "episode_sum_mean": -9.542427722073835,
      "episode_abs_sum_mean": 9.542427722073835,
      "signed_contribution_share": -0.016207183691666936,
      "magnitude_share": 0.016207183691666936,
      "active_rate": 1.0
    },
    "approach_progress": {
      "episode_sum_mean": 5.917686332005542,
      "episode_abs_sum_mean": 7.198990934516769,
      "signed_contribution_share": 0.010050799671305956,
      "magnitude_share": 0.012227010973367005,
      "active_rate": 0.9999351533622982
    },
    "landing_quality": {
      "episode_sum_mean": 55.67995515288785,
      "episode_abs_sum_mean": 55.67995515288785,
      "signed_contribution_share": 0.09456872898488251,
      "magnitude_share": 0.09456872898488251,
      "active_rate": 1.0
    },
    "touchdown_success": {
      "episode_sum_mean": 494.81260972619054,
      "episode_abs_sum_mean": 494.81260972619054,
      "signed_contribution_share": 0.8404065602964407,
      "magnitude_share": 0.8404065602964407,
      "active_rate": 0.08423578237468388
    },
    "velocity_penalty": {
      "episode_sum_mean": -21.54367849454284,
      "episode_abs_sum_mean": 21.54367849454284,
      "signed_contribution_share": -0.03659051605364297,
      "magnitude_share": 0.03659051605364297,
      "active_rate": 0.1881200959730238
    }
  },
  "final_policy_component_error_count": 0
}