{
  "eval_episodes": 20,
  "eval_seed_offset": 10000,
  "eval_seeds": [
    10000,
    10001,
    10002,
    10003,
    10004,
    10005,
    10006,
    10007,
    10008,
    10009,
    10010,
    10011,
    10012,
    10013,
    10014,
    10015,
    10016,
    10017,
    10018,
    10019
  ],
  "episode_rewards": [
    -118.69017714504989,
    -123.80389817804661,
    -108.7797548379396,
    -122.83347125192714,
    -132.61244339651853,
    -136.391793805012,
    -139.47149947904458,
    -126.68987740023803,
    -151.3350033926734,
    -128.2882404691004,
    -113.75101510295093,
    -98.05724253030002,
    -131.20253738765769,
    -119.12299383732588,
    -116.38033724770338,
    -110.63283231780022,
    -111.80662566871285,
    -105.97709509171821,
    -111.02888515715506,
    -144.39876344372195
  ],
  "episode_lengths": [
    57,
    76,
    81,
    61,
    83,
    74,
    78,
    80,
    75,
    74,
    51,
    60,
    67,
    69,
    60,
    82,
    62,
    54,
    54,
    68
  ],
  "episode_terminated": [
    true,
    true,
    true,
    true,
    true,
    true,
    true,
    true,
    true,
    true,
    true,
    true,
    true,
    true,
    true,
    true,
    true,
    true,
    true,
    true
  ],
  "mean_eval_reward": -122.56272435702982,
  "mean_episode_length": 68.3,
  "min_eval_reward": -151.3350033926734,
  "max_eval_reward": -98.05724253030002,
  "termination_breakdown": {
    "terminated": 20,
    "truncated": 0
  },
  "final_policy_component_evaluation": {
    "angle_penalty": {
      "episode_sum_mean": -0.0014371572628078867,
      "episode_abs_sum_mean": 0.0014371572628078867,
      "signed_contribution_share": -0.000561399057109611,
      "magnitude_share": 0.000561399057109611,
      "active_rate": 0.0212298682284041
    },
    "contact_bonus": {
      "episode_sum_mean": 0.15257963743060826,
      "episode_abs_sum_mean": 0.15257963743060826,
      "signed_contribution_share": 0.0596024296048944,
      "magnitude_share": 0.0596024296048944,
      "active_rate": 0.0314787701317716
    },
    "fuel_cost": {
      "episode_sum_mean": -0.032,
      "episode_abs_sum_mean": 0.032,
      "signed_contribution_share": -0.01250021155820371,
      "magnitude_share": 0.01250021155820371,
      "active_rate": 0.02342606149341142
    },
    "progress": {
      "episode_sum_mean": 1.1150211695581675,
      "episode_abs_sum_mean": 1.1546746727079154,
      "signed_contribution_share": 0.43556251597977574,
      "magnitude_share": 0.4510524278046428,
      "active_rate": 1.0
    },
    "vertical_penalty": {
      "episode_sum_mean": -1.2192652062118328,
      "episode_abs_sum_mean": 1.2192652062118328,
      "signed_contribution_share": -0.47628353197514944,
      "magnitude_share": 0.47628353197514944,
      "active_rate": 0.7437774524158126
    }
  },
  "final_policy_component_error_count": 0
}