{
  "eval_episodes": 20,
  "eval_seed_offset": 10000,
  "eval_seeds": [
    10000,
    10001,
    10002,
    10003,
    10004,
    10005,
    10006,
    10007,
    10008,
    10009,
    10010,
    10011,
    10012,
    10013,
    10014,
    10015,
    10016,
    10017,
    10018,
    10019
  ],
  "episode_rewards": [
    252.76788148282952,
    276.2019241783215,
    298.8666717955447,
    247.9290823831387,
    258.0028440679787,
    245.46231795906002,
    267.3564167475337,
    275.01949814715033,
    241.41051629634566,
    278.1330942044808,
    277.2313928379923,
    278.3374105463904,
    278.15167617777854,
    296.99112247459857,
    260.6213890938876,
    241.19470104553477,
    219.84531871296997,
    280.8429020889545,
    259.5227622548939,
    238.69407243679962
  ],
  "episode_lengths": [
    293,
    295,
    297,
    288,
    313,
    302,
    331,
    301,
    304,
    318,
    349,
    323,
    316,
    279,
    318,
    321,
    303,
    276,
    310,
    313
  ],
  "episode_terminated": [
    true,
    true,
    true,
    true,
    true,
    true,
    true,
    true,
    true,
    true,
    true,
    true,
    true,
    true,
    true,
    true,
    true,
    true,
    true,
    true
  ],
  "mean_eval_reward": 263.6291497466092,
  "mean_episode_length": 307.5,
  "min_eval_reward": 219.84531871296997,
  "max_eval_reward": 298.8666717955447,
  "termination_breakdown": {
    "terminated": 20,
    "truncated": 0
  },
  "final_policy_component_evaluation": {},
  "final_policy_component_error_count": 0
}