{
  "eval_episodes": 20,
  "eval_seed_offset": 10000,
  "eval_seeds": [
    10000,
    10001,
    10002,
    10003,
    10004,
    10005,
    10006,
    10007,
    10008,
    10009,
    10010,
    10011,
    10012,
    10013,
    10014,
    10015,
    10016,
    10017,
    10018,
    10019
  ],
  "episode_rewards": [
    -198.51016862733275,
    -112.53883309503829,
    -81.88878817265223,
    -166.09203744398468,
    -155.87769996578098,
    -175.15722290569232,
    -174.5010932774183,
    -118.48754043794487,
    -211.46519948421016,
    -97.4164989655679,
    -79.39104930322941,
    115.34515819891139,
    -204.5638101627544,
    -107.88454691261357,
    -110.68944810768782,
    -183.5196435909712,
    -136.4456314011753,
    -136.72055574827922,
    -9.45995244711385,
    -46.713601569200975
  ],
  "episode_lengths": [
    967,
    391,
    348,
    600,
    529,
    591,
    829,
    412,
    706,
    645,
    405,
    667,
    930,
    540,
    1000,
    663,
    1000,
    492,
    1000,
    1000
  ],
  "episode_terminated": [
    true,
    true,
    true,
    true,
    true,
    true,
    true,
    true,
    true,
    true,
    true,
    true,
    true,
    true,
    false,
    true,
    false,
    true,
    false,
    false
  ],
  "mean_eval_reward": -119.59890817098685,
  "mean_episode_length": 685.75,
  "min_eval_reward": -211.46519948421016,
  "max_eval_reward": 115.34515819891139,
  "termination_breakdown": {
    "terminated": 16,
    "truncated": 4
  },
  "final_policy_component_evaluation": {
    "alignment": {
      "episode_sum_mean": 219.240640437603,
      "episode_abs_sum_mean": 219.240640437603,
      "signed_contribution_share": 0.04392789287420297,
      "magnitude_share": 0.04392789287420297,
      "active_rate": 1.0
    },
    "angvel_penalty": {
      "episode_sum_mean": -1.9702443942809587,
      "episode_abs_sum_mean": 1.9702443942809587,
      "signed_contribution_share": -0.0003947656990748714,
      "magnitude_share": 0.0003947656990748714,
      "active_rate": 0.07699598979219832
    },
    "att_penalty": {
      "episode_sum_mean": -2.408607941716319,
      "episode_abs_sum_mean": 2.408607941716319,
      "signed_contribution_share": -0.0004825978953011754,
      "magnitude_share": 0.0004825978953011754,
      "active_rate": 0.11746263215457528
    },
    "contact_reward": {
      "episode_sum_mean": 16.9,
      "episode_abs_sum_mean": 16.9,
      "signed_contribution_share": 0.0033861486086349743,
      "magnitude_share": 0.0033861486086349743,
      "active_rate": 0.012322274881516588
    },
    "down_penalty": {
      "episode_sum_mean": -0.007634948145144449,
      "episode_abs_sum_mean": 0.007634948145144449,
      "signed_contribution_share": -1.5297673987385243e-06,
      "magnitude_share": 1.5297673987385243e-06,
      "active_rate": 0.004374772147283996
    },
    "height_near": {
      "episode_sum_mean": 4738.597270949615,
      "episode_abs_sum_mean": 4738.597270949615,
      "signed_contribution_share": 0.9494434648465994,
      "magnitude_share": 0.9494434648465994,
      "active_rate": 1.0
    },
    "lat_penalty": {
      "episode_sum_mean": -7.154756897663152,
      "episode_abs_sum_mean": 7.154756897663152,
      "signed_contribution_share": -0.00143355444462388,
      "magnitude_share": 0.00143355444462388,
      "active_rate": 0.25395552314983594
    },
    "progress": {
      "episode_sum_mean": 1.4695935733616352,
      "episode_abs_sum_mean": 4.641785379499197,
      "signed_contribution_share": 0.0002944533866093137,
      "magnitude_share": 0.000930045864164105,
      "active_rate": 1.0
    }
  },
  "final_policy_component_error_count": 0
}