{
  "eval_episodes": 20,
  "eval_seed_offset": 10000,
  "eval_seeds": [
    10000,
    10001,
    10002,
    10003,
    10004,
    10005,
    10006,
    10007,
    10008,
    10009,
    10010,
    10011,
    10012,
    10013,
    10014,
    10015,
    10016,
    10017,
    10018,
    10019
  ],
  "episode_rewards": [
    -72.9853360347424,
    267.20276381952135,
    -96.59737918402811,
    165.2786449552112,
    103.05930615242626,
    167.57741135203997,
    260.6094381368142,
    -28.531230960348864,
    -119.03166617873299,
    186.0914290128187,
    0.29058545939756186,
    9.76305069592702,
    235.66790706818642,
    -169.70954976295306,
    -40.967463531667704,
    -158.500798223964,
    -154.7435172429855,
    -19.24449813580162,
    -138.95709257998254,
    134.78211201593095
  ],
  "episode_lengths": [
    321,
    308,
    506,
    357,
    597,
    400,
    303,
    132,
    603,
    511,
    199,
    220,
    209,
    365,
    193,
    438,
    346,
    132,
    343,
    507
  ],
  "episode_terminated": [
    true,
    true,
    true,
    true,
    true,
    true,
    true,
    true,
    true,
    true,
    true,
    true,
    true,
    true,
    true,
    true,
    true,
    true,
    true,
    true
  ],
  "mean_eval_reward": 26.552705841653342,
  "mean_episode_length": 349.5,
  "min_eval_reward": -169.70954976295306,
  "max_eval_reward": 267.20276381952135,
  "termination_breakdown": {
    "terminated": 20,
    "truncated": 0
  },
  "final_policy_component_evaluation": {
    "contact_reward": {
      "episode_sum_mean": 176.44904160499573,
      "episode_abs_sum_mean": 176.44904160499573,
      "signed_contribution_share": 0.5238816931431046,
      "magnitude_share": 0.5238816931431046,
      "active_rate": 0.13505007153075824
    },
    "goal_proximity": {
      "episode_sum_mean": -147.3572457252012,
      "episode_abs_sum_mean": 147.3572457252012,
      "signed_contribution_share": -0.43750741112122454,
      "magnitude_share": 0.43750741112122454,
      "active_rate": 1.0
    },
    "orientation_penalty": {
      "episode_sum_mean": -2.3159430203220195,
      "episode_abs_sum_mean": 2.3159430203220195,
      "signed_contribution_share": -0.006876093741701026,
      "magnitude_share": 0.006876093741701026,
      "active_rate": 1.0
    },
    "velocity_penalty": {
      "episode_sum_mean": -10.688625830318331,
      "episode_abs_sum_mean": 10.688625830318331,
      "signed_contribution_share": -0.031734801993969865,
      "magnitude_share": 0.031734801993969865,
      "active_rate": 0.9952789699570815
    }
  },
  "final_policy_component_error_count": 0
}