{
  "eval_episodes": 20,
  "eval_seed_offset": 10000,
  "eval_seeds": [
    10000,
    10001,
    10002,
    10003,
    10004,
    10005,
    10006,
    10007,
    10008,
    10009,
    10010,
    10011,
    10012,
    10013,
    10014,
    10015,
    10016,
    10017,
    10018,
    10019
  ],
  "episode_rewards": [
    185.32012060569872,
    221.98444684586903,
    31.355380533430093,
    203.44873278899252,
    184.6439661259317,
    203.28148505814568,
    -40.62464215529154,
    231.15703484128846,
    44.47038683011392,
    202.78173811237895,
    -84.38871894935866,
    213.957519085616,
    -34.203622206441054,
    20.903754933294962,
    205.13806539323858,
    214.97399224327367,
    197.64436289601326,
    266.8601592034274,
    148.76355693438046,
    -12.723318391288387
  ],
  "episode_lengths": [
    439,
    686,
    196,
    565,
    815,
    535,
    197,
    302,
    1000,
    315,
    304,
    421,
    170,
    165,
    335,
    378,
    602,
    228,
    713,
    1000
  ],
  "episode_terminated": [
    true,
    true,
    true,
    true,
    true,
    true,
    true,
    true,
    false,
    true,
    true,
    true,
    true,
    true,
    true,
    true,
    true,
    true,
    true,
    false
  ],
  "mean_eval_reward": 130.2372200364357,
  "mean_episode_length": 468.3,
  "min_eval_reward": -84.38871894935866,
  "max_eval_reward": 266.8601592034274,
  "termination_breakdown": {
    "terminated": 18,
    "truncated": 2
  },
  "final_policy_component_evaluation": {
    "approach_landing_reward": {
      "episode_sum_mean": 1127.3089152546836,
      "episode_abs_sum_mean": 1127.3089152546836,
      "signed_contribution_share": 0.9814880293332279,
      "magnitude_share": 0.9814880293332279,
      "active_rate": 0.974375400384369
    },
    "distance_cost": {
      "episode_sum_mean": -11.343280126056488,
      "episode_abs_sum_mean": 11.343280126056488,
      "signed_contribution_share": -0.009875991847880222,
      "magnitude_share": 0.009875991847880222,
      "active_rate": 1.0
    },
    "stability_cost": {
      "episode_sum_mean": -9.919036833389836,
      "episode_abs_sum_mean": 9.919036833389836,
      "signed_contribution_share": -0.008635978818891934,
      "magnitude_share": 0.008635978818891934,
      "active_rate": 1.0
    }
  },
  "final_policy_component_error_count": 0
}