{
  "eval_episodes": 10,
  "episode_rewards": [
    -102.54732374841471,
    -102.55794166435798,
    -102.46367295542296,
    -102.56786244794603,
    -102.55912909104676,
    -102.56223999586516,
    -102.57556640924824,
    -102.54187183945936,
    -102.55129072888506,
    -102.5639663102068
  ],
  "episode_lengths": [
    33,
    33,
    33,
    33,
    33,
    33,
    33,
    33,
    33,
    33
  ],
  "mean_eval_reward": -102.54908651908531,
  "mean_episode_length": 33,
  "min_eval_reward": -102.57556640924824,
  "max_eval_reward": -102.46367295542296
}