{
  "eval_episodes": 20,
  "eval_seed_offset": 10000,
  "eval_seeds": [
    10000,
    10001,
    10002,
    10003,
    10004,
    10005,
    10006,
    10007,
    10008,
    10009,
    10010,
    10011,
    10012,
    10013,
    10014,
    10015,
    10016,
    10017,
    10018,
    10019
  ],
  "episode_rewards": [
    -47.40651427636325,
    -43.901569429116,
    -11.776091645554255,
    -52.804791699471686,
    -43.790518004575944,
    -55.5551844595262,
    -26.908252252814428,
    -25.678479074230772,
    -57.78152762933585,
    -12.917772678214579,
    -0.698762376460877,
    -17.81896338028609,
    -20.46105731198093,
    -15.05702646889477,
    -40.80719763207803,
    -53.75517113214068,
    -61.472685411591186,
    -27.584943637857293,
    -40.16091606359547,
    -65.24100405218996
  ],
  "episode_lengths": [
    1000,
    1000,
    1000,
    1000,
    1000,
    1000,
    1000,
    1000,
    1000,
    1000,
    1000,
    1000,
    1000,
    1000,
    1000,
    1000,
    1000,
    1000,
    1000,
    1000
  ],
  "episode_terminated": [
    false,
    false,
    false,
    false,
    false,
    false,
    false,
    false,
    false,
    false,
    false,
    false,
    false,
    false,
    false,
    false,
    false,
    false,
    false,
    false
  ],
  "mean_eval_reward": -36.078921430813914,
  "mean_episode_length": 1000,
  "min_eval_reward": -65.24100405218996,
  "max_eval_reward": -0.698762376460877,
  "termination_breakdown": {
    "terminated": 0,
    "truncated": 20
  },
  "final_policy_component_evaluation": {
    "attitude_penalty": {
      "episode_sum_mean": -0.038830744517680926,
      "episode_abs_sum_mean": 0.038830744517680926,
      "signed_contribution_share": -1.6951071713302357e-05,
      "magnitude_share": 1.6951071713302357e-05,
      "active_rate": 1.0
    },
    "contact_quality": {
      "episode_sum_mean": 0.0,
      "episode_abs_sum_mean": 0.0,
      "signed_contribution_share": 0.0,
      "magnitude_share": 0.0,
      "active_rate": 0.0
    },
    "descent_quality": {
      "episode_sum_mean": 1661.6485126823186,
      "episode_abs_sum_mean": 1661.6485126823186,
      "signed_contribution_share": 0.7253716983962267,
      "magnitude_share": 0.7253716983962267,
      "active_rate": 1.0
    },
    "proximity": {
      "episode_sum_mean": 628.8421004146337,
      "episode_abs_sum_mean": 628.8421004146337,
      "signed_contribution_share": 0.2745130868046708,
      "magnitude_share": 0.2745130868046708,
      "active_rate": 1.0
    },
    "velocity_penalty": {
      "episode_sum_mean": -0.22509807982270436,
      "episode_abs_sum_mean": 0.22509807982270436,
      "signed_contribution_share": -9.82637273891034e-05,
      "magnitude_share": 9.82637273891034e-05,
      "active_rate": 1.0
    }
  },
  "final_policy_component_error_count": 0
}