{
  "eval_episodes": 10,
  "episode_rewards": [
    11.366624599170244,
    -38.437767910591475,
    -41.44734465398888,
    -42.66336793450309,
    -15.98298341932576,
    -14.395973232085861,
    -58.46482317008789,
    -4.202224434954652,
    -0.045314093986579596,
    -8.576991360782625
  ],
  "episode_lengths": [
    1000,
    1000,
    1000,
    1000,
    1000,
    1000,
    1000,
    1000,
    1000,
    1000
  ],
  "mean_eval_reward": -21.285016561113657,
  "mean_episode_length": 1000,
  "min_eval_reward": -58.46482317008789,
  "max_eval_reward": 11.366624599170244
}