{
  "eval_episodes": 20,
  "eval_seed_offset": 10000,
  "eval_seeds": [
    10000,
    10001,
    10002,
    10003,
    10004,
    10005,
    10006,
    10007,
    10008,
    10009,
    10010,
    10011,
    10012,
    10013,
    10014,
    10015,
    10016,
    10017,
    10018,
    10019
  ],
  "episode_rewards": [
    -58.884630455332456,
    -78.89872487271421,
    -91.84887177809172,
    -63.220077513525595,
    -55.416887461995465,
    -72.2148368334766,
    -93.94253714590533,
    -76.26813802065597,
    -67.67354621903559,
    -77.96156641505681,
    -64.94712914003836,
    -67.14900979257571,
    -104.42367384877302,
    -97.09088185205441,
    -70.73939080950393,
    -63.75282035899225,
    -77.5509570996754,
    -59.813106443385166,
    -44.96619076642557,
    -83.92018182953268
  ],
  "episode_lengths": [
    59,
    77,
    81,
    63,
    85,
    76,
    79,
    82,
    78,
    75,
    53,
    61,
    68,
    70,
    61,
    83,
    63,
    55,
    56,
    70
  ],
  "episode_terminated": [
    true,
    true,
    true,
    true,
    true,
    true,
    true,
    true,
    true,
    true,
    true,
    true,
    true,
    true,
    true,
    true,
    true,
    true,
    true,
    true
  ],
  "mean_eval_reward": -73.53415793283732,
  "mean_episode_length": 69.75,
  "min_eval_reward": -104.42367384877302,
  "max_eval_reward": -44.96619076642557,
  "termination_breakdown": {
    "terminated": 20,
    "truncated": 0
  },
  "final_policy_component_evaluation": {
    "contact": {
      "episode_sum_mean": 1.85,
      "episode_abs_sum_mean": 1.85,
      "signed_contribution_share": 0.023658202261599346,
      "magnitude_share": 0.023658202261599346,
      "active_rate": 0.03369175627240143
    },
    "proximity": {
      "episode_sum_mean": -66.86619932558388,
      "episode_abs_sum_mean": 66.86619932558388,
      "signed_contribution_share": -0.855099496275179,
      "magnitude_share": 0.855099496275179,
      "active_rate": 1.0
    },
    "stability": {
      "episode_sum_mean": -9.480781981098726,
      "episode_abs_sum_mean": 9.480781981098726,
      "signed_contribution_share": -0.12124230146322172,
      "magnitude_share": 0.12124230146322172,
      "active_rate": 1.0
    }
  },
  "final_policy_component_error_count": 0
}