seed,mean,std,ci95,median,min,max
0,214.26709123626776,62.14250688108737,12.179931348693124,242.34811211395564,32.75401938891065,300.4515589900592
1,123.68189781334752,143.60437842868077,28.146458172021433,172.3469852930818,-238.33025670546593,294.6920570773725
2,251.36878402715013,60.079871930094576,11.775654898298537,265.985613500462,50.654584069469564,311.8301853934387
3,220.55110144692335,23.927219307307013,4.6897349842321745,221.56735888269918,164.91374042344108,272.6990389901981
4,227.23601511158319,48.835387934875726,9.571736035235642,242.56340483223929,125.95880456780787,306.9299579006727
