{
  "eval_episodes": 20,
  "eval_seed_offset": 10000,
  "eval_seeds": [
    10000,
    10001,
    10002,
    10003,
    10004,
    10005,
    10006,
    10007,
    10008,
    10009,
    10010,
    10011,
    10012,
    10013,
    10014,
    10015,
    10016,
    10017,
    10018,
    10019
  ],
  "episode_rewards": [
    -67.8002736136043,
    -119.5430631278148,
    -107.24528124737617,
    -104.57200806231853,
    -101.72847959134134,
    -123.04064746869837,
    -80.08892122481888,
    -109.49322960728301,
    -110.80227362601698,
    -73.03177400318836,
    -62.2087668430749,
    -64.97646008508862,
    -93.78826556598328,
    -117.37322372799721,
    -69.36111229439506,
    -86.288818841118,
    -93.69037948963125,
    -94.8905347031688,
    -64.72162221057377,
    -95.40337285988142
  ],
  "episode_lengths": [
    58,
    76,
    81,
    61,
    83,
    74,
    80,
    81,
    76,
    75,
    53,
    61,
    68,
    69,
    61,
    82,
    62,
    54,
    55,
    69
  ],
  "episode_terminated": [
    true,
    true,
    true,
    true,
    true,
    true,
    true,
    true,
    true,
    true,
    true,
    true,
    true,
    true,
    true,
    true,
    true,
    true,
    true,
    true
  ],
  "mean_eval_reward": -92.00242540966865,
  "mean_episode_length": 68.95,
  "min_eval_reward": -123.04064746869837,
  "max_eval_reward": -62.2087668430749,
  "termination_breakdown": {
    "terminated": 20,
    "truncated": 0
  },
  "final_policy_component_evaluation": {
    "progress_reward": {
      "episode_sum_mean": 2.2745562344309507,
      "episode_abs_sum_mean": 2.2745562344309507,
      "signed_contribution_share": 0.5519912472163075,
      "magnitude_share": 0.5519912472163075,
      "active_rate": 0.9151559100797679
    },
    "soft_landing_bonus": {
      "episode_sum_mean": 0.8675773027257019,
      "episode_abs_sum_mean": 0.8675773027257019,
      "signed_contribution_share": 0.2105443998872731,
      "magnitude_share": 0.2105443998872731,
      "active_rate": 0.007251631617113851
    },
    "stability_penalty": {
      "episode_sum_mean": -0.9785046901731111,
      "episode_abs_sum_mean": 0.9785046901731111,
      "signed_contribution_share": -0.23746435289641943,
      "magnitude_share": 0.23746435289641943,
      "active_rate": 1.0
    }
  },
  "final_policy_component_error_count": 0
}