{
  "eval_episodes": 20,
  "eval_seed_offset": 10000,
  "eval_seeds": [
    10000,
    10001,
    10002,
    10003,
    10004,
    10005,
    10006,
    10007,
    10008,
    10009,
    10010,
    10011,
    10012,
    10013,
    10014,
    10015,
    10016,
    10017,
    10018,
    10019
  ],
  "episode_rewards": [
    -82.66428174559283,
    -118.92863023952717,
    -104.08546700440097,
    -99.19930870764344,
    -95.09502816069622,
    -99.18490782103467,
    -97.12729143158944,
    -112.7073269274633,
    -103.22046870381165,
    -84.2473068492059,
    -94.33185937727032,
    -82.05926878654907,
    -122.80116973597869,
    -115.8224317767851,
    -97.10789796159433,
    -85.09954661081424,
    -100.53999631356531,
    -96.26847883044675,
    -77.62853757635455,
    -102.02543719928127
  ],
  "episode_lengths": [
    58,
    76,
    81,
    61,
    83,
    75,
    79,
    81,
    76,
    75,
    52,
    60,
    67,
    69,
    60,
    82,
    62,
    54,
    55,
    69
  ],
  "episode_terminated": [
    true,
    true,
    true,
    true,
    true,
    true,
    true,
    true,
    true,
    true,
    true,
    true,
    true,
    true,
    true,
    true,
    true,
    true,
    true,
    true
  ],
  "mean_eval_reward": -98.50723208798026,
  "mean_episode_length": 68.75,
  "min_eval_reward": -122.80116973597869,
  "max_eval_reward": -77.62853757635455,
  "termination_breakdown": {
    "terminated": 20,
    "truncated": 0
  },
  "final_policy_component_evaluation": {
    "distance_progress": {
      "episode_sum_mean": 2.2413510694280503,
      "episode_abs_sum_mean": 2.323040379319919,
      "signed_contribution_share": 0.6790600464777237,
      "magnitude_share": 0.7038093806309229,
      "active_rate": 1.0
    },
    "soft_landing_proxy": {
      "episode_sum_mean": 0.2,
      "episode_abs_sum_mean": 0.2,
      "signed_contribution_share": 0.06059381377063851,
      "magnitude_share": 0.06059381377063851,
      "active_rate": 0.002909090909090909
    },
    "stability_penalty": {
      "episode_sum_mean": -0.7776265956463029,
      "episode_abs_sum_mean": 0.7776265956463029,
      "signed_contribution_share": -0.23559680559843843,
      "magnitude_share": 0.23559680559843843,
      "active_rate": 1.0
    }
  },
  "final_policy_component_error_count": 0
}