{
  "eval_episodes": 2,
  "episode_rewards": [
    -132.6934387370795,
    -130.21264810708203
  ],
  "episode_lengths": [
    61,
    62
  ],
  "mean_eval_reward": -131.45304342208078,
  "mean_episode_length": 61.5,
  "min_eval_reward": -132.6934387370795,
  "max_eval_reward": -130.21264810708203,
  "std_eval_reward": 1.240395314998736,
  "median_eval_reward": -131.45304342208078,
  "ci95_half_width": 1.7191001996317545,
  "terminated_count": 2,
  "truncated_count": 0,
  "eval_seed_base": 10123
}