{
  "eval_episodes": 10,
  "episode_rewards": [
    -45.91645687542288,
    175.4873338989902,
    -32.63718006001936,
    -66.69033064324947,
    -12.266063719237703,
    5.1923544557204915,
    -18.221905674172785,
    -59.763233746971665,
    -19.695983594349435,
    -35.3868625550401
  ],
  "episode_lengths": [
    1000,
    525,
    299,
    1000,
    1000,
    1000,
    1000,
    563,
    1000,
    1000
  ],
  "mean_eval_reward": -10.989832851375272,
  "mean_episode_length": 838.7,
  "min_eval_reward": -66.69033064324947,
  "max_eval_reward": 175.4873338989902
}