{
  "eval_episodes": 20,
  "eval_seed_offset": 10000,
  "eval_seeds": [
    10000,
    10001,
    10002,
    10003,
    10004,
    10005,
    10006,
    10007,
    10008,
    10009,
    10010,
    10011,
    10012,
    10013,
    10014,
    10015,
    10016,
    10017,
    10018,
    10019
  ],
  "episode_rewards": [
    155.83684452731927,
    164.04898032260115,
    283.5621548999619,
    237.54232041040999,
    49.99720434458071,
    231.5798094818273,
    -149.2235907320728,
    104.58312485146506,
    76.1971798658157,
    216.67637242641723,
    -124.13837803392477,
    213.6496283971034,
    159.665527455063,
    -15.430712024241132,
    192.69236817178972,
    173.83116782316458,
    173.10974377773698,
    262.75711856528295,
    165.96355322712844,
    120.05621718552935
  ],
  "episode_lengths": [
    486,
    573,
    303,
    226,
    1000,
    285,
    906,
    919,
    1000,
    221,
    226,
    222,
    372,
    132,
    228,
    407,
    303,
    200,
    378,
    803
  ],
  "episode_terminated": [
    true,
    true,
    true,
    true,
    false,
    true,
    true,
    true,
    false,
    true,
    true,
    true,
    true,
    true,
    true,
    true,
    true,
    true,
    true,
    true
  ],
  "mean_eval_reward": 134.6478317471479,
  "mean_episode_length": 459.5,
  "min_eval_reward": -149.2235907320728,
  "max_eval_reward": 283.5621548999619,
  "termination_breakdown": {
    "terminated": 18,
    "truncated": 2
  },
  "final_policy_component_evaluation": {
    "approach_landing_reward": {
      "episode_sum_mean": 792.9648042637924,
      "episode_abs_sum_mean": 792.9648042637924,
      "signed_contribution_share": 0.9669695139277816,
      "magnitude_share": 0.9669695139277816,
      "active_rate": 0.9423286180631121
    },
    "distance_cost": {
      "episode_sum_mean": -14.16308201417923,
      "episode_abs_sum_mean": 14.16308201417923,
      "signed_contribution_share": -0.017270966450629813,
      "magnitude_share": 0.017270966450629813,
      "active_rate": 1.0
    },
    "stability_cost": {
      "episode_sum_mean": -12.923617768737275,
      "episode_abs_sum_mean": 12.923617768737275,
      "signed_contribution_share": -0.015759519621588506,
      "magnitude_share": 0.015759519621588506,
      "active_rate": 1.0
    }
  },
  "final_policy_component_error_count": 0
}