{
  "eval_episodes": 10,
  "episode_rewards": [
    -32.753800687638496,
    -16.5776673449392,
    -57.176754891564634,
    -55.60742037813554,
    -56.95212325685976,
    -29.58418422481982,
    -27.491727435923206,
    -69.99980245117861,
    -31.478217125146344,
    -12.536802814290258
  ],
  "episode_lengths": [
    1000,
    1000,
    1000,
    1000,
    1000,
    1000,
    1000,
    1000,
    1000,
    1000
  ],
  "mean_eval_reward": -39.01585006104958,
  "mean_episode_length": 1000,
  "min_eval_reward": -69.99980245117861,
  "max_eval_reward": -12.536802814290258
}