{
  "eval_episodes": 20,
  "eval_seed_offset": 10000,
  "eval_seeds": [
    10000,
    10001,
    10002,
    10003,
    10004,
    10005,
    10006,
    10007,
    10008,
    10009,
    10010,
    10011,
    10012,
    10013,
    10014,
    10015,
    10016,
    10017,
    10018,
    10019
  ],
  "episode_rewards": [
    34.34467554840839,
    -34.28207077022155,
    -39.569684538048406,
    26.851517720506024,
    26.925446748976853,
    -15.0483826870068,
    -43.64505432254768,
    -46.825120551527846,
    -7.567908099291387,
    -18.80190252035841,
    -1.7117350484367932,
    -3.4228263277699256,
    -38.51873965586229,
    -100.45528951670725,
    2.062856044174353,
    34.8577026285501,
    8.463072094807359,
    -13.463248260959986,
    -91.73282663783438,
    -10.620181918520245
  ],
  "episode_lengths": [
    77,
    87,
    89,
    83,
    103,
    1000,
    88,
    92,
    91,
    85,
    68,
    75,
    78,
    94,
    81,
    101,
    76,
    68,
    344,
    85
  ],
  "episode_terminated": [
    true,
    true,
    true,
    true,
    true,
    false,
    true,
    true,
    true,
    true,
    true,
    true,
    true,
    true,
    true,
    true,
    true,
    true,
    true,
    true
  ],
  "mean_eval_reward": -16.607985003483492,
  "mean_episode_length": 143.25,
  "min_eval_reward": -100.45528951670725,
  "max_eval_reward": 34.8577026285501,
  "termination_breakdown": {
    "terminated": 19,
    "truncated": 1
  },
  "final_policy_component_evaluation": {
    "angle_penalty": {
      "episode_sum_mean": -0.8999984149907622,
      "episode_abs_sum_mean": 0.8999984149907622,
      "signed_contribution_share": -0.08618843246933423,
      "magnitude_share": 0.08618843246933423,
      "active_rate": 1.0
    },
    "landing_quality_reward": {
      "episode_sum_mean": 7.945185142279136,
      "episode_abs_sum_mean": 7.945185142279136,
      "signed_contribution_share": 0.7608713989776436,
      "magnitude_share": 0.7608713989776436,
      "active_rate": 0.012565445026178011
    },
    "potential_diff": {
      "episode_sum_mean": 1.096047652744449,
      "episode_abs_sum_mean": 1.5970346059503329,
      "signed_contribution_share": 0.10496310607692222,
      "magnitude_share": 0.15294016855302228,
      "active_rate": 1.0
    }
  },
  "final_policy_component_error_count": 0
}