{
  "eval_episodes": 10,
  "episode_rewards": [
    256.85496345268825,
    283.0090407555792,
    230.84323503304708,
    236.82968106317392,
    214.17277443599858,
    259.7661462485861,
    259.36759278698776,
    224.65481569578867,
    272.2946141469836,
    281.55820767003587
  ],
  "episode_lengths": [
    366,
    365,
    338,
    367,
    378,
    360,
    386,
    351,
    376,
    346
  ],
  "mean_eval_reward": 251.9351071288869,
  "mean_episode_length": 363.3,
  "min_eval_reward": 214.17277443599858,
  "max_eval_reward": 283.0090407555792
}