{
  "runner_env_id": "LunarLander-v3",
  "reward_path": "runs\\env_001\\exp_agent\\seed_1\\iter_03\\generation\\reward_v3.py",
  "run_name": "exp_agent/seed_1/iter_03/training",
  "n_envs": 4,
  "total_timesteps": 1000000,
  "reward_clip": 20.0,
  "error_fallback": "zero",
  "ppo_args": {
    "policy": "MlpPolicy",
    "verbose": "1",
    "device": "auto",
    "seed": "1",
    "n_steps": "1024",
    "batch_size": "64",
    "gae_lambda": "0.98",
    "gamma": "0.999",
    "n_epochs": "4",
    "ent_coef": "0.01",
    "tensorboard_log": "runs/env_001/tensorboard"
  },
  "model_path": "runs\\env_001\\exp_agent\\seed_1\\iter_03\\training\\model.zip",
  "monitor_dir": "runs\\env_001\\exp_agent\\seed_1\\iter_03\\training\\monitor",
  "tensorboard_log": "runs/env_001/tensorboard",
  "external_eval": {
    "eval_episodes": 10,
    "episode_rewards": [
      256.85496345268825,
      283.0090407555792,
      230.84323503304708,
      236.82968106317392,
      214.17277443599858,
      259.7661462485861,
      259.36759278698776,
      224.65481569578867,
      272.2946141469836,
      281.55820767003587
    ],
    "episode_lengths": [
      366,
      365,
      338,
      367,
      378,
      360,
      386,
      351,
      376,
      346
    ],
    "mean_eval_reward": 251.9351071288869,
    "mean_episode_length": 363.3,
    "min_eval_reward": 214.17277443599858,
    "max_eval_reward": 283.0090407555792
  },
  "component_summary": {
    "steps_seen": 1003520,
    "reward_error_count_max": 0,
    "component_stats": {
      "component.bounded_proximity": {
        "count": 1003520,
        "mean": 0.5604374784557282,
        "abs_mean": 0.5604374784557282,
        "nonzero_rate": 1.0,
        "min": 0.08169067651033401,
        "max": 0.9999288320541382
      },
      "component.soft_landing_bonus": {
        "count": 1003520,
        "mean": 0.1775325852997449,
        "abs_mean": 0.1775325852997449,
        "nonzero_rate": 0.3550651705994898,
        "min": 0.0,
        "max": 0.5
      },
      "component.stability_penalty": {
        "count": 1003520,
        "mean": 0.003075512869712756,
        "abs_mean": 0.003075512869712756,
        "nonzero_rate": 1.0,
        "min": 7.533503065815239e-08,
        "max": 0.11918141692876816
      },
      "component.total_reward": {
        "count": 1003520,
        "mean": 0.7348945509167569,
        "abs_mean": 0.7348945509167569,
        "nonzero_rate": 1.0,
        "min": 0.05185816437005997,
        "max": 1.4996788501739502
      },
      "generated_reward": {
        "count": 1003520,
        "mean": 0.7348945509167569,
        "abs_mean": 0.7348945509167569,
        "nonzero_rate": 1.0,
        "min": 0.05185816437005997,
        "max": 1.4996788501739502
      },
      "original_env_reward": {
        "count": 1003520,
        "mean": -0.03602851572830255,
        "abs_mean": 2.0217930466685305,
        "nonzero_rate": 1.0,
        "min": -100.0,
        "max": 116.64306987013148
      }
    }
  }
}