{
  "eval_episodes": 10,
  "episode_rewards": [
    -108.49080613600299,
    -120.10336502211322,
    -108.7797548379396,
    -108.68189242581713,
    -112.49850877821075,
    -130.74661246230815,
    -124.07914894482107,
    -126.68987740023803,
    -119.79091111306334,
    -128.2882404691004
  ],
  "episode_lengths": [
    57,
    76,
    81,
    61,
    83,
    74,
    78,
    80,
    76,
    74
  ],
  "mean_eval_reward": -118.81491175896147,
  "mean_episode_length": 74,
  "min_eval_reward": -130.74661246230815,
  "max_eval_reward": -108.49080613600299
}