{
  "eval_episodes": 10,
  "episode_rewards": [
    30.832466760983884,
    -22.918497573942567,
    -16.078569747773066,
    -26.223098743929867,
    5.143271913017373,
    -2.409490457530299,
    -31.471316358355004,
    21.59594807332937,
    16.573550312227862,
    16.664660720245795
  ],
  "episode_lengths": [
    1000,
    1000,
    1000,
    1000,
    1000,
    1000,
    1000,
    1000,
    1000,
    1000
  ],
  "mean_eval_reward": -0.8291075101726518,
  "mean_episode_length": 1000,
  "min_eval_reward": -31.471316358355004,
  "max_eval_reward": 30.832466760983884
}