{
  "eval_episodes": 20,
  "eval_seed_offset": 10000,
  "eval_seeds": [
    10000,
    10001,
    10002,
    10003,
    10004,
    10005,
    10006,
    10007,
    10008,
    10009,
    10010,
    10011,
    10012,
    10013,
    10014,
    10015,
    10016,
    10017,
    10018,
    10019
  ],
  "episode_rewards": [
    -6.777831014364575,
    -4.829616791175917,
    -98.53554549622872,
    -77.6030864459604,
    -31.441472300886232,
    -90.74780392474264,
    173.77990540899697,
    0.6905814868853244,
    -30.59743356574969,
    18.850742816727056,
    -64.2465100375837,
    222.06345250630702,
    -56.9624236857737,
    -181.7081593740511,
    -26.112678154426963,
    -20.663735894214547,
    -31.117202465043025,
    -5.807369807723583,
    -22.224393080086912,
    -23.58561236042464
  ],
  "episode_lengths": [
    1000,
    1000,
    231,
    330,
    1000,
    402,
    536,
    1000,
    1000,
    1000,
    460,
    656,
    388,
    184,
    1000,
    1000,
    1000,
    1000,
    1000,
    1000
  ],
  "episode_terminated": [
    false,
    false,
    true,
    true,
    false,
    true,
    true,
    false,
    false,
    false,
    true,
    true,
    true,
    true,
    false,
    false,
    false,
    false,
    false,
    false
  ],
  "mean_eval_reward": -17.878809608976,
  "mean_episode_length": 759.35,
  "min_eval_reward": -181.7081593740511,
  "max_eval_reward": 222.06345250630702,
  "termination_breakdown": {
    "terminated": 8,
    "truncated": 12
  },
  "final_policy_component_evaluation": {
    "angular_vel_penalty": {
      "episode_sum_mean": -0.33085187935088733,
      "episode_abs_sum_mean": 0.33085187935088733,
      "signed_contribution_share": -0.006477096393984317,
      "magnitude_share": 0.006477096393984317,
      "active_rate": 0.9976953973793375
    },
    "landing_bonus": {
      "episode_sum_mean": 49.68284283876419,
      "episode_abs_sum_mean": 49.68284283876419,
      "signed_contribution_share": 0.9726423885673661,
      "magnitude_share": 0.9726423885673661,
      "active_rate": 0.011983933627444526
    },
    "shaped_progress": {
      "episode_sum_mean": 0.8292935482069204,
      "episode_abs_sum_mean": 1.0665824965593962,
      "signed_contribution_share": 0.016235102732932678,
      "magnitude_share": 0.02088051503864951,
      "active_rate": 0.9980904721143082
    }
  },
  "final_policy_component_error_count": 0
}