{
  "eval_episodes": 20,
  "eval_seed_offset": 10000,
  "eval_seeds": [
    10000,
    10001,
    10002,
    10003,
    10004,
    10005,
    10006,
    10007,
    10008,
    10009,
    10010,
    10011,
    10012,
    10013,
    10014,
    10015,
    10016,
    10017,
    10018,
    10019
  ],
  "episode_rewards": [
    7.178893854027044,
    7.169332981723527,
    6.732506371840847,
    6.483097288008333,
    7.56974628312325,
    7.701224028265619,
    7.265907175211538,
    8.208757529326533,
    7.6405582753786465,
    7.131106809094957,
    8.111618934690288,
    6.3617602490043765,
    7.363915025306259,
    7.4783706706933035,
    7.379367420780061,
    7.578990155080981,
    7.593744863185469,
    7.518149519161649,
    7.700375946518347,
    6.7691656636530455
  ],
  "episode_lengths": [
    13,
    13,
    13,
    13,
    14,
    14,
    13,
    14,
    14,
    13,
    14,
    12,
    14,
    14,
    13,
    14,
    14,
    14,
    14,
    13
  ],
  "episode_terminated": [
    true,
    true,
    true,
    true,
    true,
    true,
    true,
    true,
    true,
    true,
    true,
    true,
    true,
    true,
    true,
    true,
    true,
    true,
    true,
    true
  ],
  "mean_eval_reward": 7.346829452203703,
  "mean_episode_length": 13.5,
  "min_eval_reward": 6.3617602490043765,
  "max_eval_reward": 8.208757529326533,
  "termination_breakdown": {
    "terminated": 20,
    "truncated": 0
  },
  "final_policy_component_evaluation": {
    "forward_reward": {
      "episode_sum_mean": 0.11033562587775025,
      "episode_abs_sum_mean": 0.11033562587775025,
      "signed_contribution_share": 1.0,
      "magnitude_share": 1.0,
      "active_rate": 0.17407407407407408
    }
  },
  "final_policy_component_error_count": 0
}