#{"t_start": 1783050518.0262377, "env_id": "CartPole-v1"}
r,l,t,original_env_reward,generated_reward,reward_error_count
19.551002,27,3.130296,1.0,0.5116819554590066,0
-2.072874,10,3.275518,1.0,-1.385799689047456,0
4.417682,12,3.305739,1.0,-0.22263429452729722,0
29.442444,37,3.529331,1.0,0.302426126645142,0
24.696728,30,3.703356,1.0,0.4027638565851408,0
50.926872,60,4.093871,1.0,0.6231818019805293,0
113.295182,126,4.914382,1.0,0.5366556975507693,0
71.749351,79,5.341742,1.0,0.7312339694731242,0
104.859672,134,6.26839,1.0,0.2801540347330601,0
319.226771,369,8.465554,1.0,0.327424411463225,0
169.732035,189,9.627642,1.0,-0.1479337234534115,0
104.936318,114,10.52454,1.0,0.6505029194266256,0
417.08305,459,13.131603,1.0,0.31347941254844236,0
145.213492,169,14.002212,1.0,0.3831037625821032,0
130.120632,162,14.899206,1.0,0.30582976307409127,0
120.749919,144,15.810827,1.0,0.38123765239578644,0
165.124768,211,16.822431,1.0,0.3971503869448483,0
478.383125,500,19.90277,1.0,0.8883126787175734,0
462.364868,500,23.406571,1.0,0.8048470183618692,0
485.843725,500,26.299896,1.0,0.9677305056799798,0
484.807855,500,31.386901,1.0,0.9885358784973857,0
490.343612,500,35.098785,1.0,0.9755340147192958,0
485.984772,500,39.202945,1.0,0.9842048289216032,0
487.992068,500,42.617276,1.0,0.9963415623847272,0
489.950894,500,46.228523,1.0,0.9957806363203483,0
490.741005,500,49.496627,1.0,0.9734781237714845,0
490.09157,500,52.32327,1.0,0.9968973772192866,0
490.264912,500,54.740358,1.0,0.9770271938672357,0
489.375207,500,56.984778,1.0,0.9784825763846852,0
489.579796,500,59.261477,1.0,0.9476416101077413,0
490.813046,500,61.675789,1.0,0.9988322405422313,0
489.627728,500,64.009548,1.0,0.9954479444032188,0
487.124055,500,67.16186,1.0,0.9852158969956081,0
