#{"t_start": 1783050518.4878726, "env_id": "CartPole-v1"}
r,l,t,original_env_reward,generated_reward,reward_error_count
12.529234,21,2.657696,1.0,-0.9947253225342261,0
89.166577,109,3.407501,1.0,0.45639632745604664,0
46.735214,55,3.65129,1.0,0.573798258615011,0
59.524391,68,4.097737,1.0,0.3869345146904065,0
56.362509,63,4.47637,1.0,0.748447939133242,0
59.419099,69,5.02823,1.0,0.6347042219989683,0
157.686547,192,6.227202,1.0,0.29027177972518525,0
284.793385,316,8.026444,1.0,0.39968569913898966,0
133.5878,144,8.998568,1.0,0.6353896029304902,0
101.998557,116,9.779399,1.0,0.12778042215336316,0
254.427902,296,11.604179,1.0,0.2803575871397641,0
324.275069,386,13.688318,1.0,0.419334895658266,0
233.208381,264,15.19319,1.0,0.3360493034200086,0
457.001304,500,17.951802,1.0,0.8543858480653564,0
459.692282,500,21.422988,1.0,0.9522759070513771,0
487.435487,500,24.498944,1.0,0.9867023238828082,0
487.594713,500,28.267269,1.0,0.9801279964981121,0
490.893132,500,33.053823,1.0,0.999209142448937,0
490.138221,500,37.158405,1.0,0.9842031161386295,0
489.457839,500,40.517166,1.0,0.9404019135982277,0
490.207314,500,44.096275,1.0,0.9951997405978157,0
489.343985,500,47.628468,1.0,0.994757524333668,0
490.481881,500,50.521252,1.0,0.9920597243214837,0
488.539819,500,53.225734,1.0,0.9879935508489683,0
490.238373,500,55.487234,1.0,0.9689733348671713,0
490.577223,500,57.765243,1.0,0.9997797782233097,0
490.250311,500,60.03424,1.0,0.9728314259927241,0
490.36083,500,62.45175,1.0,0.9929647339352917,0
490.21857,500,65.273644,1.0,0.9939864129802918,0
