{
  "eval_episodes": 20,
  "eval_seed_offset": 10000,
  "eval_seeds": [
    10000,
    10001,
    10002,
    10003,
    10004,
    10005,
    10006,
    10007,
    10008,
    10009,
    10010,
    10011,
    10012,
    10013,
    10014,
    10015,
    10016,
    10017,
    10018,
    10019
  ],
  "episode_rewards": [
    -34.60171884368602,
    -10.94003720241206,
    15.667452553023413,
    -30.151955119410037,
    -33.893056436452575,
    -33.74823546492348,
    140.19135417247,
    -8.680591419589504,
    -41.80126865452749,
    -4.684362168803196,
    18.41451025166761,
    7.628602037190484,
    -4.705056487574975,
    9.366434155786783,
    -24.815915557287195,
    -52.272066539600154,
    -51.262553617385834,
    -53.566610395176774,
    -31.897774204039067,
    -48.377756580252566
  ],
  "episode_lengths": [
    1000,
    1000,
    1000,
    1000,
    1000,
    1000,
    909,
    1000,
    1000,
    1000,
    1000,
    1000,
    1000,
    1000,
    1000,
    1000,
    1000,
    1000,
    1000,
    1000
  ],
  "episode_terminated": [
    false,
    false,
    false,
    false,
    false,
    false,
    true,
    false,
    false,
    false,
    false,
    false,
    false,
    false,
    false,
    false,
    false,
    false,
    false,
    false
  ],
  "mean_eval_reward": -13.706530276049133,
  "mean_episode_length": 995.45,
  "min_eval_reward": -53.566610395176774,
  "max_eval_reward": 140.19135417247,
  "termination_breakdown": {
    "terminated": 1,
    "truncated": 19
  },
  "final_policy_component_evaluation": {
    "distance_penalty": {
      "episode_sum_mean": -426.9410887502134,
      "episode_abs_sum_mean": 426.9410887502134,
      "signed_contribution_share": -0.17346311514970478,
      "magnitude_share": 0.17346311514970478,
      "active_rate": 1.0
    },
    "landing_proxy": {
      "episode_sum_mean": 2021.8051881730557,
      "episode_abs_sum_mean": 2021.8051881730557,
      "signed_contribution_share": 0.8214450082398118,
      "magnitude_share": 0.8214450082398118,
      "active_rate": 1.0
    },
    "orientation_penalty": {
      "episode_sum_mean": -9.203069345943186,
      "episode_abs_sum_mean": 9.203069345943186,
      "signed_contribution_share": -0.003739141347016259,
      "magnitude_share": 0.003739141347016259,
      "active_rate": 1.0
    },
    "velocity_penalty": {
      "episode_sum_mean": -3.329458632614996,
      "episode_abs_sum_mean": 3.329458632614996,
      "signed_contribution_share": -0.0013527352634671544,
      "magnitude_share": 0.0013527352634671544,
      "active_rate": 0.9999497714601436
    }
  },
  "final_policy_component_error_count": 0
}