{
  "eval_episodes": 20,
  "eval_seed_offset": 10000,
  "eval_seeds": [
    10000,
    10001,
    10002,
    10003,
    10004,
    10005,
    10006,
    10007,
    10008,
    10009,
    10010,
    10011,
    10012,
    10013,
    10014,
    10015,
    10016,
    10017,
    10018,
    10019
  ],
  "episode_rewards": [
    65.39482511608153,
    229.9173489197767,
    253.6001095489916,
    31.161665586768073,
    31.6185829934482,
    46.71999943899985,
    243.5479021246865,
    223.80963626324285,
    231.59883762226087,
    218.02022554126813,
    68.14079810196378,
    138.72448137077245,
    19.801820404141992,
    26.087862909794865,
    29.007917842159628,
    60.18178608265383,
    34.19660099672159,
    262.33361881657845,
    51.52894008539256,
    134.98904063352688
  ],
  "episode_lengths": [
    1000,
    260,
    239,
    1000,
    1000,
    1000,
    256,
    251,
    339,
    859,
    276,
    1000,
    141,
    158,
    155,
    1000,
    1000,
    267,
    1000,
    737
  ],
  "episode_terminated": [
    false,
    true,
    true,
    false,
    false,
    false,
    true,
    true,
    true,
    true,
    true,
    false,
    true,
    true,
    true,
    false,
    false,
    true,
    false,
    true
  ],
  "mean_eval_reward": 120.01910001996151,
  "mean_episode_length": 596.9,
  "min_eval_reward": 19.801820404141992,
  "max_eval_reward": 262.33361881657845,
  "termination_breakdown": {
    "terminated": 12,
    "truncated": 8
  },
  "final_policy_component_evaluation": {
    "angular_vel_penalty": {
      "episode_sum_mean": -0.7251482100408432,
      "episode_abs_sum_mean": 0.7251482100408432,
      "signed_contribution_share": -0.00020947038653571035,
      "magnitude_share": 0.00020947038653571035,
      "active_rate": 0.9761266543809684
    },
    "landing_bonus": {
      "episode_sum_mean": 3456.106415939331,
      "episode_abs_sum_mean": 3456.106415939331,
      "signed_contribution_share": 0.9983503190535138,
      "magnitude_share": 0.9983503190535138,
      "active_rate": 0.07111744010722064
    },
    "shaped_progress": {
      "episode_sum_mean": 4.35915554408818,
      "episode_abs_sum_mean": 4.985745846475571,
      "signed_contribution_share": 0.001259210164413156,
      "magnitude_share": 0.0014402105599505342,
      "active_rate": 0.9962305243759424
    }
  },
  "final_policy_component_error_count": 0
}