{
  "eval_episodes": 20,
  "eval_seed_offset": 10000,
  "eval_seeds": [
    10000,
    10001,
    10002,
    10003,
    10004,
    10005,
    10006,
    10007,
    10008,
    10009,
    10010,
    10011,
    10012,
    10013,
    10014,
    10015,
    10016,
    10017,
    10018,
    10019
  ],
  "episode_rewards": [
    222.53903908026552,
    251.16214392100153,
    267.84287121643285,
    221.0157166694687,
    225.4829264248061,
    205.44115484340983,
    240.16296057653813,
    230.2532774426957,
    210.65683906383416,
    233.92087996132642,
    269.2347508612755,
    261.6305473550533,
    244.82569642355233,
    267.23162540649207,
    235.76113365097962,
    204.95408019351146,
    198.4654175817975,
    250.35024467600482,
    213.38800169809878,
    222.10231691382143
  ],
  "episode_lengths": [
    467,
    441,
    441,
    450,
    463,
    483,
    461,
    460,
    468,
    506,
    445,
    431,
    441,
    408,
    423,
    510,
    493,
    421,
    454,
    413
  ],
  "episode_terminated": [
    true,
    true,
    true,
    true,
    true,
    true,
    true,
    true,
    true,
    true,
    true,
    true,
    true,
    true,
    true,
    true,
    true,
    true,
    true,
    true
  ],
  "mean_eval_reward": 233.82108119801828,
  "mean_episode_length": 453.95,
  "min_eval_reward": 198.4654175817975,
  "max_eval_reward": 269.2347508612755,
  "termination_breakdown": {
    "terminated": 20,
    "truncated": 0
  },
  "final_policy_component_evaluation": {
    "fuel_penalty": {
      "episode_sum_mean": -16.672500000000102,
      "episode_abs_sum_mean": 16.672500000000102,
      "signed_contribution_share": -0.043996653607524125,
      "magnitude_share": 0.043996653607524125,
      "active_rate": 0.7345522634651394
    },
    "proximity_reward": {
      "episode_sum_mean": 335.7927057206444,
      "episode_abs_sum_mean": 335.7927057206444,
      "signed_contribution_share": 0.8861151811380648,
      "magnitude_share": 0.8861151811380648,
      "active_rate": 1.0
    },
    "rotation_penalty": {
      "episode_sum_mean": -1.4715578311321207,
      "episode_abs_sum_mean": 1.4715578311321207,
      "signed_contribution_share": -0.003883258069261298,
      "magnitude_share": 0.003883258069261298,
      "active_rate": 0.9977971142196277
    },
    "tilt_penalty": {
      "episode_sum_mean": -15.672363830749832,
      "episode_abs_sum_mean": 15.672363830749832,
      "signed_contribution_share": -0.041357418663822816,
      "magnitude_share": 0.041357418663822816,
      "active_rate": 1.0
    },
    "velocity_penalty": {
      "episode_sum_mean": -9.340147913011972,
      "episode_abs_sum_mean": 9.340147913011972,
      "signed_contribution_share": -0.024647488521327008,
      "magnitude_share": 0.024647488521327008,
      "active_rate": 0.9977971142196277
    }
  },
  "final_policy_component_error_count": 0
}