{
  "eval_episodes": 20,
  "eval_seed_offset": 10000,
  "eval_seeds": [
    10000,
    10001,
    10002,
    10003,
    10004,
    10005,
    10006,
    10007,
    10008,
    10009,
    10010,
    10011,
    10012,
    10013,
    10014,
    10015,
    10016,
    10017,
    10018,
    10019
  ],
  "episode_rewards": [
    250.6556168059252,
    256.55820669883565,
    267.24185808507195,
    237.73237107514066,
    245.37949980985792,
    238.304631677662,
    262.87645337883976,
    251.4216757619101,
    233.98412052450365,
    271.33451491312644,
    287.02869673152725,
    270.4715145923428,
    255.95438206501294,
    285.3682823286532,
    242.18877573200376,
    234.9926365108787,
    228.31794702970257,
    264.5216488554007,
    241.6393672802466,
    225.137798836637
  ],
  "episode_lengths": [
    308,
    269,
    313,
    286,
    300,
    311,
    319,
    277,
    291,
    314,
    316,
    323,
    294,
    448,
    328,
    310,
    302,
    325,
    334,
    326
  ],
  "episode_terminated": [
    true,
    true,
    true,
    true,
    true,
    true,
    true,
    true,
    true,
    true,
    true,
    true,
    true,
    true,
    true,
    true,
    true,
    true,
    true,
    true
  ],
  "mean_eval_reward": 252.55549993466394,
  "mean_episode_length": 314.7,
  "min_eval_reward": 225.137798836637,
  "max_eval_reward": 287.02869673152725,
  "termination_breakdown": {
    "terminated": 20,
    "truncated": 0
  },
  "final_policy_component_evaluation": {
    "progress_delta": {
      "episode_sum_mean": 3.8953622583299876,
      "episode_abs_sum_mean": 4.0066227447241545,
      "signed_contribution_share": 0.023523501101227105,
      "magnitude_share": 0.024195386281769544,
      "active_rate": 0.9523355576739753
    },
    "soft_landing_reward": {
      "episode_sum_mean": 155.20819697642153,
      "episode_abs_sum_mean": 155.20819697642153,
      "signed_contribution_share": 0.9372787305434316,
      "magnitude_share": 0.9372787305434316,
      "active_rate": 1.0
    },
    "stability_penalty": {
      "episode_sum_mean": -6.37967412427879,
      "episode_abs_sum_mean": 6.37967412427879,
      "signed_contribution_share": -0.03852588317479897,
      "magnitude_share": 0.03852588317479897,
      "active_rate": 1.0
    }
  },
  "final_policy_component_error_count": 0
}