{
  "eval_episodes": 100,
  "eval_seed_offset": 30000,
  "eval_seeds": [
    30000,
    30001,
    30002,
    30003,
    30004,
    30005,
    30006,
    30007,
    30008,
    30009,
    30010,
    30011,
    30012,
    30013,
    30014,
    30015,
    30016,
    30017,
    30018,
    30019,
    30020,
    30021,
    30022,
    30023,
    30024,
    30025,
    30026,
    30027,
    30028,
    30029,
    30030,
    30031,
    30032,
    30033,
    30034,
    30035,
    30036,
    30037,
    30038,
    30039,
    30040,
    30041,
    30042,
    30043,
    30044,
    30045,
    30046,
    30047,
    30048,
    30049,
    30050,
    30051,
    30052,
    30053,
    30054,
    30055,
    30056,
    30057,
    30058,
    30059,
    30060,
    30061,
    30062,
    30063,
    30064,
    30065,
    30066,
    30067,
    30068,
    30069,
    30070,
    30071,
    30072,
    30073,
    30074,
    30075,
    30076,
    30077,
    30078,
    30079,
    30080,
    30081,
    30082,
    30083,
    30084,
    30085,
    30086,
    30087,
    30088,
    30089,
    30090,
    30091,
    30092,
    30093,
    30094,
    30095,
    30096,
    30097,
    30098,
    30099
  ],
  "episode_rewards": [
    257.1484478433141,
    50.654584069469564,
    267.30578195976386,
    259.7669179077073,
    305.05117432104396,
    311.8301853934387,
    66.2866593355771,
    59.572902755797685,
    264.26199111752845,
    238.00568223929955,
    293.4059946982449,
    265.87952462750445,
    236.12044045434598,
    305.0822052590017,
    303.2247915991143,
    70.3504910808631,
    234.2265649545273,
    283.1366555711785,
    260.0025187758953,
    244.3544064040668,
    302.62247520303936,
    296.675214739726,
    249.68387514368433,
    150.76267616212976,
    233.36241686830826,
    311.4146369075505,
    59.63574234630357,
    269.9535694939747,
    251.7771340520765,
    264.24027360114417,
    298.54763737042003,
    257.46002494615044,
    240.7766682196634,
    60.6395920083184,
    262.6793613808244,
    301.21144065056114,
    288.99218258009444,
    272.8085584799703,
    271.2804780622141,
    285.7749041964549,
    288.0264165765002,
    260.35604720706664,
    262.8115109029423,
    266.09170237341965,
    235.17679675938504,
    272.12439601592143,
    279.9354160864136,
    281.1709317261362,
    255.18849614309653,
    246.89659480809135,
    270.16562250999704,
    277.0527332765328,
    281.5959005599344,
    297.38438106377424,
    271.26269776273443,
    277.15018794131385,
    255.1864129683844,
    249.03642399330045,
    298.1257031357547,
    280.6628975829874,
    279.7412988995885,
    264.17413725898723,
    290.4011921616434,
    302.850064552612,
    227.87641828783484,
    258.8844278521125,
    264.47922599232425,
    281.97219650872205,
    274.1274573115235,
    297.9112171333092,
    295.54952261273513,
    253.34997676739633,
    249.65775478127628,
    268.70545179619444,
    253.12787472512196,
    279.5523932703766,
    259.695566461061,
    271.3208070160429,
    298.634368257692,
    139.83474374055322,
    268.9836826358705,
    272.351857530781,
    240.6039648779203,
    267.53106154424745,
    269.4786949964548,
    274.20830331866017,
    280.0569897121372,
    245.4929742438876,
    258.44715561500277,
    246.76275089814862,
    118.70614616568847,
    76.5117162800208,
    225.03897988897245,
    257.31754933547074,
    264.5637469821195,
    283.2628117286604,
    278.61911695107904,
    265.6734486253436,
    289.72448205272724,
    230.32882177073446
  ],
  "episode_lengths": [
    291,
    123,
    274,
    257,
    302,
    263,
    160,
    125,
    293,
    277,
    301,
    251,
    262,
    307,
    281,
    161,
    271,
    290,
    249,
    265,
    283,
    248,
    277,
    1000,
    260,
    258,
    147,
    826,
    264,
    266,
    257,
    286,
    283,
    156,
    267,
    247,
    298,
    281,
    344,
    293,
    257,
    256,
    291,
    259,
    279,
    284,
    291,
    290,
    269,
    267,
    278,
    258,
    260,
    298,
    290,
    239,
    283,
    260,
    263,
    272,
    310,
    303,
    279,
    215,
    268,
    296,
    300,
    316,
    248,
    251,
    259,
    258,
    296,
    299,
    267,
    253,
    262,
    267,
    278,
    1000,
    267,
    263,
    275,
    263,
    286,
    236,
    341,
    277,
    264,
    275,
    1000,
    157,
    267,
    273,
    267,
    292,
    262,
    259,
    260,
    272
  ],
  "episode_terminated": [
    true,
    true,
    true,
    true,
    true,
    true,
    true,
    true,
    true,
    true,
    true,
    true,
    true,
    true,
    true,
    true,
    true,
    true,
    true,
    true,
    true,
    true,
    true,
    false,
    true,
    true,
    true,
    true,
    true,
    true,
    true,
    true,
    true,
    true,
    true,
    true,
    true,
    true,
    true,
    true,
    true,
    true,
    true,
    true,
    true,
    true,
    true,
    true,
    true,
    true,
    true,
    true,
    true,
    true,
    true,
    true,
    true,
    true,
    true,
    true,
    true,
    true,
    true,
    true,
    true,
    true,
    true,
    true,
    true,
    true,
    true,
    true,
    true,
    true,
    true,
    true,
    true,
    true,
    true,
    false,
    true,
    true,
    true,
    true,
    true,
    true,
    true,
    true,
    true,
    true,
    false,
    true,
    true,
    true,
    true,
    true,
    true,
    true,
    true,
    true
  ],
  "mean_eval_reward": 251.36878402715013,
  "mean_episode_length": 292.69,
  "min_eval_reward": 50.654584069469564,
  "max_eval_reward": 311.8301853934387,
  "termination_breakdown": {
    "terminated": 97,
    "truncated": 3
  },
  "final_policy_component_evaluation": {
    "shaping_reward": {
      "episode_sum_mean": 1.7254761637919096,
      "episode_abs_sum_mean": 3.2107485758682945,
      "signed_contribution_share": 0.5374061914285153,
      "magnitude_share": 1.0,
      "active_rate": 1.0
    }
  },
  "final_policy_component_error_count": 0
}