{
  "eval_episodes": 10,
  "episode_rewards": [
    -102.11252586593292,
    -98.54503256364674,
    -88.89523028008874,
    -100.50416630987615,
    -124.07914894482107,
    -95.1495897463047,
    -100.4207540599024,
    -110.72587252389204,
    -95.05909309317079,
    -96.19152555827343
  ],
  "episode_lengths": [
    81,
    61,
    83,
    74,
    78,
    81,
    76,
    74,
    52,
    60
  ],
  "mean_eval_reward": -101.1682938945909,
  "mean_episode_length": 72,
  "min_eval_reward": -124.07914894482107,
  "max_eval_reward": -88.89523028008874
}