{
  "eval_episodes": 20,
  "eval_seed_offset": 10000,
  "eval_seeds": [
    10000,
    10001,
    10002,
    10003,
    10004,
    10005,
    10006,
    10007,
    10008,
    10009,
    10010,
    10011,
    10012,
    10013,
    10014,
    10015,
    10016,
    10017,
    10018,
    10019
  ],
  "episode_rewards": [
    313.61979493101427,
    314.84918611000904,
    312.89371891911395,
    312.5867499733129,
    314.189801481001,
    313.81583769381683,
    312.48917221848353,
    313.84872202761375,
    310.93129836025054,
    313.7152402709335,
    313.0480645002253,
    313.8660352837489,
    312.84143755578356,
    314.0253514769026,
    312.95777420794445,
    314.5475505816589,
    313.64032357503424,
    312.95480108028613,
    314.6539392384263,
    313.7396875447832
  ],
  "episode_lengths": [
    1169,
    1140,
    1180,
    1184,
    1133,
    1152,
    1184,
    1137,
    1247,
    1152,
    1154,
    1143,
    1161,
    1144,
    1168,
    1132,
    1158,
    1166,
    1126,
    1141
  ],
  "episode_terminated": [
    true,
    true,
    true,
    true,
    true,
    true,
    true,
    true,
    true,
    true,
    true,
    true,
    true,
    true,
    true,
    true,
    true,
    true,
    true,
    true
  ],
  "mean_eval_reward": 313.4607243515171,
  "mean_episode_length": 1158.55,
  "min_eval_reward": 310.93129836025054,
  "max_eval_reward": 314.84918611000904,
  "termination_breakdown": {
    "terminated": 20,
    "truncated": 0
  },
  "final_policy_component_evaluation": {
    "energy_penalty": {
      "episode_sum_mean": -54.566253239088205,
      "episode_abs_sum_mean": 54.566253239088205,
      "signed_contribution_share": -0.08305566354161156,
      "magnitude_share": 0.08305566354161156,
      "active_rate": 1.0
    },
    "forward_reward": {
      "episode_sum_mean": 504.640006496571,
      "episode_abs_sum_mean": 504.7421909323428,
      "signed_contribution_share": 0.7681159709751081,
      "magnitude_share": 0.7682715065967215,
      "active_rate": 1.0
    },
    "stability_penalty": {
      "episode_sum_mean": -97.67569047159748,
      "episode_abs_sum_mean": 97.67569047159748,
      "signed_contribution_share": -0.14867282986166697,
      "magnitude_share": 0.14867282986166697,
      "active_rate": 1.0
    }
  },
  "final_policy_component_error_count": 0
}