{
  "eval_episodes": 10,
  "episode_rewards": [
    277.1053675231308,
    282.5966398834727,
    241.19422919260134,
    252.8687755719186,
    239.9853523420007,
    250.02742002468037,
    262.63884446731697,
    236.82840198372702,
    265.10902913741836,
    286.8710973695164
  ],
  "episode_lengths": [
    302,
    352,
    298,
    327,
    317,
    399,
    320,
    309,
    382,
    348
  ],
  "mean_eval_reward": 259.5225157495783,
  "mean_episode_length": 335.4,
  "min_eval_reward": 236.82840198372702,
  "max_eval_reward": 286.8710973695164
}