{
  "eval_episodes": 20,
  "eval_seed_offset": 10000,
  "eval_seeds": [
    10000,
    10001,
    10002,
    10003,
    10004,
    10005,
    10006,
    10007,
    10008,
    10009,
    10010,
    10011,
    10012,
    10013,
    10014,
    10015,
    10016,
    10017,
    10018,
    10019
  ],
  "episode_rewards": [
    195.14710037277817,
    171.7584678010516,
    32.51853330215293,
    -21.67513460100238,
    174.52169141658067,
    208.13054931507358,
    241.32311976765297,
    225.27767151236486,
    172.29602609499315,
    245.24980943323465,
    278.05678397367456,
    164.38492757368095,
    214.39808854794072,
    250.507668214339,
    196.11169480914626,
    205.70916102585568,
    134.7904842033122,
    234.64015214211116,
    213.6053509343515,
    199.46261645795164
  ],
  "episode_lengths": [
    604,
    810,
    1000,
    1000,
    723,
    380,
    419,
    531,
    641,
    470,
    279,
    886,
    585,
    487,
    617,
    472,
    802,
    473,
    513,
    477
  ],
  "episode_terminated": [
    true,
    true,
    false,
    false,
    true,
    true,
    true,
    true,
    true,
    true,
    true,
    true,
    true,
    true,
    true,
    true,
    true,
    true,
    true,
    true
  ],
  "mean_eval_reward": 186.8107381148622,
  "mean_episode_length": 608.45,
  "min_eval_reward": -21.67513460100238,
  "max_eval_reward": 278.05678397367456,
  "termination_breakdown": {
    "terminated": 18,
    "truncated": 2
  }
}