{
  "eval_episodes": 20,
  "eval_seed_offset": 10000,
  "eval_seeds": [
    10000,
    10001,
    10002,
    10003,
    10004,
    10005,
    10006,
    10007,
    10008,
    10009,
    10010,
    10011,
    10012,
    10013,
    10014,
    10015,
    10016,
    10017,
    10018,
    10019
  ],
  "episode_rewards": [
    -158.5210229295378,
    -135.9239138894367,
    -114.33105719293303,
    -162.1419183026831,
    -167.61024887174102,
    -171.5050517989555,
    -145.10076381553273,
    -148.37895457452805,
    -186.063913632375,
    -133.60316656364634,
    -117.01778864994944,
    -132.83170105903304,
    -144.20488109507357,
    -110.29132071640186,
    -164.1004127752933,
    -171.4150623745412,
    -181.30912246991696,
    -131.99290566933996,
    -159.7684549279769,
    -175.24474046025006
  ],
  "episode_lengths": [
    1000,
    1000,
    1000,
    1000,
    1000,
    1000,
    1000,
    1000,
    1000,
    1000,
    1000,
    1000,
    1000,
    1000,
    1000,
    1000,
    1000,
    1000,
    1000,
    1000
  ],
  "episode_terminated": [
    false,
    false,
    false,
    false,
    false,
    false,
    false,
    false,
    false,
    false,
    false,
    false,
    false,
    false,
    false,
    false,
    false,
    false,
    false,
    false
  ],
  "mean_eval_reward": -150.56782008845727,
  "mean_episode_length": 1000,
  "min_eval_reward": -186.063913632375,
  "max_eval_reward": -110.29132071640186,
  "termination_breakdown": {
    "terminated": 0,
    "truncated": 20
  },
  "final_policy_component_evaluation": {
    "angle_penalty": {
      "episode_sum_mean": -2.0154495256980223,
      "episode_abs_sum_mean": 2.0154495256980223,
      "signed_contribution_share": -0.0018898243787155234,
      "magnitude_share": 0.0018898243787155234,
      "active_rate": 1.0
    },
    "landing_reward": {
      "episode_sum_mean": 1058.5947178872866,
      "episode_abs_sum_mean": 1058.5947178872866,
      "signed_contribution_share": 0.9926113651246171,
      "magnitude_share": 0.9926113651246171,
      "active_rate": 1.0
    },
    "potential_diff": {
      "episode_sum_mean": 0.06441488561794323,
      "episode_abs_sum_mean": 5.8643412225131435,
      "signed_contribution_share": 6.0399836185825905e-05,
      "magnitude_share": 0.005498810496667458,
      "active_rate": 1.0
    }
  },
  "final_policy_component_error_count": 0
}