{
  "eval_episodes": 10,
  "episode_rewards": [
    133.76599994436617,
    -31.98605908301448,
    -27.821391644009097,
    -32.882996282240924,
    216.08640941112148,
    -35.47312515451229,
    152.4351447484832,
    -56.04131201285526,
    69.81377442109554,
    168.02084154676368
  ],
  "episode_lengths": [
    656,
    109,
    99,
    187,
    224,
    176,
    558,
    100,
    1000,
    602
  ],
  "mean_eval_reward": 55.5917285895198,
  "mean_episode_length": 371.1,
  "min_eval_reward": -56.04131201285526,
  "max_eval_reward": 216.08640941112148
}