{
  "eval_episodes": 20,
  "eval_seed_offset": 10000,
  "eval_seeds": [
    10000,
    10001,
    10002,
    10003,
    10004,
    10005,
    10006,
    10007,
    10008,
    10009,
    10010,
    10011,
    10012,
    10013,
    10014,
    10015,
    10016,
    10017,
    10018,
    10019
  ],
  "episode_rewards": [
    -96.81726474916675,
    -115.9708500071609,
    -106.41830744139295,
    -105.72179175186774,
    -106.3332870219485,
    -112.63308554106656,
    -122.54104376940685,
    -110.3358377923335,
    -114.87189036295977,
    -108.86358262298452,
    -95.97514352555608,
    -101.15125702680137,
    -122.51035610622601,
    -115.55343059678631,
    -103.34082293595942,
    -101.23201687349011,
    -106.86338457555328,
    -93.0723452177437,
    -88.71003159556635,
    -124.06538049463103
  ],
  "episode_lengths": [
    57,
    76,
    81,
    61,
    83,
    74,
    78,
    81,
    76,
    74,
    52,
    60,
    67,
    68,
    60,
    82,
    62,
    54,
    54,
    68
  ],
  "episode_terminated": [
    true,
    true,
    true,
    true,
    true,
    true,
    true,
    true,
    true,
    true,
    true,
    true,
    true,
    true,
    true,
    true,
    true,
    true,
    true,
    true
  ],
  "mean_eval_reward": -107.64905550043008,
  "mean_episode_length": 68.4,
  "min_eval_reward": -124.06538049463103,
  "max_eval_reward": -88.71003159556635,
  "termination_breakdown": {
    "terminated": 20,
    "truncated": 0
  },
  "final_policy_component_evaluation": {
    "distance_progress": {
      "episode_sum_mean": 1.1207283686848752,
      "episode_abs_sum_mean": 1.1595288117049234,
      "signed_contribution_share": 0.8412569614336034,
      "magnitude_share": 0.8703818981349258,
      "active_rate": 1.0
    },
    "tilt_penalty": {
      "episode_sum_mean": -0.01939826389046857,
      "episode_abs_sum_mean": 0.01939826389046857,
      "signed_contribution_share": -0.014560998894613784,
      "magnitude_share": 0.014560998894613784,
      "active_rate": 1.0
    },
    "vertical_accel_reward": {
      "episode_sum_mean": 0.1532798719406128,
      "episode_abs_sum_mean": 0.1532798719406128,
      "signed_contribution_share": 0.11505710297046037,
      "magnitude_share": 0.11505710297046037,
      "active_rate": 0.017543859649122806
    }
  },
  "final_policy_component_error_count": 0
}