{
  "eval_episodes": 20,
  "eval_seed_offset": 10000,
  "eval_seeds": [
    10000,
    10001,
    10002,
    10003,
    10004,
    10005,
    10006,
    10007,
    10008,
    10009,
    10010,
    10011,
    10012,
    10013,
    10014,
    10015,
    10016,
    10017,
    10018,
    10019
  ],
  "episode_rewards": [
    -46.014526066792705,
    -55.35742482519859,
    -130.42724635327266,
    -91.77971205611395,
    -71.7167160401897,
    -71.60159953871559,
    -41.913309764486115,
    -54.10114177035151,
    -92.26964716064937,
    -28.840641465714228,
    -7.7974658732433335,
    -29.75238840831699,
    -33.18722199961927,
    -35.96408326727286,
    -61.64886371281267,
    -73.2059277871224,
    -73.93473230704079,
    -58.203409170973195,
    -51.5063944787871,
    -78.48620953939712
  ],
  "episode_lengths": [
    1000,
    1000,
    778,
    1000,
    1000,
    1000,
    1000,
    1000,
    1000,
    1000,
    1000,
    1000,
    1000,
    1000,
    1000,
    1000,
    1000,
    1000,
    1000,
    1000
  ],
  "episode_terminated": [
    false,
    false,
    true,
    false,
    false,
    false,
    false,
    false,
    false,
    false,
    false,
    false,
    false,
    false,
    false,
    false,
    false,
    false,
    false,
    false
  ],
  "mean_eval_reward": -59.38543307930351,
  "mean_episode_length": 988.9,
  "min_eval_reward": -130.42724635327266,
  "max_eval_reward": -7.7974658732433335,
  "termination_breakdown": {
    "terminated": 1,
    "truncated": 19
  },
  "final_policy_component_evaluation": {
    "angle_penalty": {
      "episode_sum_mean": -0.026602166891098022,
      "episode_abs_sum_mean": 0.026602166891098022,
      "signed_contribution_share": -0.02700215488013859,
      "magnitude_share": 0.02700215488013859,
      "active_rate": 0.0018707654970168874
    },
    "contact_reward": {
      "episode_sum_mean": 0.0,
      "episode_abs_sum_mean": 0.0,
      "signed_contribution_share": 0.0,
      "magnitude_share": 0.0,
      "active_rate": 0.0
    },
    "progress": {
      "episode_sum_mean": 0.7542623549699783,
      "episode_abs_sum_mean": 0.9585846453905106,
      "signed_contribution_share": 0.7656033815791454,
      "magnitude_share": 0.9729978451198613,
      "active_rate": 0.9999494387703509
    },
    "speed_penalty": {
      "episode_sum_mean": 0.0,
      "episode_abs_sum_mean": 0.0,
      "signed_contribution_share": 0.0,
      "magnitude_share": 0.0,
      "active_rate": 0.0
    }
  },
  "final_policy_component_error_count": 0
}