{
  "eval_episodes": 10,
  "episode_rewards": [
    -51.64573322899506,
    -40.2725553896203,
    -4.9408593151686,
    -60.230983646181684,
    -52.705990900951555,
    -60.35831218702981,
    -25.857643411768667,
    -25.98957677446678,
    -70.10945876557223,
    -21.281876966439455
  ],
  "episode_lengths": [
    1000,
    1000,
    1000,
    1000,
    1000,
    1000,
    1000,
    1000,
    1000,
    1000
  ],
  "mean_eval_reward": -41.33929905861942,
  "mean_episode_length": 1000,
  "min_eval_reward": -70.10945876557223,
  "max_eval_reward": -4.9408593151686
}