{
  "eval_episodes": 100,
  "eval_seed_offset": 30000,
  "eval_seeds": [
    30000,
    30001,
    30002,
    30003,
    30004,
    30005,
    30006,
    30007,
    30008,
    30009,
    30010,
    30011,
    30012,
    30013,
    30014,
    30015,
    30016,
    30017,
    30018,
    30019,
    30020,
    30021,
    30022,
    30023,
    30024,
    30025,
    30026,
    30027,
    30028,
    30029,
    30030,
    30031,
    30032,
    30033,
    30034,
    30035,
    30036,
    30037,
    30038,
    30039,
    30040,
    30041,
    30042,
    30043,
    30044,
    30045,
    30046,
    30047,
    30048,
    30049,
    30050,
    30051,
    30052,
    30053,
    30054,
    30055,
    30056,
    30057,
    30058,
    30059,
    30060,
    30061,
    30062,
    30063,
    30064,
    30065,
    30066,
    30067,
    30068,
    30069,
    30070,
    30071,
    30072,
    30073,
    30074,
    30075,
    30076,
    30077,
    30078,
    30079,
    30080,
    30081,
    30082,
    30083,
    30084,
    30085,
    30086,
    30087,
    30088,
    30089,
    30090,
    30091,
    30092,
    30093,
    30094,
    30095,
    30096,
    30097,
    30098,
    30099
  ],
  "episode_rewards": [
    213.2816612080107,
    254.06860691362405,
    220.42616819712924,
    217.8920553773788,
    248.80347277619114,
    247.34249083115824,
    238.4841574630529,
    244.25780887353778,
    221.12491672992383,
    186.96133138526574,
    230.41432402236802,
    213.74479429566642,
    177.9883525121552,
    261.52493926628256,
    245.6114338807845,
    236.26017190607132,
    193.19135300459698,
    233.01718210947075,
    206.04397667703338,
    179.29542118973592,
    250.663726968078,
    257.80112055306097,
    202.72604083537917,
    215.09179529301198,
    183.47316419626702,
    272.6990389901981,
    242.55511006692612,
    224.55543779016853,
    199.73506750701586,
    216.02222924294782,
    267.756759736361,
    200.2193397674971,
    191.35300887219321,
    232.0635104087646,
    220.24664542112632,
    253.53640772529184,
    249.2931807580383,
    213.10443758250136,
    237.08391183898047,
    250.93092314786477,
    235.4654381751668,
    213.5181239809334,
    210.25850806175788,
    224.96555560830072,
    194.00440359290863,
    209.20278856849558,
    236.60271893448422,
    234.6356784772157,
    208.0784422178369,
    194.1520534184456,
    194.95281503896604,
    235.6013922508829,
    245.2549592743445,
    252.97579650154324,
    223.61683476434524,
    231.3352624254287,
    192.25040061668747,
    206.6958537954327,
    248.40742710661635,
    228.5651744029326,
    238.4911258489657,
    215.6901240370844,
    239.51569896987516,
    223.01039032145798,
    170.76331104338337,
    207.20277534362833,
    221.3754580880491,
    221.91796911355937,
    216.70004693429385,
    252.11143569620842,
    239.458889473501,
    194.52976325108125,
    205.85733804115284,
    217.36427361810067,
    205.3695864621331,
    230.0360914827972,
    190.43378821637603,
    224.8838054149395,
    254.87291801420218,
    207.29074274603255,
    221.75925967734923,
    232.67504583045707,
    164.91374042344108,
    227.19865102305522,
    206.19004148458617,
    227.47520680401507,
    232.0100942494446,
    198.1629646538409,
    201.92365134555178,
    197.81361963764323,
    188.60742197103616,
    245.20290016186067,
    179.30028674625578,
    177.92290311009822,
    207.64033975504248,
    244.50193424461705,
    235.63397486155145,
    189.0990051995995,
    250.97310829797777,
    178.0453605642551
  ],
  "episode_lengths": [
    535,
    499,
    534,
    481,
    554,
    595,
    534,
    567,
    543,
    533,
    595,
    518,
    554,
    512,
    571,
    539,
    503,
    504,
    516,
    573,
    524,
    461,
    524,
    516,
    532,
    445,
    551,
    570,
    511,
    502,
    442,
    555,
    520,
    539,
    498,
    493,
    502,
    581,
    517,
    468,
    532,
    513,
    554,
    487,
    460,
    552,
    516,
    518,
    518,
    525,
    619,
    502,
    473,
    523,
    552,
    500,
    580,
    491,
    517,
    575,
    516,
    549,
    575,
    610,
    542,
    565,
    509,
    590,
    539,
    495,
    538,
    550,
    537,
    563,
    518,
    512,
    597,
    527,
    524,
    511,
    532,
    470,
    602,
    490,
    580,
    512,
    553,
    524,
    565,
    537,
    491,
    561,
    499,
    660,
    528,
    517,
    483,
    577,
    477,
    521
  ],
  "episode_terminated": [
    true,
    true,
    true,
    true,
    true,
    true,
    true,
    true,
    true,
    true,
    true,
    true,
    true,
    true,
    true,
    true,
    true,
    true,
    true,
    true,
    true,
    true,
    true,
    true,
    true,
    true,
    true,
    true,
    true,
    true,
    true,
    true,
    true,
    true,
    true,
    true,
    true,
    true,
    true,
    true,
    true,
    true,
    true,
    true,
    true,
    true,
    true,
    true,
    true,
    true,
    true,
    true,
    true,
    true,
    true,
    true,
    true,
    true,
    true,
    true,
    true,
    true,
    true,
    true,
    true,
    true,
    true,
    true,
    true,
    true,
    true,
    true,
    true,
    true,
    true,
    true,
    true,
    true,
    true,
    true,
    true,
    true,
    true,
    true,
    true,
    true,
    true,
    true,
    true,
    true,
    true,
    true,
    true,
    true,
    true,
    true,
    true,
    true,
    true,
    true
  ],
  "mean_eval_reward": 220.55110144692335,
  "mean_episode_length": 530.64,
  "min_eval_reward": 164.91374042344108,
  "max_eval_reward": 272.6990389901981,
  "termination_breakdown": {
    "terminated": 100,
    "truncated": 0
  },
  "final_policy_component_evaluation": {
    "approach_reward": {
      "episode_sum_mean": 1.3736026841385585,
      "episode_abs_sum_mean": 1.4505118537113535,
      "signed_contribution_share": 0.013480136957081851,
      "magnitude_share": 0.014234901162967845,
      "active_rate": 0.9726179707522992
    },
    "soft_landing_proxy": {
      "episode_sum_mean": 100.01252672296148,
      "episode_abs_sum_mean": 100.01252672296148,
      "signed_contribution_share": 0.9814938287593904,
      "magnitude_share": 0.9814938287593904,
      "active_rate": 0.07441956882255389
    },
    "stability_penalty": {
      "episode_sum_mean": -0.43523504709255245,
      "episode_abs_sum_mean": 0.43523504709255245,
      "signed_contribution_share": -0.004271270077641866,
      "magnitude_share": 0.004271270077641866,
      "active_rate": 1.0
    }
  },
  "final_policy_component_error_count": 0
}