{
  "eval_episodes": 20,
  "eval_seed_offset": 10000,
  "eval_seeds": [
    10000,
    10001,
    10002,
    10003,
    10004,
    10005,
    10006,
    10007,
    10008,
    10009,
    10010,
    10011,
    10012,
    10013,
    10014,
    10015,
    10016,
    10017,
    10018,
    10019
  ],
  "episode_rewards": [
    273.2861041173928,
    268.3742404501133,
    304.184326393446,
    261.7763334381185,
    266.81578866853175,
    259.49737499539106,
    288.5372597973919,
    286.405046443806,
    255.76579622183147,
    293.22214928051574,
    313.4649739733444,
    298.69435124141637,
    281.9985523171853,
    299.9182537351056,
    274.2855808033713,
    261.2436463376763,
    252.07655156051354,
    288.0834185116851,
    275.5942525776534,
    257.81947980017065
  ],
  "episode_lengths": [
    207,
    284,
    262,
    216,
    253,
    229,
    233,
    250,
    233,
    238,
    203,
    202,
    256,
    279,
    212,
    224,
    197,
    244,
    207,
    197
  ],
  "episode_terminated": [
    true,
    true,
    true,
    true,
    true,
    true,
    true,
    true,
    true,
    true,
    true,
    true,
    true,
    true,
    true,
    true,
    true,
    true,
    true,
    true
  ],
  "mean_eval_reward": 278.05217403323303,
  "mean_episode_length": 231.3,
  "min_eval_reward": 252.07655156051354,
  "max_eval_reward": 313.4649739733444,
  "termination_breakdown": {
    "terminated": 20,
    "truncated": 0
  },
  "final_policy_component_evaluation": {
    "distance_progress": {
      "episode_sum_mean": 2.750557765507197,
      "episode_abs_sum_mean": 2.8529070607900535,
      "signed_contribution_share": 0.07914168477443909,
      "magnitude_share": 0.08208657681260655,
      "active_rate": 0.9360138348465197
    },
    "landing_approach": {
      "episode_sum_mean": 26.169855479418377,
      "episode_abs_sum_mean": 26.169855479418377,
      "signed_contribution_share": 0.7529841688537836,
      "magnitude_share": 0.7529841688537836,
      "active_rate": 1.0
    },
    "stability_penalty": {
      "episode_sum_mean": -1.106092291938937,
      "episode_abs_sum_mean": 1.106092291938937,
      "signed_contribution_share": -0.03182554774810425,
      "magnitude_share": 0.03182554774810425,
      "active_rate": 1.0
    },
    "time_penalty": {
      "episode_sum_mean": -4.625999999999989,
      "episode_abs_sum_mean": 4.625999999999989,
      "signed_contribution_share": -0.13310370658550577,
      "magnitude_share": 0.13310370658550577,
      "active_rate": 1.0
    }
  },
  "final_policy_component_error_count": 0
}