{
  "eval_episodes": 20,
  "eval_seed_offset": 10000,
  "eval_seeds": [
    10000,
    10001,
    10002,
    10003,
    10004,
    10005,
    10006,
    10007,
    10008,
    10009,
    10010,
    10011,
    10012,
    10013,
    10014,
    10015,
    10016,
    10017,
    10018,
    10019
  ],
  "episode_rewards": [
    248.28152641161105,
    263.17804075532683,
    179.8725590999029,
    133.73722339760963,
    235.18558326533312,
    130.18330288198945,
    155.2497463855301,
    157.75652795771174,
    128.00573032731003,
    164.73233563746555,
    293.31601364786286,
    168.39250286885803,
    158.76877995256922,
    176.9627593748931,
    142.38807193340838,
    104.13173621091211,
    122.76679169328735,
    159.9826148864495,
    147.58015977506886,
    124.67630441260005
  ],
  "episode_lengths": [
    943,
    845,
    1000,
    1000,
    358,
    1000,
    1000,
    1000,
    1000,
    1000,
    301,
    1000,
    1000,
    1000,
    1000,
    1000,
    1000,
    1000,
    1000,
    1000
  ],
  "episode_terminated": [
    true,
    true,
    false,
    false,
    true,
    false,
    false,
    false,
    false,
    false,
    true,
    false,
    false,
    false,
    false,
    false,
    false,
    false,
    false,
    false
  ],
  "mean_eval_reward": 169.757415543785,
  "mean_episode_length": 922.35,
  "min_eval_reward": 104.13173621091211,
  "max_eval_reward": 293.31601364786286,
  "termination_breakdown": {
    "terminated": 4,
    "truncated": 16
  }
}