{
  "eval_episodes": 20,
  "eval_seed_offset": 10000,
  "eval_seeds": [
    10000,
    10001,
    10002,
    10003,
    10004,
    10005,
    10006,
    10007,
    10008,
    10009,
    10010,
    10011,
    10012,
    10013,
    10014,
    10015,
    10016,
    10017,
    10018,
    10019
  ],
  "episode_rewards": [
    -108.77466921688566,
    -117.18086874752227,
    -113.71528938137564,
    -106.24964161535632,
    -106.37064160265952,
    -114.4183276029303,
    -123.61536653875662,
    -112.26745007111803,
    -111.2158305168566,
    -110.62714126038152,
    -97.76343173308709,
    -105.22700318313746,
    -123.89448271897385,
    -116.27466101216663,
    -105.14860782755326,
    -101.15523365486317,
    -108.65312063230226,
    -100.04464911610877,
    -99.4678518556899,
    -125.05860691302705
  ],
  "episode_lengths": [
    57,
    76,
    81,
    61,
    83,
    74,
    78,
    81,
    76,
    74,
    52,
    60,
    67,
    69,
    60,
    82,
    62,
    54,
    54,
    68
  ],
  "episode_terminated": [
    true,
    true,
    true,
    true,
    true,
    true,
    true,
    true,
    true,
    true,
    true,
    true,
    true,
    true,
    true,
    true,
    true,
    true,
    true,
    true
  ],
  "mean_eval_reward": -110.3561437600376,
  "mean_episode_length": 68.45,
  "min_eval_reward": -125.05860691302705,
  "max_eval_reward": -97.76343173308709,
  "termination_breakdown": {
    "terminated": 20,
    "truncated": 0
  },
  "final_policy_component_evaluation": {
    "distance_progress": {
      "episode_sum_mean": 1.1200337436521626,
      "episode_abs_sum_mean": 1.1600888862502308,
      "signed_contribution_share": 0.14783974712783104,
      "magnitude_share": 0.15312685761573316,
      "active_rate": 1.0
    },
    "tilt_penalty": {
      "episode_sum_mean": -0.05144139205271131,
      "episode_abs_sum_mean": 0.05144139205271131,
      "signed_contribution_share": -0.006790047564261859,
      "magnitude_share": 0.006790047564261859,
      "active_rate": 1.0
    },
    "velocity_penalty": {
      "episode_sum_mean": -6.364468500183297,
      "episode_abs_sum_mean": 6.364468500183297,
      "signed_contribution_share": -0.840083094820005,
      "magnitude_share": 0.840083094820005,
      "active_rate": 1.0
    }
  },
  "final_policy_component_error_count": 0
}