{
  "eval_episodes": 20,
  "eval_seed_offset": 10000,
  "eval_seeds": [
    10000,
    10001,
    10002,
    10003,
    10004,
    10005,
    10006,
    10007,
    10008,
    10009,
    10010,
    10011,
    10012,
    10013,
    10014,
    10015,
    10016,
    10017,
    10018,
    10019
  ],
  "episode_rewards": [
    290.38661265574905,
    289.83146562233065,
    287.9791655146384,
    -111.2884624428687,
    290.6453748412802,
    290.7164880631782,
    -102.22772056938025,
    288.4731567187406,
    289.02131289390394,
    -111.2611647187757,
    -112.04700189491858,
    -102.21951620664758,
    -102.23761326839154,
    291.0324890321976,
    290.37938816919944,
    -112.40663305082917,
    287.2670820820074,
    289.9933352446004,
    289.8525183066598,
    289.664297180777
  ],
  "episode_lengths": [
    1111,
    1117,
    1142,
    75,
    1103,
    1104,
    47,
    1134,
    1139,
    76,
    78,
    47,
    47,
    1120,
    1130,
    83,
    1176,
    1139,
    1132,
    1120
  ],
  "episode_terminated": [
    true,
    true,
    true,
    true,
    true,
    true,
    true,
    true,
    true,
    true,
    true,
    true,
    true,
    true,
    true,
    true,
    true,
    true,
    true,
    true
  ],
  "mean_eval_reward": 150.57772870867257,
  "mean_episode_length": 756,
  "min_eval_reward": -112.40663305082917,
  "max_eval_reward": 291.0324890321976,
  "termination_breakdown": {
    "terminated": 20,
    "truncated": 0
  },
  "final_policy_component_evaluation": {
    "forward_reward": {
      "episode_sum_mean": 326.82441575906853,
      "episode_abs_sum_mean": 330.64532366604396,
      "signed_contribution_share": 0.889730362045529,
      "magnitude_share": 0.9001322096783632,
      "active_rate": 1.0
    },
    "stability_cost": {
      "episode_sum_mean": -36.684408689818206,
      "episode_abs_sum_mean": 36.684408689818206,
      "signed_contribution_share": -0.09986779032163678,
      "magnitude_share": 0.09986779032163678,
      "active_rate": 1.0
    }
  },
  "final_policy_component_error_count": 0
}