{
  "eval_episodes": 10,
  "episode_rewards": [
    -58.37507699911522,
    -74.52427249900248,
    -85.57557921294188,
    -84.48038634834313,
    -70.09961504710427,
    -83.42048824571907,
    -77.41616447777264,
    -72.21506028016037,
    -100.88592332733455,
    -104.18394380357026
  ],
  "episode_lengths": [
    85,
    76,
    80,
    81,
    78,
    75,
    52,
    61,
    68,
    69
  ],
  "mean_eval_reward": -81.11765102410638,
  "mean_episode_length": 72.5,
  "min_eval_reward": -104.18394380357026,
  "max_eval_reward": -58.37507699911522
}