{
  "eval_episodes": 20,
  "eval_seed_offset": 10000,
  "eval_seeds": [
    10000,
    10001,
    10002,
    10003,
    10004,
    10005,
    10006,
    10007,
    10008,
    10009,
    10010,
    10011,
    10012,
    10013,
    10014,
    10015,
    10016,
    10017,
    10018,
    10019
  ],
  "episode_rewards": [
    182.48141275030952,
    199.69834960132835,
    236.07326741107335,
    -206.44085683299386,
    215.19903282079352,
    -190.47791029250578,
    233.93227039018632,
    -24.316469742780527,
    -191.6586657244198,
    239.57116640139176,
    37.2473515357525,
    -148.6669168785053,
    236.71521010222312,
    -94.2977454429016,
    -60.15356336945588,
    -120.89131733220685,
    -31.021098767038676,
    10.050764531791629,
    -18.421042953943097,
    -71.365170557927
  ],
  "episode_lengths": [
    534,
    254,
    307,
    931,
    400,
    832,
    505,
    159,
    842,
    300,
    198,
    947,
    285,
    562,
    1000,
    1000,
    1000,
    153,
    1000,
    1000
  ],
  "episode_terminated": [
    true,
    true,
    true,
    true,
    true,
    true,
    true,
    true,
    true,
    true,
    true,
    true,
    true,
    true,
    false,
    false,
    false,
    true,
    false,
    false
  ],
  "mean_eval_reward": 21.662903382508585,
  "mean_episode_length": 610.45,
  "min_eval_reward": -206.44085683299386,
  "max_eval_reward": 239.57116640139176,
  "termination_breakdown": {
    "terminated": 15,
    "truncated": 5
  },
  "final_policy_component_evaluation": {
    "distance_penalty": {
      "episode_sum_mean": -269.64643826624376,
      "episode_abs_sum_mean": 269.64643826624376,
      "signed_contribution_share": -0.5280258947584591,
      "magnitude_share": 0.5280258947584591,
      "active_rate": 1.0
    },
    "landing_proxy": {
      "episode_sum_mean": 229.46989959478378,
      "episode_abs_sum_mean": 229.46989959478378,
      "signed_contribution_share": 0.4493515650817995,
      "magnitude_share": 0.4493515650817995,
      "active_rate": 0.05987386354328774
    },
    "orientation_penalty": {
      "episode_sum_mean": -6.10795476482217,
      "episode_abs_sum_mean": 6.10795476482217,
      "signed_contribution_share": -0.011960693048928613,
      "magnitude_share": 0.011960693048928613,
      "active_rate": 1.0
    },
    "velocity_penalty": {
      "episode_sum_mean": -5.444674451212355,
      "episode_abs_sum_mean": 5.444674451212355,
      "signed_contribution_share": -0.010661847110812845,
      "magnitude_share": 0.010661847110812845,
      "active_rate": 0.9953313129658449
    }
  },
  "final_policy_component_error_count": 0
}