{
  "eval_episodes": 20,
  "eval_seed_offset": 10000,
  "eval_seeds": [
    10000,
    10001,
    10002,
    10003,
    10004,
    10005,
    10006,
    10007,
    10008,
    10009,
    10010,
    10011,
    10012,
    10013,
    10014,
    10015,
    10016,
    10017,
    10018,
    10019
  ],
  "episode_rewards": [
    144.09625325029762,
    260.57071127643235,
    268.7962585677146,
    233.16167065166977,
    247.8151642732335,
    231.50524514843022,
    265.8958332520225,
    249.49988511870623,
    233.41948940272437,
    274.17235548384417,
    185.87054413114654,
    168.03850948251926,
    266.9938050495391,
    82.56511343261943,
    124.59857593634197,
    235.53264396257103,
    118.96979226831711,
    256.93238112488064,
    248.12080046878836,
    230.14623070604077
  ],
  "episode_lengths": [
    1000,
    345,
    361,
    790,
    334,
    338,
    318,
    377,
    326,
    315,
    1000,
    1000,
    297,
    154,
    1000,
    339,
    1000,
    333,
    326,
    319
  ],
  "episode_terminated": [
    false,
    true,
    true,
    true,
    true,
    true,
    true,
    true,
    true,
    true,
    false,
    false,
    true,
    true,
    false,
    true,
    false,
    true,
    true,
    true
  ],
  "mean_eval_reward": 216.33506314939197,
  "mean_episode_length": 513.6,
  "min_eval_reward": 82.56511343261943,
  "max_eval_reward": 274.17235548384417,
  "termination_breakdown": {
    "terminated": 15,
    "truncated": 5
  },
  "final_policy_component_evaluation": {
    "contact": {
      "episode_sum_mean": 279.2054794847965,
      "episode_abs_sum_mean": 279.2054794847965,
      "signed_contribution_share": 0.3450543767684319,
      "magnitude_share": 0.3450543767684319,
      "active_rate": 0.4574571651090343
    },
    "engine_penalty": {
      "episode_sum_mean": -11.746499999999985,
      "episode_abs_sum_mean": 11.746499999999985,
      "signed_contribution_share": -0.014516839870727131,
      "magnitude_share": 0.014516839870727131,
      "active_rate": 0.762363707165109
    },
    "progress": {
      "episode_sum_mean": 12.218262945492466,
      "episode_abs_sum_mean": 12.218262945492466,
      "signed_contribution_share": 0.015099865209054032,
      "magnitude_share": 0.015099865209054032,
      "active_rate": 0.7266355140186916
    },
    "stability": {
      "episode_sum_mean": 505.9934670686722,
      "episode_abs_sum_mean": 505.9934670686722,
      "signed_contribution_share": 0.625328918151787,
      "magnitude_share": 0.625328918151787,
      "active_rate": 1.0
    }
  },
  "final_policy_component_error_count": 0
}