{
  "eval_episodes": 10,
  "episode_rewards": [
    -108.7797548379396,
    -121.70786855801691,
    -117.36696461990147,
    -130.74661246230815,
    -122.93511787549025,
    -109.4296122362689,
    -119.79091111306334,
    -111.89296526636741,
    -95.05909309317079,
    -99.34097289173336
  ],
  "episode_lengths": [
    81,
    61,
    83,
    74,
    78,
    81,
    76,
    74,
    52,
    60
  ],
  "mean_eval_reward": -113.70498729542602,
  "mean_episode_length": 72,
  "min_eval_reward": -130.74661246230815,
  "max_eval_reward": -95.05909309317079
}