{
  "eval_episodes": 10,
  "episode_rewards": [
    -105.21234708878758,
    -107.11093605835313,
    -108.42799645814989,
    -114.2763527705059,
    -120.5974011703025,
    -108.07199838459309,
    -116.91924781580693,
    -108.19918263392466,
    -95.05909309317079,
    -101.0782277802753
  ],
  "episode_lengths": [
    81,
    61,
    83,
    74,
    78,
    81,
    76,
    74,
    52,
    60
  ],
  "mean_eval_reward": -108.49527832538698,
  "mean_episode_length": 72,
  "min_eval_reward": -120.5974011703025,
  "max_eval_reward": -95.05909309317079
}