{
  "eval_episodes": 20,
  "eval_seed_offset": 10000,
  "eval_seeds": [
    10000,
    10001,
    10002,
    10003,
    10004,
    10005,
    10006,
    10007,
    10008,
    10009,
    10010,
    10011,
    10012,
    10013,
    10014,
    10015,
    10016,
    10017,
    10018,
    10019
  ],
  "episode_rewards": [
    307.2224638206115,
    308.49632184984796,
    308.65642557959825,
    307.77310390431285,
    308.42086943999163,
    308.6971521475188,
    307.8025601203213,
    307.8180083274092,
    308.3330160006151,
    309.0747977516617,
    99.30491079677898,
    307.60242083355246,
    307.2036674150118,
    308.1623082743118,
    308.3546536125845,
    307.59012251949787,
    80.83663887499708,
    307.12182310146534,
    306.69019246764776,
    307.22593557076164
  ],
  "episode_lengths": [
    879,
    885,
    877,
    882,
    865,
    875,
    877,
    876,
    895,
    865,
    613,
    892,
    891,
    882,
    877,
    879,
    542,
    883,
    898,
    891
  ],
  "episode_terminated": [
    true,
    true,
    true,
    true,
    true,
    true,
    true,
    true,
    true,
    true,
    true,
    true,
    true,
    true,
    true,
    true,
    true,
    true,
    true,
    true
  ],
  "mean_eval_reward": 286.1193696204249,
  "mean_episode_length": 851.2,
  "min_eval_reward": 80.83663887499708,
  "max_eval_reward": 309.0747977516617,
  "termination_breakdown": {
    "terminated": 20,
    "truncated": 0
  },
  "final_policy_component_evaluation": {
    "action_penalty": {
      "episode_sum_mean": -14.527096981919174,
      "episode_abs_sum_mean": 14.527096981919174,
      "signed_contribution_share": -0.029052700097531275,
      "magnitude_share": 0.029052700097531275,
      "active_rate": 1.0
    },
    "forward_reward": {
      "episode_sum_mean": 485.13624871839556,
      "episode_abs_sum_mean": 485.28793688730576,
      "signed_contribution_share": 0.9702226093760724,
      "magnitude_share": 0.9705259701153294,
      "active_rate": 1.0
    },
    "posture_penalty": {
      "episode_sum_mean": -0.210675725787878,
      "episode_abs_sum_mean": 0.210675725787878,
      "signed_contribution_share": -0.0004213297871393676,
      "magnitude_share": 0.0004213297871393676,
      "active_rate": 0.003583176691729323
    }
  },
  "final_policy_component_error_count": 0
}