{
  "eval_episodes": 20,
  "eval_seed_offset": 10000,
  "eval_seeds": [
    10000,
    10001,
    10002,
    10003,
    10004,
    10005,
    10006,
    10007,
    10008,
    10009,
    10010,
    10011,
    10012,
    10013,
    10014,
    10015,
    10016,
    10017,
    10018,
    10019
  ],
  "episode_rewards": [
    -1117.4117636564479,
    -407.1358557941819,
    -435.16531192478186,
    -517.2074970916902,
    -558.1075217770967,
    -565.2277922704236,
    -895.9020296472997,
    -484.10881594675135,
    -536.9733268972102,
    -1079.1589498238238,
    -313.25735718821574,
    -386.7593803192612,
    -448.0246269507949,
    -335.949905640619,
    -909.5852587596264,
    -597.2089308674283,
    -662.3343029864715,
    -356.89894695299927,
    -746.2257118456815,
    -882.6403155095896
  ],
  "episode_lengths": [
    246,
    94,
    87,
    135,
    117,
    121,
    240,
    103,
    125,
    278,
    84,
    98,
    107,
    82,
    209,
    134,
    163,
    99,
    211,
    205
  ],
  "episode_terminated": [
    true,
    true,
    true,
    true,
    true,
    true,
    true,
    true,
    true,
    true,
    true,
    true,
    true,
    true,
    true,
    true,
    true,
    true,
    true,
    true
  ],
  "mean_eval_reward": -611.7641800925197,
  "mean_episode_length": 146.9,
  "min_eval_reward": -1117.4117636564479,
  "max_eval_reward": -313.25735718821574,
  "termination_breakdown": {
    "terminated": 20,
    "truncated": 0
  },
  "final_policy_component_evaluation": {
    "descent_safety": {
      "episode_sum_mean": -7.127693847566843,
      "episode_abs_sum_mean": 7.127693847566843,
      "signed_contribution_share": -0.501336473755885,
      "magnitude_share": 0.501336473755885,
      "active_rate": 0.09938733832539143
    },
    "fuel_penalty": {
      "episode_sum_mean": -4.862499999999992,
      "episode_abs_sum_mean": 4.862499999999992,
      "signed_contribution_share": -0.3420108461126108,
      "magnitude_share": 0.3420108461126108,
      "active_rate": 0.6620149761742682
    },
    "landing_improvement": {
      "episode_sum_mean": 2.227191522717476,
      "episode_abs_sum_mean": 2.227191522717476,
      "signed_contribution_share": 0.1566526801315042,
      "magnitude_share": 0.1566526801315042,
      "active_rate": 0.1718856364874064
    },
    "stable_landed": {
      "episode_sum_mean": 0.0,
      "episode_abs_sum_mean": 0.0,
      "signed_contribution_share": 0.0,
      "magnitude_share": 0.0,
      "active_rate": 0.0
    },
    "touchdown_bonus": {
      "episode_sum_mean": 0.0,
      "episode_abs_sum_mean": 0.0,
      "signed_contribution_share": 0.0,
      "magnitude_share": 0.0,
      "active_rate": 0.0
    }
  },
  "final_policy_component_error_count": 0
}