{
  "metadata": {
    "distribution": "deterministic_policy_evaluation",
    "not_training_distribution": true,
    "env_id": "LunarLander-v2",
    "episodes": 10,
    "seed_base": 10005,
    "run_dir": "runs\\env_001\\exp_v6\\seed_5\\iter_03\\training",
    "model_path": "runs\\env_001\\exp_v6\\seed_5\\iter_03\\training\\model.zip",
    "reward_path": "runs\\env_001\\exp_v6\\seed_5\\iter_03\\generation\\reward_v3.py"
  },
  "evaluation": {
    "original_return": {
      "count": 10,
      "mean": 242.40622509433464,
      "std": 48.20530487005179,
      "median": 257.3878382081466,
      "min": 109.65252460461572,
      "max": 282.4668554908497
    },
    "generated_return": {
      "count": 10,
      "mean": 144.90124753569563,
      "std": 217.57887428406565,
      "median": 40.43182213480335,
      "min": 28.715288993587773,
      "max": 660.136041656017
    },
    "episode_length": {
      "count": 10,
      "mean": 481.8,
      "std": 247.6807622727288,
      "median": 361.5,
      "min": 336.0,
      "max": 1000.0
    },
    "termination_rate": 0.9,
    "truncation_rate": 0.1
  },
  "additive_term_inference": {
    "status": "exact",
    "reward_terms": [
      "landing_proxy",
      "progress_reward",
      "stability_penalty"
    ],
    "diagnostics": [
      "dist_gate"
    ],
    "mean_abs_residual": 8.479910192238639e-18,
    "relative_residual": 8.479910192238639e-18
  },
  "step_component_stats": {
    "dist_gate": {
      "count": 4818,
      "mean": 0.5174119834678766,
      "abs_mean": 0.5174119834678766,
      "nonzero_rate": 1.0,
      "mean_when_active": 0.5174119834678766,
      "abs_mean_when_active": 0.5174119834678766,
      "min": 0.1207114292590991,
      "max": 0.9948613207811751
    },
    "generated_reward": {
      "count": 4818,
      "mean": 0.300749787330211,
      "abs_mean": 0.30089775801557483,
      "nonzero_rate": 1.0,
      "mean_when_active": 0.300749787330211,
      "abs_mean_when_active": 0.30089775801557483,
      "min": -0.0072402058139735635,
      "max": 0.9976208262064505
    },
    "landing_proxy": {
      "count": 4818,
      "mean": 0.2986792977273082,
      "abs_mean": 0.2986792977273082,
      "nonzero_rate": 0.3559568285595683,
      "mean_when_active": 0.8390885460350852,
      "abs_mean_when_active": 0.8390885460350852,
      "min": 0.0,
      "max": 0.9976255776397678
    },
    "progress_reward": {
      "count": 4818,
      "mean": 0.0027895255780217127,
      "abs_mean": 0.002856332314033991,
      "nonzero_rate": 0.9726027397260274,
      "mean_when_active": 0.0028681037633180987,
      "abs_mean_when_active": 0.0029367923792180473,
      "min": -0.006477283226957065,
      "max": 0.013979697605378316
    },
    "stability_penalty": {
      "count": 4818,
      "mean": -0.0007190359751189397,
      "abs_mean": 0.0007190359751189397,
      "nonzero_rate": 1.0,
      "mean_when_active": -0.0007190359751189397,
      "abs_mean_when_active": 0.0007190359751189397,
      "min": -0.0025656942015564056,
      "max": -2.298874249855425e-06
    }
  },
  "episode_component_sum_stats": {
    "dist_gate": {
      "count": 10,
      "mean": 249.28909363482293,
      "std": 205.56976197150428,
      "median": 150.61400897729993,
      "min": 138.45983370845337,
      "max": 747.8515277847949
    },
    "landing_proxy": {
      "count": 10,
      "mean": 143.9036856450171,
      "std": 217.59441286217367,
      "median": 39.36957943341716,
      "min": 27.734053354215195,
      "max": 659.1339788143626
    },
    "progress_reward": {
      "count": 10,
      "mean": 1.343993423490861,
      "std": 0.026862082519464942,
      "median": 1.3427597632544497,
      "min": 1.2921821916327634,
      "max": 1.398319549404323
    },
    "stability_penalty": {
      "count": 10,
      "mean": -0.34643153281230515,
      "std": 0.0543216710457175,
      "median": -0.34940380867520815,
      "min": -0.44012797011535015,
      "max": -0.2595879425179569
    }
  },
  "episodes": [
    {
      "episode": 0,
      "seed": 10005,
      "original_return": 225.73784941711997,
      "generated_return": 41.32133739927932,
      "length": 368,
      "terminated": true,
      "truncated": false,
      "component_sums": {
        "progress_reward": 1.3630903564259582,
        "stability_penalty": -0.2595879425179569,
        "dist_gate": 153.24391203956358,
        "landing_proxy": 40.21783498537129
      },
      "behavior": {
        "source": "derived_from_declared_observation_and_action",
        "outcome": "terminated_unclassified",
        "final_distance": 0.05050417297574735,
        "final_speed": 0.0,
        "final_abs_angle": 0.0024878859985619783,
        "left_contact_rate": 0.12228260869565218,
        "right_contact_rate": 0.11413043478260869,
        "both_contact_rate": 0.11413043478260869,
        "action_rates": {
          "0": 0.11141304347826086,
          "1": 0.1875,
          "2": 0.5081521739130435,
          "3": 0.19293478260869565
        },
        "termination_reason": "unknown"
      }
    },
    {
      "episode": 1,
      "seed": 10006,
      "original_return": 254.09201296327456,
      "generated_return": 28.715288993587773,
      "length": 352,
      "terminated": true,
      "truncated": false,
      "component_sums": {
        "progress_reward": 1.333423398329187,
        "stability_penalty": -0.35218775895660825,
        "dist_gate": 141.08407163283783,
        "landing_proxy": 27.734053354215195
      },
      "behavior": {
        "source": "derived_from_declared_observation_and_action",
        "outcome": "terminated_unclassified",
        "final_distance": 0.08232611839141213,
        "final_speed": 0.0,
        "final_abs_angle": 0.0024445869494229555,
        "left_contact_rate": 0.08522727272727272,
        "right_contact_rate": 0.08806818181818182,
        "both_contact_rate": 0.08522727272727272,
        "action_rates": {
          "0": 0.08806818181818182,
          "1": 0.1903409090909091,
          "2": 0.5170454545454546,
          "3": 0.20454545454545456
        },
        "termination_reason": "unknown"
      }
    },
    {
      "episode": 2,
      "seed": 10007,
      "original_return": 253.38413880391676,
      "generated_return": 47.01412764771286,
      "length": 394,
      "terminated": true,
      "truncated": false,
      "component_sums": {
        "progress_reward": 1.3561884183349215,
        "stability_penalty": -0.3066105987490961,
        "dist_gate": 158.62252298136585,
        "landing_proxy": 45.96454982812703
      },
      "behavior": {
        "source": "derived_from_declared_observation_and_action",
        "outcome": "terminated_unclassified",
        "final_distance": 0.06177498183994963,
        "final_speed": 0.0,
        "final_abs_angle": 0.003089439356699586,
        "left_contact_rate": 0.13705583756345177,
        "right_contact_rate": 0.12436548223350254,
        "both_contact_rate": 0.12436548223350254,
        "action_rates": {
          "0": 0.1116751269035533,
          "1": 0.20812182741116753,
          "2": 0.4847715736040609,
          "3": 0.19543147208121828
        },
        "termination_reason": "unknown"
      }
    },
    {
      "episode": 3,
      "seed": 10008,
      "original_return": 221.4902558699253,
      "generated_return": 45.81627018257314,
      "length": 378,
      "terminated": true,
      "truncated": false,
      "component_sums": {
        "progress_reward": 1.3274472205011374,
        "stability_penalty": -0.26952606685489117,
        "dist_gate": 156.48547022197562,
        "landing_proxy": 44.75834902892687
      },
      "behavior": {
        "source": "derived_from_declared_observation_and_action",
        "outcome": "terminated_unclassified",
        "final_distance": 0.08684414841592324,
        "final_speed": 0.0,
        "final_abs_angle": 0.0006199927884154022,
        "left_contact_rate": 0.1402116402116402,
        "right_contact_rate": 0.12698412698412698,