{
  "eval_episodes": 20,
  "eval_seed_offset": 10000,
  "eval_seeds": [
    10000,
    10001,
    10002,
    10003,
    10004,
    10005,
    10006,
    10007,
    10008,
    10009,
    10010,
    10011,
    10012,
    10013,
    10014,
    10015,
    10016,
    10017,
    10018,
    10019
  ],
  "episode_rewards": [
    -98.35120324486054,
    -118.26001098797339,
    -115.229120108319,
    -107.80928080594215,
    -108.20064903679643,
    -116.47176944243813,
    -123.79954571130665,
    -110.6423184989128,
    -116.73966005070267,
    -110.41405805925771,
    -97.60449908348906,
    -97.01316320430382,
    -124.30911301363378,
    -117.34017882125563,
    -104.39589830468623,
    -104.3291959244488,
    -107.98013778765305,
    -102.43420187775885,
    -89.78640859254234,
    -125.00814281987496
  ],
  "episode_lengths": [
    57,
    76,
    81,
    61,
    83,
    74,
    78,
    81,
    76,
    74,
    52,
    60,
    67,
    68,
    60,
    82,
    62,
    54,
    54,
    68
  ],
  "episode_terminated": [
    true,
    true,
    true,
    true,
    true,
    true,
    true,
    true,
    true,
    true,
    true,
    true,
    true,
    true,
    true,
    true,
    true,
    true,
    true,
    true
  ],
  "mean_eval_reward": -109.8059277688078,
  "mean_episode_length": 68.4,
  "min_eval_reward": -125.00814281987496,
  "max_eval_reward": -89.78640859254234,
  "termination_breakdown": {
    "terminated": 20,
    "truncated": 0
  },
  "final_policy_component_evaluation": {
    "contact": {
      "episode_sum_mean": 1.675,
      "episode_abs_sum_mean": 1.675,
      "signed_contribution_share": 0.022939087490466217,
      "magnitude_share": 0.022939087490466217,
      "active_rate": 0.029970760233918127
    },
    "proximity": {
      "episode_sum_mean": -66.45925690438598,
      "episode_abs_sum_mean": 66.45925690438598,
      "signed_contribution_share": -0.9101580350334811,
      "magnitude_share": 0.9101580350334811,
      "active_rate": 1.0
    },
    "stability": {
      "episode_sum_mean": -4.885212623168325,
      "episode_abs_sum_mean": 4.885212623168325,
      "signed_contribution_share": -0.06690287747605264,
      "magnitude_share": 0.06690287747605264,
      "active_rate": 1.0
    }
  },
  "final_policy_component_error_count": 0
}