{
  "eval_episodes": 20,
  "eval_seed_offset": 10000,
  "eval_seeds": [
    10000,
    10001,
    10002,
    10003,
    10004,
    10005,
    10006,
    10007,
    10008,
    10009,
    10010,
    10011,
    10012,
    10013,
    10014,
    10015,
    10016,
    10017,
    10018,
    10019
  ],
  "episode_rewards": [
    -425.39945283197636,
    -268.9105598310523,
    -195.76075678941885,
    -379.9832333384955,
    -380.8198129819988,
    -401.7961732862209,
    -232.85773696437457,
    -293.0595768427385,
    -405.51551138062786,
    -161.13855424090423,
    -169.06444853082218,
    -203.56327275933702,
    -180.4576149583758,
    -227.08588488254085,
    -224.7067195980183,
    -469.55008385073853,
    -358.5000240531014,
    -240.48395170549384,
    -183.64987556487745,
    -301.1437504882521
  ],
  "episode_lengths": [
    117,
    77,
    81,
    94,
    87,
    86,
    83,
    80,
    87,
    78,
    65,
    65,
    73,
    71,
    88,
    93,
    120,
    65,
    115,
    98
  ],
  "episode_terminated": [
    true,
    true,
    true,
    true,
    true,
    true,
    true,
    true,
    true,
    true,
    true,
    true,
    true,
    true,
    true,
    true,
    true,
    true,
    true,
    true
  ],
  "mean_eval_reward": -285.17234974396825,
  "mean_episode_length": 86.15,
  "min_eval_reward": -469.55008385073853,
  "max_eval_reward": -161.13855424090423,
  "termination_breakdown": {
    "terminated": 20,
    "truncated": 0
  },
  "final_policy_component_evaluation": {
    "fuel_cost": {
      "episode_sum_mean": -0.39800000000000013,
      "episode_abs_sum_mean": 0.39800000000000013,
      "signed_contribution_share": -0.2570712287567564,
      "magnitude_share": 0.2570712287567564,
      "active_rate": 0.2309924550203134
    },
    "progress": {
      "episode_sum_mean": 0.8484958201646805,
      "episode_abs_sum_mean": 0.9403451532125473,
      "signed_contribution_share": 0.5480499072480054,
      "magnitude_share": 0.607376090431683,
      "active_rate": 1.0
    },
    "soft_landing": {
      "episode_sum_mean": -0.20986388567835093,
      "episode_abs_sum_mean": 0.20986388567835093,
      "signed_contribution_share": -0.13555268081156058,
      "magnitude_share": 0.13555268081156058,
      "active_rate": 0.01857225769007545
    }
  },
  "final_policy_component_error_count": 0
}