{
  "eval_episodes": 20,
  "eval_seed_offset": 10000,
  "eval_seeds": [
    10000,
    10001,
    10002,
    10003,
    10004,
    10005,
    10006,
    10007,
    10008,
    10009,
    10010,
    10011,
    10012,
    10013,
    10014,
    10015,
    10016,
    10017,
    10018,
    10019
  ],
  "episode_rewards": [
    35.023254648052244,
    -43.308407843114196,
    272.4165867081055,
    -45.107612589048834,
    -47.79603761184588,
    2.7615675284571353,
    271.24737925151686,
    272.67960953162446,
    272.7218050611054,
    -22.607984511685856,
    -40.11923974031827,
    22.577793754906068,
    272.2651006171717,
    270.1161472414543,
    149.82620239744207,
    268.4083269241302,
    272.02863747777843,
    8.068308322504805,
    266.961202168128,
    155.2106878051921
  ],
  "episode_lengths": [
    564,
    297,
    1083,
    303,
    261,
    477,
    1089,
    1095,
    1067,
    338,
    330,
    559,
    1079,
    1102,
    1052,
    1136,
    1083,
    492,
    1143,
    1055
  ],
  "episode_terminated": [
    true,
    true,
    true,
    true,
    true,
    true,
    true,
    true,
    true,
    true,
    true,
    true,
    true,
    true,
    true,
    true,
    true,
    true,
    true,
    true
  ],
  "mean_eval_reward": 130.66866635707783,
  "mean_episode_length": 780.25,
  "min_eval_reward": -47.79603761184588,
  "max_eval_reward": 272.7218050611054,
  "termination_breakdown": {
    "terminated": 20,
    "truncated": 0
  }
}