{
  "eval_episodes": 20,
  "eval_seed_offset": 10000,
  "eval_seeds": [
    10000,
    10001,
    10002,
    10003,
    10004,
    10005,
    10006,
    10007,
    10008,
    10009,
    10010,
    10011,
    10012,
    10013,
    10014,
    10015,
    10016,
    10017,
    10018,
    10019
  ],
  "episode_rewards": [
    -129.3907658116402,
    -149.78775590257106,
    -169.05229905065232,
    -151.17670638503387,
    -152.94751836145264,
    -163.10822622576046,
    -142.379420821486,
    -154.40876390946477,
    -159.50379073443042,
    -127.46332864904774,
    -135.47926947398003,
    36.226114571948756,
    -140.60105635678187,
    -219.56664447843153,
    -142.73742514153983,
    -157.5235624742562,
    -152.11136591114254,
    -140.8182242358435,
    -129.0144710249683,
    -158.35918517216766
  ],
  "episode_lengths": [
    57,
    77,
    81,
    60,
    82,
    74,
    78,
    81,
    75,
    74,
    51,
    68,
    67,
    70,
    59,
    81,
    61,
    55,
    54,
    68
  ],
  "episode_terminated": [
    true,
    true,
    true,
    true,
    true,
    true,
    true,
    true,
    true,
    true,
    true,
    true,
    true,
    true,
    true,
    true,
    true,
    true,
    true,
    true
  ],
  "mean_eval_reward": -141.9601832774351,
  "mean_episode_length": 68.65,
  "min_eval_reward": -219.56664447843153,
  "max_eval_reward": 36.226114571948756,
  "termination_breakdown": {
    "terminated": 20,
    "truncated": 0
  },
  "final_policy_component_evaluation": {
    "altitude_penalty": {
      "episode_sum_mean": -127.47690663497197,
      "episode_abs_sum_mean": 127.47690663497197,
      "signed_contribution_share": -0.8128707099033794,
      "magnitude_share": 0.8128707099033794,
      "active_rate": 1.0
    },
    "angle_penalty": {
      "episode_sum_mean": -0.27310456075968587,
      "episode_abs_sum_mean": 0.27310456075968587,
      "signed_contribution_share": -0.0017414816851358504,
      "magnitude_share": 0.0017414816851358504,
      "active_rate": 1.0
    },
    "angvel_penalty": {
      "episode_sum_mean": -0.3090231880763068,
      "episode_abs_sum_mean": 0.3090231880763068,
      "signed_contribution_share": -0.001970520817448829,
      "magnitude_share": 0.001970520817448829,
      "active_rate": 1.0
    },
    "contact_reward": {
      "episode_sum_mean": 17.0,
      "episode_abs_sum_mean": 17.0,
      "signed_contribution_share": 0.10840239564274463,
      "magnitude_share": 0.10840239564274463,
      "active_rate": 0.04297159504734159
    },
    "distance_progress": {
      "episode_sum_mean": 11.314638778567314,
      "episode_abs_sum_mean": 11.649068087339401,
      "signed_contribution_share": 0.07214905584876441,
      "magnitude_share": 0.07428158162782567,
      "active_rate": 1.0
    },
    "fuel_penalty": {
      "episode_sum_mean": -0.115,
      "episode_abs_sum_mean": 0.115,
      "signed_contribution_share": -0.0007333103234656255,
      "magnitude_share": 0.0007333103234656255,
      "active_rate": 0.016751638747268753
    },
    "landing_bonus": {
      "episode_sum_mean": 0.0,
      "episode_abs_sum_mean": 0.0,
      "signed_contribution_share": 0.0,
      "magnitude_share": 0.0,
      "active_rate": 0.0
    }
  },
  "final_policy_component_error_count": 0
}