{
  "eval_episodes": 20,
  "eval_seed_offset": 10000,
  "eval_seeds": [
    10000,
    10001,
    10002,
    10003,
    10004,
    10005,
    10006,
    10007,
    10008,
    10009,
    10010,
    10011,
    10012,
    10013,
    10014,
    10015,
    10016,
    10017,
    10018,
    10019
  ],
  "episode_rewards": [
    -96.37872668725964,
    -117.75146419078573,
    -107.11747161831467,
    -105.72179175186774,
    -106.66029094823425,
    -113.56168642113525,
    -124.10785402590261,
    -111.32789258494599,
    -114.71761162110855,
    -112.6580984781962,
    -99.40802104430072,
    -114.31338528497776,
    -124.83957022608257,
    -115.67962768903637,
    -104.79146551042666,
    -103.75325109303056,
    -106.86338457555328,
    -93.50010076594837,
    -98.86978743176181,
    -123.79965703664901
  ],
  "episode_lengths": [
    57,
    76,
    81,
    61,
    83,
    74,
    78,
    81,
    76,
    74,
    52,
    59,
    67,
    68,
    60,
    82,
    62,
    54,
    54,
    68
  ],
  "episode_terminated": [
    true,
    true,
    true,
    true,
    true,
    true,
    true,
    true,
    true,
    true,
    true,
    true,
    true,
    true,
    true,
    true,
    true,
    true,
    true,
    true
  ],
  "mean_eval_reward": -109.79105694927588,
  "mean_episode_length": 68.35,
  "min_eval_reward": -124.83957022608257,
  "max_eval_reward": -93.50010076594837,
  "termination_breakdown": {
    "terminated": 20,
    "truncated": 0
  },
  "final_policy_component_evaluation": {
    "distance_reward": {
      "episode_sum_mean": -66.44014454205963,
      "episode_abs_sum_mean": 66.44014454205963,
      "signed_contribution_share": -0.8394775965089477,
      "magnitude_share": 0.8394775965089477,
      "active_rate": 1.0
    },
    "landing_quality": {
      "episode_sum_mean": 9.446146056597172,
      "episode_abs_sum_mean": 9.446146056597172,
      "signed_contribution_share": 0.11935296111291159,
      "magnitude_share": 0.11935296111291159,
      "active_rate": 0.42355523043160204
    },
    "stability_penalty": {
      "episode_sum_mean": -3.258340322236943,
      "episode_abs_sum_mean": 3.258340322236943,
      "signed_contribution_share": -0.04116944237814064,
      "magnitude_share": 0.04116944237814064,
      "active_rate": 1.0
    }
  },
  "final_policy_component_error_count": 0
}