{
  "eval_episodes": 10,
  "episode_rewards": [
    270.9840557594565,
    228.94427309925817,
    236.2308125885793,
    217.66519589622447,
    263.7041465894343,
    244.3338484194738,
    224.9632962251028,
    274.8418882665205,
    274.94427946468824,
    276.9693348397295
  ],
  "episode_lengths": [
    452,
    377,
    398,
    411,
    342,
    439,
    380,
    339,
    299,
    320
  ],
  "mean_eval_reward": 251.35811311484676,
  "mean_episode_length": 375.7,
  "min_eval_reward": 217.66519589622447,
  "max_eval_reward": 276.9693348397295
}