{
  "eval_episodes": 10,
  "episode_rewards": [
    145.17894367846893,
    156.77870252854962,
    176.55520135842448,
    126.41247122491468,
    136.34448072313907,
    123.66997684215586,
    155.56017010920687,
    151.96199056130857,
    122.83273809400758,
    166.04986015494742
  ],
  "episode_lengths": [
    1000,
    1000,
    1000,
    1000,
    1000,
    1000,
    1000,
    1000,
    1000,
    1000
  ],
  "mean_eval_reward": 146.1344535275123,
  "mean_episode_length": 1000,
  "min_eval_reward": 122.83273809400758,
  "max_eval_reward": 176.55520135842448
}