{
  "eval_episodes": 10,
  "episode_rewards": [
    -98.3337191653092,
    -117.0233224085903,
    -108.61448265059185,
    -106.66213164140906,
    -107.23800596743072,
    -114.46900404302102,
    -123.52088159754186,
    -111.17474572218165,
    -116.49889637177861,
    -110.96169480663045
  ],
  "episode_lengths": [
    57,
    76,
    81,
    61,
    83,
    74,
    78,
    81,
    76,
    74
  ],
  "mean_eval_reward": -111.44968843744847,
  "mean_episode_length": 74.1,
  "min_eval_reward": -123.52088159754186,
  "max_eval_reward": -98.3337191653092
}