{
  "eval_episodes": 10,
  "episode_rewards": [
    -113.89285763154581,
    -117.85392207346908,
    -104.92403047756707,
    -109.19692699536665,
    -109.30869636034208,
    -116.41159532120153,
    -127.40457686500963,
    -109.40207242613019,
    -118.71297346459008,
    -122.80637661758453
  ],
  "episode_lengths": [
    57,
    76,
    81,
    61,
    83,
    74,
    78,
    81,
    76,
    74
  ],
  "mean_eval_reward": -114.99140282328067,
  "mean_episode_length": 74.1,
  "min_eval_reward": -127.40457686500963,
  "max_eval_reward": -104.92403047756707
}