{
  "eval_episodes": 20,
  "eval_seed_offset": 10000,
  "eval_seeds": [
    10000,
    10001,
    10002,
    10003,
    10004,
    10005,
    10006,
    10007,
    10008,
    10009,
    10010,
    10011,
    10012,
    10013,
    10014,
    10015,
    10016,
    10017,
    10018,
    10019
  ],
  "episode_rewards": [
    -57.88139162933917,
    -107.92629836286838,
    -105.83245009284647,
    -85.10059553788645,
    -83.18345149072762,
    -83.55590967178908,
    -83.39401466408978,
    -101.24306114685942,
    -99.02192480491443,
    -68.0825889703519,
    -53.673595030533306,
    -50.98993708343911,
    -96.50596115842275,
    -116.81704524426885,
    -52.16107865059624,
    -68.70421515359945,
    -80.26034316571528,
    -86.00600540419516,
    -42.709770732934615,
    -66.63237196827421
  ],
  "episode_lengths": [
    59,
    76,
    81,
    62,
    84,
    75,
    80,
    81,
    76,
    76,
    54,
    63,
    68,
    69,
    62,
    83,
    63,
    54,
    56,
    71
  ],
  "episode_terminated": [
    true,
    true,
    true,
    true,
    true,
    true,
    true,
    true,
    true,
    true,
    true,
    true,
    true,
    true,
    true,
    true,
    true,
    true,
    true,
    true
  ],
  "mean_eval_reward": -79.48410049818258,
  "mean_episode_length": 69.65,
  "min_eval_reward": -116.81704524426885,
  "max_eval_reward": -42.709770732934615,
  "termination_breakdown": {
    "terminated": 20,
    "truncated": 0
  },
  "final_policy_component_evaluation": {
    "distance_progress": {
      "episode_sum_mean": 11.152698211424049,
      "episode_abs_sum_mean": 11.58456678657898,
      "signed_contribution_share": 0.6878962369966384,
      "magnitude_share": 0.7145338059592656,
      "active_rate": 1.0
    },
    "landing_guidance": {
      "episode_sum_mean": 0.6466368919408698,
      "episode_abs_sum_mean": 4.553363108059131,
      "signed_contribution_share": 0.03988443659433773,
      "magnitude_share": 0.2808505429210613,
      "active_rate": 1.0
    },
    "tilt_penalty": {
      "episode_sum_mean": -0.07483245469067228,
      "episode_abs_sum_mean": 0.07483245469067228,
      "signed_contribution_share": -0.004615651119673038,
      "magnitude_share": 0.004615651119673038,
      "active_rate": 1.0
    }
  },
  "final_policy_component_error_count": 0
}