{
  "eval_episodes": 10,
  "episode_rewards": [
    248.62199519005597,
    261.41614975203584,
    289.65301247750176,
    232.72423068533843,
    246.84036915222362,
    245.15897663737948,
    280.0580197082343,
    280.3394616822716,
    241.8166392799957,
    291.1726462294223
  ],
  "episode_lengths": [
    291,
    317,
    299,
    266,
    296,
    263,
    305,
    249,
    254,
    300
  ],
  "mean_eval_reward": 261.7801500794459,
  "mean_episode_length": 284,
  "min_eval_reward": 232.72423068533843,
  "max_eval_reward": 291.1726462294223
}