{
  "eval_episodes": 10,
  "episode_rewards": [
    141.6838033699989,
    267.9901318120447,
    176.7227353135501,
    238.133970471986,
    136.78220050406765,
    234.6519373627576,
    155.09443202954313,
    154.57620328740944,
    123.4145665821357,
    165.37779220258523
  ],
  "episode_lengths": [
    1000,
    368,
    1000,
    384,
    1000,
    374,
    1000,
    1000,
    1000,
    1000
  ],
  "mean_eval_reward": 179.44277729360783,
  "mean_episode_length": 812.6,
  "min_eval_reward": 123.4145665821357,
  "max_eval_reward": 267.9901318120447
}