{
  "eval_episodes": 10,
  "episode_rewards": [
    139.08725276726463,
    131.9528424233189,
    -48.38123232248704,
    121.19147456393831,
    -19.472735813315285,
    -20.50509194112731,
    104.88006584953904,
    141.23421865531773,
    -112.14451222473907,
    -26.737546211840403
  ],
  "episode_lengths": [
    990,
    645,
    1000,
    623,
    1000,
    1000,
    798,
    864,
    813,
    1000
  ],
  "mean_eval_reward": 41.110473574586955,
  "mean_episode_length": 873.3,
  "min_eval_reward": -112.14451222473907,
  "max_eval_reward": 141.23421865531773
}