{
  "eval_episodes": 20,
  "eval_seed_offset": 10000,
  "eval_seeds": [
    10000,
    10001,
    10002,
    10003,
    10004,
    10005,
    10006,
    10007,
    10008,
    10009,
    10010,
    10011,
    10012,
    10013,
    10014,
    10015,
    10016,
    10017,
    10018,
    10019
  ],
  "episode_rewards": [
    -128.61124225519526,
    56.35722029138671,
    -191.8434357147761,
    -122.83347125192714,
    -132.61244339651853,
    -136.391793805012,
    -135.39946471637077,
    -197.50424568046452,
    -151.3350033926734,
    -173.50159771786764,
    -135.47926947398003,
    8.517224365143534,
    -163.1360961654524,
    -176.16670193809136,
    -121.58097207691134,
    -110.63283231780022,
    -111.80662566871285,
    -84.43946565203157,
    -111.02888515715506,
    -144.39876344372195
  ],
  "episode_lengths": [
    57,
    160,
    88,
    61,
    83,
    74,
    78,
    220,
    75,
    73,
    51,
    65,
    67,
    70,
    60,
    82,
    62,
    54,
    54,
    68
  ],
  "episode_terminated": [
    true,
    true,
    true,
    true,
    true,
    true,
    true,
    true,
    true,
    true,
    true,
    true,
    true,
    true,
    true,
    true,
    true,
    true,
    true,
    true
  ],
  "mean_eval_reward": -123.19139325840659,
  "mean_episode_length": 80.1,
  "min_eval_reward": -197.50424568046452,
  "max_eval_reward": 56.35722029138671,
  "termination_breakdown": {
    "terminated": 20,
    "truncated": 0
  },
  "final_policy_component_evaluation": {
    "contact_reward": {
      "episode_sum_mean": 2.598752427101135,
      "episode_abs_sum_mean": 2.598752427101135,
      "signed_contribution_share": 0.17580382791736512,
      "magnitude_share": 0.17580382791736512,
      "active_rate": 0.06803995006242197
    },
    "descent_reward": {
      "episode_sum_mean": -5.223362717300915,
      "episode_abs_sum_mean": 5.223362717300915,
      "signed_contribution_share": -0.35335692262409346,
      "magnitude_share": 0.35335692262409346,
      "active_rate": 0.8233458177278402
    },
    "engine_penalty": {
      "episode_sum_mean": -0.9599999999999999,
      "episode_abs_sum_mean": 0.9599999999999999,
      "signed_contribution_share": -0.06494334475290225,
      "magnitude_share": 0.06494334475290225,
      "active_rate": 0.0599250936329588
    },
    "landing_bonus": {
      "episode_sum_mean": 6.0,
      "episode_abs_sum_mean": 6.0,
      "signed_contribution_share": 0.40589590470563913,
      "magnitude_share": 0.40589590470563913,
      "active_rate": 0.00749063670411985
    }
  },
  "final_policy_component_error_count": 0
}