{
  "eval_episodes": 20,
  "eval_seed_offset": 10000,
  "eval_seeds": [
    10000,
    10001,
    10002,
    10003,
    10004,
    10005,
    10006,
    10007,
    10008,
    10009,
    10010,
    10011,
    10012,
    10013,
    10014,
    10015,
    10016,
    10017,
    10018,
    10019
  ],
  "episode_rewards": [
    -98.47460614246071,
    -120.83098838904479,
    -120.67026397283585,
    -108.80687231524648,
    -109.3404088782933,
    -117.5711352410739,
    -121.46128934752886,
    -117.29862648443196,
    -112.63872101829699,
    -110.803365212354,
    -98.33960860590726,
    -100.82199913945495,
    -123.33484555794563,
    -107.50984581862214,
    -104.10337834286226,
    -102.67306021652709,
    -107.51621614591375,
    -104.00436249257518,
    -85.99851080056914,
    -125.38082420691111
  ],
  "episode_lengths": [
    57,
    76,
    81,
    61,
    83,
    74,
    78,
    81,
    76,
    74,
    52,
    60,
    67,
    69,
    60,
    82,
    62,
    54,
    55,
    68
  ],
  "episode_terminated": [
    true,
    true,
    true,
    true,
    true,
    true,
    true,
    true,
    true,
    true,
    true,
    true,
    true,
    true,
    true,
    true,
    true,
    true,
    true,
    true
  ],
  "mean_eval_reward": -109.87894641644277,
  "mean_episode_length": 68.5,
  "min_eval_reward": -125.38082420691111,
  "max_eval_reward": -85.99851080056914,
  "termination_breakdown": {
    "terminated": 20,
    "truncated": 0
  },
  "final_policy_component_evaluation": {
    "distance_progress": {
      "episode_sum_mean": 2.242088372360741,
      "episode_abs_sum_mean": 2.322018047857814,
      "signed_contribution_share": 0.1830132770855555,
      "magnitude_share": 0.1895376371551374,
      "active_rate": 1.0
    },
    "soft_landing_proxy": {
      "episode_sum_mean": 0.25,
      "episode_abs_sum_mean": 0.25,
      "signed_contribution_share": 0.020406563735582937,
      "magnitude_share": 0.020406563735582937,
      "active_rate": 0.0036496350364963502
    },
    "stability_penalty": {
      "episode_sum_mean": -9.678942145115531,
      "episode_abs_sum_mean": 9.678942145115531,
      "signed_contribution_share": -0.7900557991092797,
      "magnitude_share": 0.7900557991092797,
      "active_rate": 1.0
    }
  },
  "final_policy_component_error_count": 0
}