{
  "eval_episodes": 10,
  "episode_rewards": [
    245.5367908566,
    262.5545580489993,
    281.98565148096446,
    227.87580529486524,
    241.4812338094149,
    222.95234872710677,
    261.82156132604086,
    255.63707770718153,
    226.54995269619957,
    270.67569153366344
  ],
  "episode_lengths": [
    363,
    378,
    393,
    368,
    399,
    394,
    365,
    390,
    383,
    380
  ],
  "mean_eval_reward": 249.70706714810362,
  "mean_episode_length": 381.3,
  "min_eval_reward": 222.95234872710677,
  "max_eval_reward": 281.98565148096446
}