{
  "eval_episodes": 10,
  "episode_rewards": [
    136.54332098682883,
    126.75339907233976,
    161.23960150923654,
    148.87366953041214,
    123.04040535310261,
    171.51632952566658,
    190.44469093028692,
    172.70060086202284,
    167.19729654061828,
    178.82533879342864
  ],
  "episode_lengths": [
    1000,
    1000,
    1000,
    1000,
    1000,
    1000,
    1000,
    1000,
    1000,
    1000
  ],
  "mean_eval_reward": 157.71346531039433,
  "mean_episode_length": 1000,
  "min_eval_reward": 123.04040535310261,
  "max_eval_reward": 190.44469093028692
}