{
  "eval_episodes": 20,
  "eval_seed_offset": 10000,
  "eval_seeds": [
    10000,
    10001,
    10002,
    10003,
    10004,
    10005,
    10006,
    10007,
    10008,
    10009,
    10010,
    10011,
    10012,
    10013,
    10014,
    10015,
    10016,
    10017,
    10018,
    10019
  ],
  "episode_rewards": [
    261.9915109888957,
    282.775506840271,
    285.8022600719418,
    253.0879801796868,
    264.47267395959403,
    251.32553392140792,
    278.4762038459401,
    267.5972619262343,
    249.05962843010542,
    287.9908065504985,
    285.03472191793026,
    289.888624318909,
    286.1257251126479,
    295.9733050781589,
    266.3107877351621,
    253.46605072238947,
    244.55474041916952,
    281.2542781098759,
    267.40061322405154,
    245.09296272561392
  ],
  "episode_lengths": [
    252,
    261,
    280,
    262,
    283,
    266,
    270,
    276,
    266,
    286,
    261,
    254,
    275,
    252,
    276,
    270,
    252,
    245,
    254,
    275
  ],
  "episode_terminated": [
    true,
    true,
    true,
    true,
    true,
    true,
    true,
    true,
    true,
    true,
    true,
    true,
    true,
    true,
    true,
    true,
    true,
    true,
    true,
    true
  ],
  "mean_eval_reward": 269.88405880392423,
  "mean_episode_length": 265.8,
  "min_eval_reward": 244.55474041916952,
  "max_eval_reward": 295.9733050781589,
  "termination_breakdown": {
    "terminated": 20,
    "truncated": 0
  },
  "final_policy_component_evaluation": {},
  "final_policy_component_error_count": 0
}