{
  "eval_episodes": 10,
  "episode_rewards": [
    -19.793447219086218,
    -36.36407998129829,
    -62.496776042444885,
    -68.42900846547107,
    -37.81846175618948,
    -67.57810235436412,
    -59.14111502882946,
    -21.284735326925855,
    -78.94599472141131,
    -91.50231616399844
  ],
  "episode_lengths": [
    91,
    81,
    83,
    83,
    85,
    78,
    55,
    66,
    70,
    70
  ],
  "mean_eval_reward": -54.33540370600191,
  "mean_episode_length": 76.2,
  "min_eval_reward": -91.50231616399844,
  "max_eval_reward": -19.793447219086218
}