{
  "eval_episodes": 20,
  "eval_seed_offset": 10000,
  "eval_seeds": [
    10000,
    10001,
    10002,
    10003,
    10004,
    10005,
    10006,
    10007,
    10008,
    10009,
    10010,
    10011,
    10012,
    10013,
    10014,
    10015,
    10016,
    10017,
    10018,
    10019
  ],
  "episode_rewards": [
    -97.04280733320996,
    -116.42942683459711,
    -108.32008496544961,
    -105.92607077988784,
    -106.57498896181283,
    -113.93904308780574,
    -122.0663499591515,
    -107.26128246980676,
    -115.54827308645781,
    -108.72245900319466,
    -96.22781896994906,
    -101.43202434267498,
    -122.20740964331645,
    -118.7595918578412,
    -103.94162544172556,
    -101.777980130568,
    -107.41633283803391,
    -93.08017156679595,
    -89.01317332144949,
    -124.51056765037671
  ],
  "episode_lengths": [
    57,
    76,
    81,
    61,
    83,
    74,
    78,
    81,
    76,
    74,
    52,
    60,
    67,
    69,
    60,
    82,
    62,
    54,
    54,
    68
  ],
  "episode_terminated": [
    true,
    true,
    true,
    true,
    true,
    true,
    true,
    true,
    true,
    true,
    true,
    true,
    true,
    true,
    true,
    true,
    true,
    true,
    true,
    true
  ],
  "mean_eval_reward": -108.00987411220525,
  "mean_episode_length": 68.45,
  "min_eval_reward": -124.51056765037671,
  "max_eval_reward": -89.01317332144949,
  "termination_breakdown": {
    "terminated": 20,
    "truncated": 0
  }
}