{
  "eval_episodes": 20,
  "eval_seed_offset": 10000,
  "eval_seeds": [
    10000,
    10001,
    10002,
    10003,
    10004,
    10005,
    10006,
    10007,
    10008,
    10009,
    10010,
    10011,
    10012,
    10013,
    10014,
    10015,
    10016,
    10017,
    10018,
    10019
  ],
  "episode_rewards": [
    43.32390886506751,
    130.84245748059297,
    248.48755889458207,
    36.06039997858676,
    252.97684371020787,
    93.16405238454064,
    92.76603490023149,
    145.8252127247694,
    150.97281372096785,
    174.6006694996986,
    92.11245179859199,
    209.1285103065406,
    75.34982978144802,
    21.096203674164087,
    75.06759369458298,
    161.63388363788454,
    -2.4068769990670926,
    52.88191007131846,
    82.65756217652984,
    66.8354928294308
  ],
  "episode_lengths": [
    1000,
    1000,
    269,
    1000,
    335,
    1000,
    1000,
    1000,
    531,
    1000,
    1000,
    461,
    1000,
    162,
    1000,
    922,
    1000,
    1000,
    1000,
    1000
  ],
  "episode_terminated": [
    false,
    false,
    true,
    false,
    true,
    false,
    false,
    false,
    true,
    false,
    false,
    true,
    false,
    true,
    false,
    true,
    false,
    false,
    false,
    false
  ],
  "mean_eval_reward": 110.16882565653347,
  "mean_episode_length": 834,
  "min_eval_reward": -2.4068769990670926,
  "max_eval_reward": 252.97684371020787,
  "termination_breakdown": {
    "terminated": 6,
    "truncated": 14
  },
  "final_policy_component_evaluation": {
    "fuel_penalty": {
      "episode_sum_mean": -13.257999999999804,
      "episode_abs_sum_mean": 13.257999999999804,
      "signed_contribution_share": -0.006809967480776296,
      "magnitude_share": 0.006809967480776296,
      "active_rate": 0.7948441247002398
    },
    "progress_reward": {
      "episode_sum_mean": 2.521105366689153,
      "episode_abs_sum_mean": 3.032518348970916,
      "signed_contribution_share": 0.001294964969283752,
      "magnitude_share": 0.0015576520848808015,
      "active_rate": 0.9979616306954436
    },
    "safe_contact_reward": {
      "episode_sum_mean": 1922.5263095974922,
      "episode_abs_sum_mean": 1922.5263095974922,
      "signed_contribution_share": 0.987505027100315,
      "magnitude_share": 0.987505027100315,
      "active_rate": 0.06912470023980816
    },
    "stability_penalty": {
      "episode_sum_mean": -8.03534681435856,
      "episode_abs_sum_mean": 8.03534681435856,
      "signed_contribution_share": -0.004127353334027908,
      "magnitude_share": 0.004127353334027908,
      "active_rate": 1.0
    }
  },
  "final_policy_component_error_count": 0
}