{
  "eval_episodes": 20,
  "eval_seed_offset": 10000,
  "eval_seeds": [
    10000,
    10001,
    10002,
    10003,
    10004,
    10005,
    10006,
    10007,
    10008,
    10009,
    10010,
    10011,
    10012,
    10013,
    10014,
    10015,
    10016,
    10017,
    10018,
    10019
  ],
  "episode_rewards": [
    -7.467244985976388,
    7.062392456483283,
    34.35213034724009,
    -7.0008362319429445,
    -14.351766806344001,
    -14.538992509153916,
    10.831749234139462,
    16.179963462051198,
    -18.46344571076474,
    11.098825192369084,
    16.429942330734203,
    23.021317263621754,
    14.49674052229096,
    29.36484806631019,
    -0.7256954987791282,
    -16.113119957682727,
    -29.801519897128426,
    2.216291770898441,
    -6.193274974730995,
    -17.330280302191667
  ],
  "episode_lengths": [
    1000,
    1000,
    1000,
    1000,
    1000,
    1000,
    1000,
    1000,
    1000,
    1000,
    1000,
    1000,
    1000,
    1000,
    1000,
    1000,
    1000,
    1000,
    1000,
    1000
  ],
  "episode_terminated": [
    false,
    false,
    false,
    false,
    false,
    false,
    false,
    false,
    false,
    false,
    false,
    false,
    false,
    false,
    false,
    false,
    false,
    false,
    false,
    false
  ],
  "mean_eval_reward": 1.6534011885721867,
  "mean_episode_length": 1000,
  "min_eval_reward": -29.801519897128426,
  "max_eval_reward": 34.35213034724009,
  "termination_breakdown": {
    "terminated": 0,
    "truncated": 20
  },
  "final_policy_component_evaluation": {
    "attitude_penalty": {
      "episode_sum_mean": -0.03813719407039483,
      "episode_abs_sum_mean": 0.03813719407039483,
      "signed_contribution_share": -4.810031414107314e-05,
      "magnitude_share": 4.810031414107314e-05,
      "active_rate": 1.0
    },
    "proximity": {
      "episode_sum_mean": 792.5485458120704,
      "episode_abs_sum_mean": 792.5485458120704,
      "signed_contribution_share": 0.999597242399239,
      "magnitude_share": 0.999597242399239,
      "active_rate": 1.0
    },
    "soft_landing_bonus": {
      "episode_sum_mean": 0.0,
      "episode_abs_sum_mean": 0.0,
      "signed_contribution_share": 0.0,
      "magnitude_share": 0.0,
      "active_rate": 0.0
    },
    "velocity_penalty": {
      "episode_sum_mean": -0.28119637074784765,
      "episode_abs_sum_mean": 0.28119637074784765,
      "signed_contribution_share": -0.00035465728661985727,
      "magnitude_share": 0.00035465728661985727,
      "active_rate": 1.0
    }
  },
  "final_policy_component_error_count": 0
}