{
  "eval_episodes": 20,
  "eval_seed_offset": 10000,
  "eval_seeds": [
    10000,
    10001,
    10002,
    10003,
    10004,
    10005,
    10006,
    10007,
    10008,
    10009,
    10010,
    10011,
    10012,
    10013,
    10014,
    10015,
    10016,
    10017,
    10018,
    10019
  ],
  "episode_rewards": [
    -71.97204882842765,
    -60.49886153133001,
    -27.247322893111143,
    -80.40840932204586,
    -77.0789700950336,
    -82.80159498358174,
    -51.86119503826687,
    -48.15255417369056,
    -90.71101224395541,
    -50.98953325243437,
    -36.34454039090125,
    -46.07259146752344,
    -47.85887293848022,
    -38.13394915436485,
    -70.79599464967355,
    -84.13711192263693,
    -88.47534290725882,
    -73.75058579032559,
    -69.0320974027541,
    -98.17967464680515
  ],
  "episode_lengths": [
    1000,
    1000,
    1000,
    1000,
    1000,
    1000,
    1000,
    1000,
    1000,
    1000,
    1000,
    1000,
    1000,
    1000,
    1000,
    1000,
    1000,
    1000,
    1000,
    1000
  ],
  "episode_terminated": [
    false,
    false,
    false,
    false,
    false,
    false,
    false,
    false,
    false,
    false,
    false,
    false,
    false,
    false,
    false,
    false,
    false,
    false,
    false,
    false
  ],
  "mean_eval_reward": -64.72511318163005,
  "mean_episode_length": 1000,
  "min_eval_reward": -98.17967464680515,
  "max_eval_reward": -27.247322893111143,
  "termination_breakdown": {
    "terminated": 0,
    "truncated": 20
  },
  "final_policy_component_evaluation": {
    "approach_and_soft_landing": {
      "episode_sum_mean": 1664.9758924007415,
      "episode_abs_sum_mean": 1664.9758924007415,
      "signed_contribution_share": 0.9997582046898827,
      "magnitude_share": 0.9997582046898827,
      "active_rate": 1.0
    },
    "contact_reward": {
      "episode_sum_mean": 0.0,
      "episode_abs_sum_mean": 0.0,
      "signed_contribution_share": 0.0,
      "magnitude_share": 0.0,
      "active_rate": 0.0
    },
    "upright_stabilization": {
      "episode_sum_mean": -0.4026807285525596,
      "episode_abs_sum_mean": 0.4026807285525596,
      "signed_contribution_share": -0.00024179531011733326,
      "magnitude_share": 0.00024179531011733326,
      "active_rate": 1.0
    }
  },
  "final_policy_component_error_count": 0
}