{
  "eval_episodes": 10,
  "episode_rewards": [
    -120.10336502211322,
    -108.7797548379396,
    -122.83347125192714,
    -117.36696461990147,
    -130.74661246230815,
    -124.07914894482107,
    -108.46072830712629,
    -119.79091111306334,
    -112.6580984781962,
    -95.05909309317079
  ],
  "episode_lengths": [
    76,
    81,
    61,
    83,
    74,
    78,
    81,
    76,
    74,
    52
  ],
  "mean_eval_reward": -115.98781481305673,
  "mean_episode_length": 73.6,
  "min_eval_reward": -130.74661246230815,
  "max_eval_reward": -95.05909309317079
}