{
  "eval_episodes": 20,
  "eval_seed_offset": 10000,
  "eval_seeds": [
    10000,
    10001,
    10002,
    10003,
    10004,
    10005,
    10006,
    10007,
    10008,
    10009,
    10010,
    10011,
    10012,
    10013,
    10014,
    10015,
    10016,
    10017,
    10018,
    10019
  ],
  "episode_rewards": [
    -53.412899236876854,
    -35.59977370958691,
    -7.464344251917738,
    -62.37596855163729,
    -70.03500696894555,
    -64.88926181084388,
    -26.39337678455311,
    -30.88850129702673,
    -72.89656829204036,
    -39.10537573938287,
    -28.67805979455916,
    -25.41101143998882,
    -44.721768388872725,
    -23.656414333128396,
    -61.06612909480037,
    -53.964813615306866,
    -75.12334874836614,
    -30.69804956234511,
    -59.8118714241476,
    -76.09648509383918
  ],
  "episode_lengths": [
    1000,
    1000,
    1000,
    1000,
    1000,
    1000,
    1000,
    1000,
    1000,
    1000,
    1000,
    1000,
    1000,
    1000,
    1000,
    1000,
    1000,
    1000,
    1000,
    1000
  ],
  "episode_terminated": [
    false,
    false,
    false,
    false,
    false,
    false,
    false,
    false,
    false,
    false,
    false,
    false,
    false,
    false,
    false,
    false,
    false,
    false,
    false,
    false
  ],
  "mean_eval_reward": -47.11445140690828,
  "mean_episode_length": 1000,
  "min_eval_reward": -76.09648509383918,
  "max_eval_reward": -7.464344251917738,
  "termination_breakdown": {
    "terminated": 0,
    "truncated": 20
  },
  "final_policy_component_evaluation": {
    "progress_reward": {
      "episode_sum_mean": 0.9305324053891773,
      "episode_abs_sum_mean": 1.0599543173650836,
      "signed_contribution_share": 0.00021240093066070772,
      "magnitude_share": 0.0002419424430168237,
      "active_rate": 1.0
    },
    "stable_landing_reward": {
      "episode_sum_mean": 4379.958539785295,
      "episode_abs_sum_mean": 4379.958539785295,
      "signed_contribution_share": 0.9997580575569832,
      "magnitude_share": 0.9997580575569832,
      "active_rate": 1.0
    }
  },
  "final_policy_component_error_count": 0
}