{
  "eval_episodes": 10,
  "episode_rewards": [
    246.71402783071932,
    235.59513922470484,
    268.7332016246188,
    263.0343398280495,
    232.61984874925005,
    272.1147964992841,
    292.89064821098674,
    280.1945273875727,
    257.4919300082716,
    286.69056131994176
  ],
  "episode_lengths": [
    360,
    359,
    338,
    379,
    337,
    342,
    291,
    310,
    431,
    354
  ],
  "mean_eval_reward": 263.60790206833997,
  "mean_episode_length": 350.1,
  "min_eval_reward": 232.61984874925005,
  "max_eval_reward": 292.89064821098674
}