{
  "eval_episodes": 20,
  "eval_seed_offset": 10000,
  "eval_seeds": [
    10000,
    10001,
    10002,
    10003,
    10004,
    10005,
    10006,
    10007,
    10008,
    10009,
    10010,
    10011,
    10012,
    10013,
    10014,
    10015,
    10016,
    10017,
    10018,
    10019
  ],
  "episode_rewards": [
    104.83086823202962,
    125.90362445310873,
    113.50172287433888,
    212.89200591807244,
    99.54501626299376,
    91.3142373640786,
    135.91757777543637,
    118.28216259820967,
    72.47204633568721,
    142.73142279764969,
    232.25440586104182,
    152.22829359497027,
    248.30417028143637,
    110.61502541190364,
    223.3863386701221,
    101.69628011828695,
    92.32666037257857,
    204.53309398455727,
    109.75520734175633,
    211.81721318095225
  ],
  "episode_lengths": [
    1000,
    1000,
    1000,
    482,
    1000,
    1000,
    1000,
    1000,
    1000,
    1000,
    376,
    1000,
    434,
    1000,
    451,
    1000,
    1000,
    530,
    1000,
    448
  ],
  "episode_terminated": [
    false,
    false,
    false,
    true,
    false,
    false,
    false,
    false,
    false,
    false,
    true,
    false,
    true,
    false,
    true,
    false,
    false,
    true,
    false,
    true
  ],
  "mean_eval_reward": 145.21536867146054,
  "mean_episode_length": 836.05,
  "min_eval_reward": 72.47204633568721,
  "max_eval_reward": 248.30417028143637,
  "termination_breakdown": {
    "terminated": 6,
    "truncated": 14
  },
  "final_policy_component_evaluation": {
    "contact": {
      "episode_sum_mean": 407.96626796126367,
      "episode_abs_sum_mean": 407.96626796126367,
      "signed_contribution_share": 0.3274822024104936,
      "magnitude_share": 0.3274822024104936,
      "active_rate": 0.46647927755517016
    },
    "progress": {
      "episode_sum_mean": 7.051246698628529,
      "episode_abs_sum_mean": 7.051246698628529,
      "signed_contribution_share": 0.005660168450068639,
      "magnitude_share": 0.005660168450068639,
      "active_rate": 0.7752526762753423
    },
    "stability": {
      "episode_sum_mean": 830.748713117838,
      "episode_abs_sum_mean": 830.748713117838,
      "signed_contribution_share": 0.6668576291394378,
      "magnitude_share": 0.6668576291394378,
      "active_rate": 1.0
    }
  },
  "final_policy_component_error_count": 0
}