{
  "eval_episodes": 20,
  "eval_seed_offset": 10000,
  "eval_seeds": [
    10000,
    10001,
    10002,
    10003,
    10004,
    10005,
    10006,
    10007,
    10008,
    10009,
    10010,
    10011,
    10012,
    10013,
    10014,
    10015,
    10016,
    10017,
    10018,
    10019
  ],
  "episode_rewards": [
    130.2876331566987,
    149.70315296733753,
    175.87164552417863,
    118.9311140705164,
    125.72167070656018,
    112.48258064304666,
    147.49953113344228,
    146.89918288175758,
    114.9498806101695,
    158.49163159290714,
    166.9617283323018,
    157.45463956101702,
    155.22221966372678,
    176.23948426153945,
    133.51353454960156,
    117.46283200485074,
    106.09820875017644,
    150.1719161507246,
    135.2119671639777,
    115.64457068677193
  ],
  "episode_lengths": [
    1000,
    1000,
    1000,
    1000,
    1000,
    1000,
    1000,
    1000,
    1000,
    1000,
    1000,
    1000,
    1000,
    1000,
    1000,
    1000,
    1000,
    1000,
    1000,
    1000
  ],
  "episode_terminated": [
    false,
    false,
    false,
    false,
    false,
    false,
    false,
    false,
    false,
    false,
    false,
    false,
    false,
    false,
    false,
    false,
    false,
    false,
    false,
    false
  ],
  "mean_eval_reward": 139.74095622056512,
  "mean_episode_length": 1000,
  "min_eval_reward": 106.09820875017644,
  "max_eval_reward": 176.23948426153945,
  "termination_breakdown": {
    "terminated": 0,
    "truncated": 20
  }
}