{
  "eval_episodes": 20,
  "eval_seed_offset": 10000,
  "eval_seeds": [
    10000,
    10001,
    10002,
    10003,
    10004,
    10005,
    10006,
    10007,
    10008,
    10009,
    10010,
    10011,
    10012,
    10013,
    10014,
    10015,
    10016,
    10017,
    10018,
    10019
  ],
  "episode_rewards": [
    297.7739256096832,
    298.7345578130135,
    298.92090678480787,
    299.15659998258644,
    297.8324301644785,
    297.70364800966456,
    298.89657883802244,
    164.45482307764308,
    297.7905671965001,
    295.38011661694077,
    296.9386331982039,
    298.82832922391276,
    298.46737826983036,
    298.2224844243066,
    300.0467829786761,
    298.3113102782727,
    297.054700412213,
    297.24584261529566,
    298.02608208841826,
    298.37644031412896
  ],
  "episode_lengths": [
    1239,
    1195,
    1173,
    1188,
    1218,
    1196,
    1199,
    1035,
    1211,
    1258,
    1227,
    1193,
    1210,
    1220,
    1156,
    1203,
    1199,
    1217,
    1207,
    1195
  ],
  "episode_terminated": [
    true,
    true,
    true,
    true,
    true,
    true,
    true,
    true,
    true,
    true,
    true,
    true,
    true,
    true,
    true,
    true,
    true,
    true,
    true,
    true
  ],
  "mean_eval_reward": 291.4081068948299,
  "mean_episode_length": 1196.95,
  "min_eval_reward": 164.45482307764308,
  "max_eval_reward": 300.0467829786761,
  "termination_breakdown": {
    "terminated": 20,
    "truncated": 0
  },
  "final_policy_component_evaluation": {
    "energy_penalty": {
      "episode_sum_mean": -48.43648231626296,
      "episode_abs_sum_mean": 48.43648231626296,
      "signed_contribution_share": -0.08200013990136552,
      "magnitude_share": 0.08200013990136552,
      "active_rate": 1.0
    },
    "forward_reward": {
      "episode_sum_mean": 501.63339859411565,
      "episode_abs_sum_mean": 501.6339670052662,
      "signed_contribution_share": 0.8492360901713096,
      "magnitude_share": 0.8492370524582395,
      "active_rate": 1.0
    },
    "stability_penalty": {
      "episode_sum_mean": -40.61735163253192,
      "episode_abs_sum_mean": 40.61735163253192,
      "signed_contribution_share": -0.0687628076403948,
      "magnitude_share": 0.0687628076403948,
      "active_rate": 1.0
    }
  },
  "final_policy_component_error_count": 0
}