{
  "eval_episodes": 10,
  "episode_rewards": [
    -120.10336502211322,
    -108.7797548379396,
    -111.30108676447136,
    -117.36696461990147,
    -130.64067695167492,
    -124.07914894482107,
    -126.68987740023803,
    -138.65475896905787,
    -128.2882404691004,
    -96.87965044845043
  ],
  "episode_lengths": [
    76,
    81,
    61,
    83,
    74,
    78,
    80,
    75,
    74,
    52
  ],
  "mean_eval_reward": -120.27835244277684,
  "mean_episode_length": 73.4,
  "min_eval_reward": -138.65475896905787,
  "max_eval_reward": -96.87965044845043
}