{
  "eval_episodes": 10,
  "episode_rewards": [
    -118.29356686322541,
    -105.27377695329506,
    -107.11093605835313,
    -106.70206713563147,
    -115.23201906500208,
    -124.07914894482107,
    -108.46072830712629,
    -115.4308069465537,
    -107.94469319000953,
    -95.05909309317079
  ],
  "episode_lengths": [
    76,
    81,
    61,
    83,
    74,
    78,
    81,
    76,
    74,
    52
  ],
  "mean_eval_reward": -110.35868365571885,
  "mean_episode_length": 73.6,
  "min_eval_reward": -124.07914894482107,
  "max_eval_reward": -95.05909309317079
}