{
  "eval_episodes": 10,
  "episode_rewards": [
    -115.85859760902946,
    -107.11093605835313,
    -108.82775460849803,
    -115.63237900630965,
    -124.10785402590261,
    -116.31167534741466,
    -116.54223730139769,
    -110.95628133690552,
    -103.42911635831251,
    -114.31338528497776
  ],
  "episode_lengths": [
    81,
    61,
    83,
    74,
    78,
    81,
    76,
    74,
    52,
    59
  ],
  "mean_eval_reward": -113.30902169371011,
  "mean_episode_length": 71.9,
  "min_eval_reward": -124.10785402590261,
  "max_eval_reward": -103.42911635831251
}