{
  "eval_episodes": 10,
  "episode_rewards": [
    -108.33571269419551,
    -106.88269505823945,
    -115.47262098170626,
    -132.60562485746883,
    -111.24040533494338,
    -121.54247592585992,
    -143.0175814145676,
    -112.6580984781962,
    -103.42911635831251,
    -114.31338528497776
  ],
  "episode_lengths": [
    81,
    61,
    83,
    74,
    79,
    80,
    75,
    74,
    52,
    59
  ],
  "mean_eval_reward": -116.94977163884674,
  "mean_episode_length": 71.8,
  "min_eval_reward": -143.0175814145676,
  "max_eval_reward": -103.42911635831251
}