{
  "eval_episodes": 10,
  "episode_rewards": [
    -116.59563002509722,
    -107.35820556649885,
    -106.32585327721128,
    -106.41468404514123,
    -113.70124985979476,
    -121.87111103609081,
    -110.18996515961254,
    -115.51968589744538,
    -108.72671144150172,
    -95.65262684340124
  ],
  "episode_lengths": [
    76,
    81,
    61,
    83,
    74,
    78,
    81,
    76,
    74,
    52
  ],
  "mean_eval_reward": -110.2355723151795,
  "mean_episode_length": 73.6,
  "min_eval_reward": -121.87111103609081,
  "max_eval_reward": -95.65262684340124
}