{
  "eval_episodes": 20,
  "eval_seed_offset": 10000,
  "eval_seeds": [
    10000,
    10001,
    10002,
    10003,
    10004,
    10005,
    10006,
    10007,
    10008,
    10009,
    10010,
    10011,
    10012,
    10013,
    10014,
    10015,
    10016,
    10017,
    10018,
    10019
  ],
  "episode_rewards": [
    51.40325912031827,
    62.478017794632805,
    55.43161766127505,
    17.905791001088023,
    46.43161079322347,
    40.66644812304122,
    45.614914814914926,
    56.60379700676082,
    15.7573266233309,
    -141.73509435876034,
    56.83154627962162,
    111.43255450383144,
    -3.0128104533407196,
    50.88097545320154,
    29.42398695890912,
    11.016668572464534,
    138.63344316568583,
    49.71516078033241,
    47.11966661025179,
    10.462098179982101
  ],
  "episode_lengths": [
    1000,
    1000,
    1000,
    1000,
    1000,
    1000,
    1000,
    1000,
    1000,
    230,
    1000,
    1000,
    156,
    1000,
    1000,
    1000,
    532,
    1000,
    1000,
    1000
  ],
  "episode_terminated": [
    false,
    false,
    false,
    false,
    false,
    false,
    false,
    false,
    false,
    true,
    false,
    false,
    true,
    false,
    false,
    false,
    true,
    false,
    false,
    false
  ],
  "mean_eval_reward": 37.653048931538244,
  "mean_episode_length": 895.9,
  "min_eval_reward": -141.73509435876034,
  "max_eval_reward": 138.63344316568583,
  "termination_breakdown": {
    "terminated": 3,
    "truncated": 17
  },
  "final_policy_component_evaluation": {
    "contact_reward": {
      "episode_sum_mean": 1960.9316402681172,
      "episode_abs_sum_mean": 1960.9316402681172,
      "signed_contribution_share": 0.9395503040804196,
      "magnitude_share": 0.9395503040804196,
      "active_rate": 1.0
    },
    "goal_proximity": {
      "episode_sum_mean": -109.44523004415424,
      "episode_abs_sum_mean": 109.44523004415424,
      "signed_contribution_share": -0.05243900249071242,
      "magnitude_share": 0.05243900249071242,
      "active_rate": 1.0
    },
    "orientation_penalty": {
      "episode_sum_mean": -3.0716503662538903,
      "episode_abs_sum_mean": 3.0716503662538903,
      "signed_contribution_share": -0.0014717341371716444,
      "magnitude_share": 0.0014717341371716444,
      "active_rate": 1.0
    },
    "velocity_penalty": {
      "episode_sum_mean": -13.64743549528474,
      "episode_abs_sum_mean": 13.64743549528474,
      "signed_contribution_share": -0.0065389592916964105,
      "magnitude_share": 0.0065389592916964105,
      "active_rate": 1.0
    }
  },
  "final_policy_component_error_count": 0
}