{
  "eval_episodes": 20,
  "eval_seed_offset": 10000,
  "eval_seeds": [
    10000,
    10001,
    10002,
    10003,
    10004,
    10005,
    10006,
    10007,
    10008,
    10009,
    10010,
    10011,
    10012,
    10013,
    10014,
    10015,
    10016,
    10017,
    10018,
    10019
  ],
  "episode_rewards": [
    -26.092790440635813,
    -10.475456141413506,
    17.099242088118395,
    -33.09777510853863,
    -37.33940836804654,
    -36.050466995720946,
    -5.605535015338586,
    -4.6307023656793085,
    -44.89976078954737,
    2.468730827671928,
    4.437880868734267,
    -2.560516521228917,
    -7.894473208239229,
    4.544835297734514,
    -23.348506341761638,
    -30.227700368934848,
    -44.16098803609687,
    -6.831734140126887,
    -20.92435648950168,
    -39.49518060125796
  ],
  "episode_lengths": [
    1000,
    1000,
    1000,
    1000,
    1000,
    1000,
    1000,
    1000,
    1000,
    1000,
    1000,
    1000,
    1000,
    1000,
    1000,
    1000,
    1000,
    1000,
    1000,
    1000
  ],
  "episode_terminated": [
    false,
    false,
    false,
    false,
    false,
    false,
    false,
    false,
    false,
    false,
    false,
    false,
    false,
    false,
    false,
    false,
    false,
    false,
    false,
    false
  ],
  "mean_eval_reward": -17.25423309249048,
  "mean_episode_length": 1000,
  "min_eval_reward": -44.89976078954737,
  "max_eval_reward": 17.099242088118395,
  "termination_breakdown": {
    "terminated": 0,
    "truncated": 20
  },
  "final_policy_component_evaluation": {
    "distance_reward": {
      "episode_sum_mean": 728.1126479104162,
      "episode_abs_sum_mean": 728.1126479104162,
      "signed_contribution_share": 0.9916366939534565,
      "magnitude_share": 0.9916366939534565,
      "active_rate": 1.0
    },
    "landing_bonus": {
      "episode_sum_mean": 0.0,
      "episode_abs_sum_mean": 0.0,
      "signed_contribution_share": 0.0,
      "magnitude_share": 0.0,
      "active_rate": 0.0
    },
    "stability_penalty": {
      "episode_sum_mean": -6.1407861850661,
      "episode_abs_sum_mean": 6.1407861850661,
      "signed_contribution_share": -0.008363306046543532,
      "magnitude_share": 0.008363306046543532,
      "active_rate": 1.0
    }
  },
  "final_policy_component_error_count": 0
}