{
  "eval_episodes": 20,
  "eval_seed_offset": 10000,
  "eval_seeds": [
    10000,
    10001,
    10002,
    10003,
    10004,
    10005,
    10006,
    10007,
    10008,
    10009,
    10010,
    10011,
    10012,
    10013,
    10014,
    10015,
    10016,
    10017,
    10018,
    10019
  ],
  "episode_rewards": [
    -98.40574197530466,
    -117.87563509822536,
    -105.56005111436575,
    -106.83681615419053,
    -107.1312135653097,
    -114.45299639518046,
    -121.43820939185152,
    -109.492895958244,
    -116.06140076652864,
    -109.32205593536521,
    -96.68168114725387,
    -100.88369964941562,
    -122.24521413635229,
    -118.57154081464705,
    -104.67568156080814,
    -101.96536889865433,
    -108.41945652117604,
    -91.77919128269326,
    -99.45121643714853,
    -124.22444143167633
  ],
  "episode_lengths": [
    57,
    76,
    81,
    61,
    83,
    74,
    78,
    81,
    76,
    74,
    52,
    60,
    67,
    69,
    60,
    82,
    62,
    54,
    54,
    68
  ],
  "episode_terminated": [
    true,
    true,
    true,
    true,
    true,
    true,
    true,
    true,
    true,
    true,
    true,
    true,
    true,
    true,
    true,
    true,
    true,
    true,
    true,
    true
  ],
  "mean_eval_reward": -108.77372541171957,
  "mean_episode_length": 68.45,
  "min_eval_reward": -124.22444143167633,
  "max_eval_reward": -91.77919128269326,
  "termination_breakdown": {
    "terminated": 20,
    "truncated": 0
  }
}