{
  "eval_episodes": 20,
  "eval_seed_offset": 10000,
  "eval_seeds": [
    10000,
    10001,
    10002,
    10003,
    10004,
    10005,
    10006,
    10007,
    10008,
    10009,
    10010,
    10011,
    10012,
    10013,
    10014,
    10015,
    10016,
    10017,
    10018,
    10019
  ],
  "episode_rewards": [
    163.92915766548668,
    183.72300815695945,
    72.42909044280636,
    45.04349003296483,
    175.75061049319592,
    171.49719256611525,
    190.92014102529396,
    34.11888691674554,
    43.61976911497706,
    156.0020328012213,
    206.27110136144984,
    -40.35387272184195,
    190.89168948065597,
    68.31136705293837,
    179.79995014919808,
    42.044607642535645,
    34.45930911171007,
    51.403441907919586,
    177.2814988917969,
    163.1476383964428
  ],
  "episode_lengths": [
    476,
    512,
    1000,
    1000,
    559,
    546,
    460,
    1000,
    1000,
    809,
    575,
    522,
    474,
    1000,
    552,
    1000,
    1000,
    1000,
    464,
    565
  ],
  "episode_terminated": [
    true,
    true,
    false,
    false,
    true,
    true,
    true,
    false,
    false,
    true,
    true,
    true,
    true,
    false,
    true,
    false,
    false,
    false,
    true,
    true
  ],
  "mean_eval_reward": 115.51450552442859,
  "mean_episode_length": 725.7,
  "min_eval_reward": -40.35387272184195,
  "max_eval_reward": 206.27110136144984,
  "termination_breakdown": {
    "terminated": 12,
    "truncated": 8
  },
  "final_policy_component_evaluation": {
    "energy_penalty": {
      "episode_sum_mean": -6.230999999999912,
      "episode_abs_sum_mean": 6.230999999999912,
      "signed_contribution_share": -0.005888242135387085,
      "magnitude_share": 0.005888242135387085,
      "active_rate": 0.8586192641587432
    },
    "proximity": {
      "episode_sum_mean": 507.1970925278962,
      "episode_abs_sum_mean": 507.1970925278962,
      "signed_contribution_share": 0.4792969493128908,
      "magnitude_share": 0.4792969493128908,
      "active_rate": 1.0
    },
    "soft_landing": {
      "episode_sum_mean": 544.7824661977589,
      "episode_abs_sum_mean": 544.7824661977589,
      "signed_contribution_share": 0.514814808551722,
      "magnitude_share": 0.514814808551722,
      "active_rate": 1.0
    },
    "terminal_velocity_penalty": {
      "episode_sum_mean": 0.0,
      "episode_abs_sum_mean": 0.0,
      "signed_contribution_share": 0.0,
      "magnitude_share": 0.0,
      "active_rate": 0.0
    }
  },
  "final_policy_component_error_count": 0
}