{
  "eval_episodes": 10,
  "episode_rewards": [
    100.47720975547888,
    88.5389739550973,
    91.49165482121515,
    58.66053373557225,
    99.29981493621506,
    48.838098150803866,
    126.6081440364578,
    60.432453355565514,
    125.50169462935335,
    48.12193371097382
  ],
  "episode_lengths": [
    1000,
    1000,
    1000,
    1000,
    1000,
    1000,
    1000,
    95,
    1000,
    138
  ],
  "mean_eval_reward": 84.7970511086733,
  "mean_episode_length": 823.3,
  "min_eval_reward": 48.12193371097382,
  "max_eval_reward": 126.6081440364578
}