{
  "eval_episodes": 20,
  "eval_seed_offset": 10000,
  "eval_seeds": [
    10000,
    10001,
    10002,
    10003,
    10004,
    10005,
    10006,
    10007,
    10008,
    10009,
    10010,
    10011,
    10012,
    10013,
    10014,
    10015,
    10016,
    10017,
    10018,
    10019
  ],
  "episode_rewards": [
    176.42018784714895,
    227.31339074301,
    195.54557361811158,
    145.84793482219538,
    201.84444419544346,
    -16.165498334377233,
    230.53022331029752,
    207.67890754998015,
    160.39300003233473,
    164.00414056327793,
    16.950903167960576,
    224.7303072447395,
    150.62228284051116,
    232.04695058107046,
    190.20440691739947,
    181.26667036426448,
    10.31118622773193,
    155.9737882624932,
    182.0286828587566,
    -18.632940338337455
  ],
  "episode_lengths": [
    771,
    559,
    895,
    875,
    618,
    1000,
    547,
    664,
    733,
    974,
    1000,
    630,
    999,
    654,
    665,
    664,
    1000,
    952,
    725,
    1000
  ],
  "episode_terminated": [
    true,
    true,
    true,
    true,
    true,
    false,
    true,
    true,
    true,
    true,
    false,
    true,
    true,
    true,
    true,
    true,
    false,
    true,
    true,
    false
  ],
  "mean_eval_reward": 150.9457271237006,
  "mean_episode_length": 796.25,
  "min_eval_reward": -18.632940338337455,
  "max_eval_reward": 232.04695058107046,
  "termination_breakdown": {
    "terminated": 16,
    "truncated": 4
  },
  "final_policy_component_evaluation": {
    "landing_quality": {
      "episode_sum_mean": 35.25935810506344,
      "episode_abs_sum_mean": 35.25935810506344,
      "signed_contribution_share": 0.9388206695564263,
      "magnitude_share": 0.9388206695564263,
      "active_rate": 0.0447723704866562
    },
    "orientation_penalty": {
      "episode_sum_mean": -0.7214413493970492,
      "episode_abs_sum_mean": 0.7214413493970492,
      "signed_contribution_share": -0.01920919968731265,
      "magnitude_share": 0.01920919968731265,
      "active_rate": 1.0
    },
    "progress": {
      "episode_sum_mean": 1.386573615379166,
      "episode_abs_sum_mean": 1.5762753399438225,
      "signed_contribution_share": 0.03691910573359546,
      "magnitude_share": 0.04197013075626098,
      "active_rate": 0.9849293563579278
    }
  },
  "final_policy_component_error_count": 0
}