{
  "eval_episodes": 20,
  "eval_seed_offset": 10000,
  "eval_seeds": [
    10000,
    10001,
    10002,
    10003,
    10004,
    10005,
    10006,
    10007,
    10008,
    10009,
    10010,
    10011,
    10012,
    10013,
    10014,
    10015,
    10016,
    10017,
    10018,
    10019
  ],
  "episode_rewards": [
    -109.4635048033108,
    -115.0265650079708,
    -105.11881108358686,
    -109.16208773234223,
    -108.0494954682288,
    -114.83767740999838,
    -123.98566266540378,
    -110.27284226285893,
    -115.14267285707504,
    -127.32498150551282,
    -95.05909309317079,
    -106.1999456383969,
    -122.99645632888901,
    -119.53362916865198,
    -103.79102505005059,
    -104.49402973933836,
    -111.80662566871285,
    -101.25224160408297,
    -101.62182918204147,
    -126.08759552328935
  ],
  "episode_lengths": [
    57,
    76,
    81,
    61,
    83,
    74,
    78,
    81,
    76,
    74,
    52,
    60,
    67,
    69,
    60,
    82,
    62,
    54,
    54,
    68
  ],
  "episode_terminated": [
    true,
    true,
    true,
    true,
    true,
    true,
    true,
    true,
    true,
    true,
    true,
    true,
    true,
    true,
    true,
    true,
    true,
    true,
    true,
    true
  ],
  "mean_eval_reward": -111.56133858964563,
  "mean_episode_length": 68.45,
  "min_eval_reward": -127.32498150551282,
  "max_eval_reward": -95.05909309317079,
  "termination_breakdown": {
    "terminated": 20,
    "truncated": 0
  },
  "final_policy_component_evaluation": {
    "distance_penalty": {
      "episode_sum_mean": -66.49686286542564,
      "episode_abs_sum_mean": 66.49686286542564,
      "signed_contribution_share": -0.7815065999356141,
      "magnitude_share": 0.7815065999356141,
      "active_rate": 1.0
    },
    "landing_proxy": {
      "episode_sum_mean": 1.667362904548645,
      "episode_abs_sum_mean": 1.667362904548645,
      "signed_contribution_share": 0.01959573817835084,
      "magnitude_share": 0.01959573817835084,
      "active_rate": 0.008765522279035792
    },
    "orientation_penalty": {
      "episode_sum_mean": -0.4767052162127584,
      "episode_abs_sum_mean": 0.4767052162127584,
      "signed_contribution_share": -0.005602493961977675,
      "magnitude_share": 0.005602493961977675,
      "active_rate": 1.0
    },
    "success_bonus": {
      "episode_sum_mean": 5.0,
      "episode_abs_sum_mean": 5.0,
      "signed_contribution_share": 0.05876266685822485,
      "magnitude_share": 0.05876266685822485,
      "active_rate": 0.0007304601899196494
    },
    "velocity_penalty": {
      "episode_sum_mean": -11.447106492836317,
      "episode_abs_sum_mean": 11.447106492836317,
      "signed_contribution_share": -0.13453250106583264,
      "magnitude_share": 0.13453250106583264,
      "active_rate": 0.9963476990504018
    }
  },
  "final_policy_component_error_count": 0
}