{
  "eval_episodes": 10,
  "episode_rewards": [
    -107.25676987587488,
    -114.56243133222947,
    -123.37905375207859,
    -111.88630826558727,
    -116.90752101805208,
    -105.42571887203648,
    -96.69929449592411,
    -103.01122185218141,
    -123.57636303012012,
    -116.2297336037364
  ],
  "episode_lengths": [
    83,
    74,
    78,
    81,
    76,
    74,
    52,
    60,
    67,
    68
  ],
  "mean_eval_reward": -111.89344160978209,
  "mean_episode_length": 71.3,
  "min_eval_reward": -123.57636303012012,
  "max_eval_reward": -96.69929449592411
}