{
  "eval_episodes": 20,
  "eval_seed_offset": 10000,
  "eval_seeds": [
    10000,
    10001,
    10002,
    10003,
    10004,
    10005,
    10006,
    10007,
    10008,
    10009,
    10010,
    10011,
    10012,
    10013,
    10014,
    10015,
    10016,
    10017,
    10018,
    10019
  ],
  "episode_rewards": [
    127.59540893571628,
    207.8046764461463,
    250.6413759403128,
    106.47537390572519,
    196.5789455666761,
    81.3756920331397,
    239.3433790449459,
    229.67783986599244,
    222.75291273124418,
    22.862445973805293,
    171.8376757664272,
    147.0945216604276,
    239.12914897640988,
    255.48958592653335,
    127.15237333165182,
    106.80165478757286,
    94.88236095912454,
    229.32035725506384,
    227.53446667061624,
    82.43664849278436
  ],
  "episode_lengths": [
    1000,
    633,
    286,
    1000,
    697,
    1000,
    375,
    411,
    350,
    287,
    1000,
    1000,
    290,
    284,
    1000,
    1000,
    1000,
    265,
    262,
    1000
  ],
  "episode_terminated": [
    false,
    true,
    true,
    false,
    true,
    false,
    true,
    true,
    true,
    true,
    false,
    false,
    true,
    true,
    false,
    false,
    false,
    true,
    true,
    false
  ],
  "mean_eval_reward": 168.3393422135158,
  "mean_episode_length": 657,
  "min_eval_reward": 22.862445973805293,
  "max_eval_reward": 255.48958592653335,
  "termination_breakdown": {
    "terminated": 11,
    "truncated": 9
  },
  "final_policy_component_evaluation": {
    "angular_vel_penalty": {
      "episode_sum_mean": -0.29753862545204546,
      "episode_abs_sum_mean": 0.29753862545204546,
      "signed_contribution_share": -0.00033118754854157044,
      "magnitude_share": 0.00033118754854157044,
      "active_rate": 0.791324200913242
    },
    "landing_quality": {
      "episode_sum_mean": 892.8119677469134,
      "episode_abs_sum_mean": 892.8119677469134,
      "signed_contribution_share": 0.9937809131753625,
      "magnitude_share": 0.9937809131753625,
      "active_rate": 1.0
    },
    "shaped_progress": {
      "episode_sum_mean": 4.446378450275559,
      "episode_abs_sum_mean": 5.289683942298837,
      "signed_contribution_share": 0.004949223572561564,
      "magnitude_share": 0.005887899276095881,
      "active_rate": 0.9987823439878234
    }
  },
  "final_policy_component_error_count": 0
}