{
  "eval_episodes": 10,
  "episode_rewards": [
    280.58167965581526,
    274.92081099781353,
    235.94283956371905,
    291.127105187265,
    305.76845661201736,
    288.940093089936,
    286.8930047131264,
    11.977674480808815,
    265.8269790808257,
    248.18152185395527
  ],
  "episode_lengths": [
    253,
    301,
    529,
    264,
    241,
    256,
    246,
    102,
    279,
    290
  ],
  "mean_eval_reward": 249.01601652352824,
  "mean_episode_length": 276.1,
  "min_eval_reward": 11.977674480808815,
  "max_eval_reward": 305.76845661201736
}