#{"t_start": 1783049519.4383528, "env_id": "CartPole-v1"}
r,l,t,original_env_reward,generated_reward,reward_error_count
16.919119,18,1.371383,1.0,0.7237153402195995,0
10.905034,12,1.391326,1.0,0.714457729919868,0
27.516728,29,1.51953,1.0,0.7284394847374421,0
14.008217,15,1.621511,1.0,0.7245509790441684,0
25.731161,27,1.740415,1.0,0.7148861151114048,0
23.600292,26,1.778383,1.0,0.7668921696322601,0
52.950075,57,2.041278,1.0,0.7409270391525797,0
101.477165,112,2.561141,1.0,0.7280560718804713,0
45.134896,52,2.715799,1.0,0.7213003726379194,0
121.754127,136,3.333549,1.0,0.5058975276484344,0
64.509143,73,3.616312,1.0,0.6802134928923382,0
28.693109,31,3.738872,1.0,0.7715823632780537,0
95.974251,127,4.263604,1.0,0.3787056436304473,0
388.251718,399,5.869731,1.0,0.6996698991400326,0
91.446968,100,6.271824,1.0,0.5878977465416121,0
184.613309,232,7.28272,1.0,0.4235158763869663,0
69.156072,74,7.562022,1.0,0.7498557576210467,0
56.571873,63,7.826871,1.0,0.7114039032653178,0
125.299723,146,8.462762,1.0,0.21094257488354723,0
173.908319,198,9.330472,1.0,0.2959033432679978,0
459.226805,500,11.325129,1.0,0.9839721286403993,0
492.230955,500,13.411214,1.0,0.9817472713634925,0
497.604679,500,15.507927,1.0,0.9968757418070415,0
497.886838,500,17.557073,1.0,0.9980115640889852,0
497.988637,500,19.663196,1.0,0.9974139531416897,0
498.432655,500,21.659274,1.0,0.9989705667480687,0
498.374966,500,23.754538,1.0,0.999110631411088,0
498.39095,500,26.274544,1.0,0.9987353950546901,0
497.693503,500,28.649981,1.0,0.9980190768749768,0
498.345999,500,30.803785,1.0,0.9976263885378354,0
498.3846,500,32.901624,1.0,0.9990052301306679,0
498.480292,500,34.943521,1.0,0.9987292967205579,0
498.295843,500,37.115119,1.0,0.9985857386147391,0
498.268141,500,39.309936,1.0,0.9978739697642673,0
498.406849,500,41.489833,1.0,0.9994005763589292,0
498.35385,500,43.596597,1.0,0.9987810211983535,0
498.295219,500,45.731071,1.0,0.9977663644997214,0
498.547493,500,47.889373,1.0,0.9994444902729239,0
498.523354,500,50.055175,1.0,0.9995091485089251,0
498.41257,500,52.174218,1.0,0.9973453120420684,0
498.246494,500,54.351092,1.0,0.9990397862991895,0
