#{"t_start": 1783049519.4179528, "env_id": "CartPole-v1"}
r,l,t,original_env_reward,generated_reward,reward_error_count
12.143829,13,1.38479,1.0,0.7325748837410312,0
12.004491,13,1.402405,1.0,0.7689029585427446,0
20.704561,22,1.523578,1.0,0.753976993765325,0
11.949139,13,1.543484,1.0,0.7356678162328082,0
11.170834,12,1.639419,1.0,0.7338240690100092,0
26.464041,29,1.762775,1.0,0.7425656491609267,0
79.113009,83,2.06275,1.0,0.7570412861890967,0
83.659979,88,2.458903,1.0,0.6770516406326671,0
16.318547,18,2.573568,1.0,0.7729505340337511,0
34.7978,37,2.705643,1.0,0.753789224603007,0
159.285597,184,3.39801,1.0,0.30148771048841194,0
29.901312,32,3.539104,1.0,0.7561895661235598,0
84.315177,106,4.029582,1.0,0.39985133452720606,0
74.800667,81,4.31009,1.0,0.6935110250496612,0
344.247373,377,5.881837,1.0,0.390412095086161,0
126.581414,143,6.511295,1.0,0.35632205603219774,0
188.503117,193,7.300078,1.0,0.7398985445245674,0
64.742351,71,7.57607,1.0,0.7458382976646732,0
86.387514,98,7.977211,1.0,0.49408771716038635,0
166.352613,189,8.758418,1.0,0.5073826543256745,0
261.974639,284,10.012984,1.0,0.34362096981555673,0
490.261958,500,12.019044,1.0,0.9630159878820246,0
486.197901,500,14.091822,1.0,0.9914351185764682,0
497.851983,500,16.187805,1.0,0.9981527073185664,0
498.223623,500,18.252988,1.0,0.9980453632489824,0
498.263342,500,20.31934,1.0,0.9993475116365529,0
498.326152,500,22.338326,1.0,0.9987834698583916,0
498.260961,500,24.485857,1.0,0.9968680276695876,0
498.080722,500,27.079031,1.0,0.9977333162538143,0
498.218109,500,29.346827,1.0,0.9989296516386866,0
498.236743,500,31.493613,1.0,0.9975300360317374,0
498.236335,500,33.580317,1.0,0.9970704258809955,0
498.006688,500,35.620313,1.0,0.9984448281108115,0
498.155386,500,37.801793,1.0,0.997856962428595,0
498.422421,500,40.03389,1.0,0.9988933009489004,0
498.392657,500,42.19144,1.0,0.9988659721181922,0
498.231335,500,44.28374,1.0,0.9993160710742597,0
498.546719,500,46.416708,1.0,0.9986292896712001,0
498.461475,500,48.595926,1.0,0.9994220671934732,0
498.53522,500,50.750914,1.0,0.9989257329920547,0
498.461638,500,52.870652,1.0,0.9988326777988917,0
