#{"t_start": 1783049519.2112947, "env_id": "CartPole-v1"}
r,l,t,original_env_reward,generated_reward,reward_error_count
35.89887,38,1.714769,1.0,0.735749721279671,0
8.124693,9,1.727829,1.0,0.7241044329689283,0
14.022183,15,1.752156,1.0,0.7432686520728129,0
11.751048,13,1.849564,1.0,0.763832477484445,0
14.49174,16,1.874171,1.0,0.7582463219717157,0
82.326461,89,2.260672,1.0,0.6775144200956439,0
43.999175,46,2.503478,1.0,0.7622615895850366,0
55.317555,62,2.696427,1.0,0.6630778229365126,0
73.523485,80,3.055817,1.0,0.6991179337033576,0
115.512431,126,3.574558,1.0,0.5348295631679534,0
92.572,112,3.989779,1.0,0.3912983796559842,0
312.967942,370,5.53895,1.0,0.2958347006908496,0
261.227563,282,6.729641,1.0,0.1524264233860394,0
228.80182,235,7.66616,1.0,0.7558160581014564,0
156.776007,178,8.434348,1.0,0.3037577115775339,0
231.885383,258,9.559575,1.0,0.3365437104976679,0
475.213925,500,11.555462,1.0,0.9711059255695476,0
491.371693,500,13.641014,1.0,0.9824088456683936,0
497.84198,500,15.737476,1.0,0.9973909504675537,0
498.193417,500,17.787149,1.0,0.9981777102755559,0
498.263071,500,19.894759,1.0,0.9984812883842276,0
498.182284,500,21.969423,1.0,0.9952747017361823,0
497.507127,500,23.983759,1.0,0.9973388078282432,0
498.464203,500,26.505333,1.0,0.9990995980733028,0
498.01887,500,28.88032,1.0,0.9989734793263745,0
498.404229,500,31.033868,1.0,0.9985926100750191,0
498.367047,500,33.132054,1.0,0.9992220491389951,0
498.376693,500,35.174565,1.0,0.9992657432878966,0
497.863205,500,37.345167,1.0,0.9976675023378216,0
498.30857,500,39.629206,1.0,0.9992147383047741,0
498.424336,500,41.719335,1.0,0.9989158267053189,0
498.387669,500,43.826864,1.0,0.9992059857388799,0
498.293304,500,45.961969,1.0,0.9993175992581336,0
498.565823,500,48.119185,1.0,0.9995024481989288,0
498.289304,500,50.285306,1.0,0.9981572788023241,0
498.257263,500,52.40354,1.0,0.9974654722835122,0
497.808428,500,54.58114,1.0,0.997103282612617,0
