{
  "eval_episodes": 20,
  "eval_seed_offset": 10000,
  "eval_seeds": [
    10000,
    10001,
    10002,
    10003,
    10004,
    10005,
    10006,
    10007,
    10008,
    10009,
    10010,
    10011,
    10012,
    10013,
    10014,
    10015,
    10016,
    10017,
    10018,
    10019
  ],
  "episode_rewards": [
    282.3799923296833,
    302.8141339753822,
    -5.377667997854118,
    267.40832140539385,
    281.8671314874076,
    267.5837748409103,
    288.28499130571953,
    296.0273739542065,
    267.42077199111935,
    302.4617833934269,
    41.71052940941871,
    300.12693996359326,
    299.29539900176496,
    -45.15615818156934,
    279.897660687169,
    265.4144561465568,
    259.4348053232744,
    299.2495890373413,
    288.338378724875,
    262.3951492114475
  ],
  "episode_lengths": [
    166,
    175,
    104,
    392,
    173,
    167,
    215,
    179,
    166,
    194,
    88,
    190,
    184,
    89,
    178,
    515,
    478,
    475,
    156,
    347
  ],
  "episode_terminated": [
    true,
    true,
    true,
    true,
    true,
    true,
    true,
    true,
    true,
    true,
    true,
    true,
    true,
    true,
    true,
    true,
    true,
    true,
    true,
    true
  ],
  "mean_eval_reward": 240.07886780046334,
  "mean_episode_length": 231.55,
  "min_eval_reward": -45.15615818156934,
  "max_eval_reward": 302.8141339753822,
  "termination_breakdown": {
    "terminated": 20,
    "truncated": 0
  },
  "final_policy_component_evaluation": {
    "landing_shaping_reward": {
      "episode_sum_mean": 59.991357030035054,
      "episode_abs_sum_mean": 74.31669425954975,
      "signed_contribution_share": 0.7908983455301228,
      "magnitude_share": 0.9797569757543376,
      "active_rate": 1.0
    },
    "progress_reward": {
      "episode_sum_mean": 1.3772495563097373,
      "episode_abs_sum_mean": 1.412096643988513,
      "signed_contribution_share": 0.01815702210106899,
      "magnitude_share": 0.01861643001174333,
      "active_rate": 0.9479594040164111
    },
    "stability_penalty": {
      "episode_sum_mean": -0.12338070496862463,
      "episode_abs_sum_mean": 0.12338070496862463,
      "signed_contribution_share": -0.0016265942339189056,
      "magnitude_share": 0.0016265942339189056,
      "active_rate": 1.0
    }
  },
  "final_policy_component_error_count": 0
}