{
  "eval_episodes": 10,
  "episode_rewards": [
    -185.58206676475436,
    -641.2319899224524,
    -595.6081927652617,
    -553.1384752388716,
    -587.9314591424561,
    -605.4115491648558,
    -505.47493875246306,
    -294.7884798920643,
    -368.4459445623189,
    -468.52734456717394
  ],
  "episode_lengths": [
    62,
    71,
    66,
    70,
    72,
    67,
    69,
    56,
    58,
    67
  ],
  "mean_eval_reward": -480.61404407726724,
  "mean_episode_length": 65.8,
  "min_eval_reward": -641.2319899224524,
  "max_eval_reward": -185.58206676475436
}