{
  "eval_episodes": 20,
  "eval_seed_offset": 10000,
  "eval_seeds": [
    10000,
    10001,
    10002,
    10003,
    10004,
    10005,
    10006,
    10007,
    10008,
    10009,
    10010,
    10011,
    10012,
    10013,
    10014,
    10015,
    10016,
    10017,
    10018,
    10019
  ],
  "episode_rewards": [
    -34.725903473040695,
    -6.950550195214615,
    15.177974507265077,
    -37.78968202382029,
    -35.51645380777178,
    -40.38578278485322,
    -10.755245980862002,
    -12.496822406497287,
    -57.915474717053655,
    -8.851293202721282,
    4.34796660920137,
    -0.5033768692694625,
    -7.5877672137478624,
    -3.5354625428008104,
    -28.359445757347014,
    -34.69027121873124,
    -48.425982294785506,
    -20.225230695641745,
    -30.716794316324734,
    -66.39491679542178
  ],
  "episode_lengths": [
    1000,
    1000,
    1000,
    1000,
    1000,
    1000,
    1000,
    1000,
    1000,
    1000,
    1000,
    1000,
    1000,
    1000,
    1000,
    1000,
    1000,
    1000,
    1000,
    1000
  ],
  "episode_terminated": [
    false,
    false,
    false,
    false,
    false,
    false,
    false,
    false,
    false,
    false,
    false,
    false,
    false,
    false,
    false,
    false,
    false,
    false,
    false,
    false
  ],
  "mean_eval_reward": -23.315025758971927,
  "mean_episode_length": 1000,
  "min_eval_reward": -66.39491679542178,
  "max_eval_reward": 15.177974507265077,
  "termination_breakdown": {
    "terminated": 0,
    "truncated": 20
  },
  "final_policy_component_evaluation": {
    "distance_reward": {
      "episode_sum_mean": 5.890284536790653,
      "episode_abs_sum_mean": 6.845330273184004,
      "signed_contribution_share": 0.011941237933076783,
      "magnitude_share": 0.01387738011840104,
      "active_rate": 1.0
    },
    "landing_quality": {
      "episode_sum_mean": 484.4182572978084,
      "episode_abs_sum_mean": 484.4182572978084,
      "signed_contribution_share": 0.9820499558874074,
      "magnitude_share": 0.9820499558874074,
      "active_rate": 0.7926
    },
    "stability_penalty": {
      "episode_sum_mean": -2.008933234809898,
      "episode_abs_sum_mean": 2.008933234809898,
      "signed_contribution_share": -0.00407266399419156,
      "magnitude_share": 0.00407266399419156,
      "active_rate": 1.0
    }
  },
  "final_policy_component_error_count": 0
}