{
  "eval_episodes": 20,
  "eval_seed_offset": 10000,
  "eval_seeds": [
    10000,
    10001,
    10002,
    10003,
    10004,
    10005,
    10006,
    10007,
    10008,
    10009,
    10010,
    10011,
    10012,
    10013,
    10014,
    10015,
    10016,
    10017,
    10018,
    10019
  ],
  "episode_rewards": [
    138.13976672549614,
    159.28436872154967,
    -45.19318522804758,
    124.93660730777552,
    136.9270480190291,
    128.4953378290934,
    154.54146856991582,
    158.75873276972598,
    122.1416841381457,
    166.22263940808887,
    176.649475551989,
    162.11971032057494,
    167.12964424741352,
    10.999065780736686,
    140.1545785844424,
    125.89601657090401,
    119.90526631612632,
    158.01778934614453,
    142.86468460191966,
    125.08923659005136
  ],
  "episode_lengths": [
    1000,
    1000,
    106,
    1000,
    1000,
    1000,
    1000,
    1000,
    1000,
    1000,
    1000,
    1000,
    1000,
    99,
    1000,
    1000,
    1000,
    1000,
    1000,
    1000
  ],
  "episode_terminated": [
    false,
    false,
    true,
    false,
    false,
    false,
    false,
    false,
    false,
    false,
    false,
    false,
    false,
    true,
    false,
    false,
    false,
    false,
    false,
    false
  ],
  "mean_eval_reward": 128.65399680855376,
  "mean_episode_length": 910.25,
  "min_eval_reward": -45.19318522804758,
  "max_eval_reward": 176.649475551989,
  "termination_breakdown": {
    "terminated": 2,
    "truncated": 18
  }
}