{
  "eval_episodes": 10,
  "episode_rewards": [
    -105.1627452202027,
    -107.11093605835313,
    -107.63692204016925,
    -115.52307744183531,
    -120.87618079264709,
    -107.01791522013103,
    -117.03822808108703,
    -108.05008182794225,
    -95.05909309317079,
    -102.3140148596575
  ],
  "episode_lengths": [
    81,
    61,
    83,
    74,
    78,
    81,
    76,
    74,
    52,
    60
  ],
  "mean_eval_reward": -108.57891946351961,
  "mean_episode_length": 72,
  "min_eval_reward": -120.87618079264709,
  "max_eval_reward": -95.05909309317079
}