{
  "eval_episodes": 20,
  "eval_seed_offset": 10000,
  "eval_seeds": [
    10000,
    10001,
    10002,
    10003,
    10004,
    10005,
    10006,
    10007,
    10008,
    10009,
    10010,
    10011,
    10012,
    10013,
    10014,
    10015,
    10016,
    10017,
    10018,
    10019
  ],
  "episode_rewards": [
    -28.17006303430484,
    -8.359366179233989,
    21.479453622851555,
    -39.13241161293043,
    -35.24928960614683,
    -37.57813570692582,
    -4.931368158854353,
    -6.266008185769214,
    -45.375936614146724,
    7.659946706828089,
    8.212242046371601,
    2.265027710357655,
    -9.756946358877606,
    -2.63991995846785,
    -26.609760518290663,
    -33.22846879048713,
    -43.55854699487543,
    -10.627596836384733,
    -28.50133772718879,
    -37.573247733519196
  ],
  "episode_lengths": [
    1000,
    1000,
    1000,
    1000,
    1000,
    1000,
    1000,
    1000,
    1000,
    1000,
    1000,
    1000,
    1000,
    1000,
    1000,
    1000,
    1000,
    1000,
    1000,
    1000
  ],
  "episode_terminated": [
    false,
    false,
    false,
    false,
    false,
    false,
    false,
    false,
    false,
    false,
    false,
    false,
    false,
    false,
    false,
    false,
    false,
    false,
    false,
    false
  ],
  "mean_eval_reward": -17.897086696499734,
  "mean_episode_length": 1000,
  "min_eval_reward": -45.375936614146724,
  "max_eval_reward": 21.479453622851555,
  "termination_breakdown": {
    "terminated": 0,
    "truncated": 20
  },
  "final_policy_component_evaluation": {
    "contact_completion": {
      "episode_sum_mean": 0.0,
      "episode_abs_sum_mean": 0.0,
      "signed_contribution_share": 0.0,
      "magnitude_share": 0.0,
      "active_rate": 0.0
    },
    "position_proximity": {
      "episode_sum_mean": 749.3110796958208,
      "episode_abs_sum_mean": 749.3110796958208,
      "signed_contribution_share": 0.997267884723491,
      "magnitude_share": 0.997267884723491,
      "active_rate": 1.0
    },
    "soft_landing_velocity": {
      "episode_sum_mean": -0.3324309039171197,
      "episode_abs_sum_mean": 0.3324309039171197,
      "signed_contribution_share": -0.00044243662391956634,
      "magnitude_share": 0.00044243662391956634,
      "active_rate": 1.0
    },
    "stable_orientation": {
      "episode_sum_mean": -1.7203818649027451,
      "episode_abs_sum_mean": 1.7203818649027451,
      "signed_contribution_share": -0.002289678652589373,
      "magnitude_share": 0.002289678652589373,
      "active_rate": 1.0
    }
  },
  "final_policy_component_error_count": 0
}