{
  "eval_episodes": 20,
  "eval_seed_offset": 10000,
  "eval_seeds": [
    10000,
    10001,
    10002,
    10003,
    10004,
    10005,
    10006,
    10007,
    10008,
    10009,
    10010,
    10011,
    10012,
    10013,
    10014,
    10015,
    10016,
    10017,
    10018,
    10019
  ],
  "episode_rewards": [
    268.20415021876397,
    279.5105180648312,
    279.9059014289001,
    240.3294870059339,
    251.88155427298975,
    241.59316853577664,
    246.7946780218336,
    254.90100173625143,
    242.7722280143302,
    251.13618748787502,
    287.72276192404104,
    256.93494700812585,
    -13.715721199342966,
    262.36813665637465,
    266.4161588514918,
    240.75562573326087,
    235.89729636323702,
    256.77892370313725,
    248.25808875933416,
    213.61304762932218
  ],
  "episode_lengths": [
    220,
    283,
    396,
    305,
    315,
    306,
    432,
    383,
    300,
    449,
    330,
    397,
    158,
    439,
    261,
    319,
    296,
    353,
    338,
    405
  ],
  "episode_terminated": [
    true,
    true,
    true,
    true,
    true,
    true,
    true,
    true,
    true,
    true,
    true,
    true,
    true,
    true,
    true,
    true,
    true,
    true,
    true,
    true
  ],
  "mean_eval_reward": 240.60290701082337,
  "mean_episode_length": 334.25,
  "min_eval_reward": -13.715721199342966,
  "max_eval_reward": 287.72276192404104,
  "termination_breakdown": {
    "terminated": 20,
    "truncated": 0
  },
  "final_policy_component_evaluation": {
    "angular_vel_penalty": {
      "episode_sum_mean": -0.46128301151931167,
      "episode_abs_sum_mean": 0.46128301151931167,
      "signed_contribution_share": -0.0034907937268613743,
      "magnitude_share": 0.0034907937268613743,
      "active_rate": 0.9403141361256544
    },
    "landing_quality_improvement": {
      "episode_sum_mean": 84.71662639379501,
      "episode_abs_sum_mean": 126.61854853332042,
      "signed_contribution_share": 0.641099413139644,
      "magnitude_share": 0.9581953462118842,
      "active_rate": 0.9775617053103964
    },
    "shaped_progress": {
      "episode_sum_mean": 4.677420303469246,
      "episode_abs_sum_mean": 5.062898049801264,
      "signed_contribution_share": 0.035396728354390956,
      "magnitude_share": 0.038313860061254465,
      "active_rate": 0.9554225878833209
    }
  },
  "final_policy_component_error_count": 0
}