{
  "eval_episodes": 20,
  "eval_seed_offset": 10000,
  "eval_seeds": [
    10000,
    10001,
    10002,
    10003,
    10004,
    10005,
    10006,
    10007,
    10008,
    10009,
    10010,
    10011,
    10012,
    10013,
    10014,
    10015,
    10016,
    10017,
    10018,
    10019
  ],
  "episode_rewards": [
    44.869155891379094,
    6.488622741362064,
    33.335779043907316,
    32.31664830705051,
    -25.962190307490545,
    31.081306366222755,
    58.95201797638211,
    75.6769409989661,
    30.7775398142289,
    11.603651290143903,
    9.036784464238393,
    13.518872612982323,
    3.205824937187141,
    92.66823177242043,
    -23.533922033002096,
    20.78637876478879,
    -32.099551187291425,
    -3.511909127187857,
    -14.390747676628319,
    -34.95782785256
  ],
  "episode_lengths": [
    1000,
    1000,
    1000,
    1000,
    1000,
    1000,
    1000,
    1000,
    1000,
    1000,
    1000,
    1000,
    1000,
    1000,
    1000,
    1000,
    1000,
    1000,
    1000,
    1000
  ],
  "episode_terminated": [
    false,
    false,
    false,
    false,
    false,
    false,
    false,
    false,
    false,
    false,
    false,
    false,
    false,
    false,
    false,
    false,
    false,
    false,
    false,
    false
  ],
  "mean_eval_reward": 16.49308033985498,
  "mean_episode_length": 1000,
  "min_eval_reward": -34.95782785256,
  "max_eval_reward": 92.66823177242043,
  "termination_breakdown": {
    "terminated": 0,
    "truncated": 20
  },
  "final_policy_component_evaluation": {
    "distance_penalty": {
      "episode_sum_mean": -88.17693001954467,
      "episode_abs_sum_mean": 88.17693001954467,
      "signed_contribution_share": -0.027697732641316492,
      "magnitude_share": 0.027697732641316492,
      "active_rate": 1.0
    },
    "engine_penalty": {
      "episode_sum_mean": -29.18700000000035,
      "episode_abs_sum_mean": 29.18700000000035,
      "signed_contribution_share": -0.009168086509962719,
      "magnitude_share": 0.009168086509962719,
      "active_rate": 0.9729
    },
    "orientation_penalty": {
      "episode_sum_mean": -0.22780910008497673,
      "episode_abs_sum_mean": 0.22780910008497673,
      "signed_contribution_share": -7.15583491738033e-05,
      "magnitude_share": 7.15583491738033e-05,
      "active_rate": 1.0
    },
    "progress_delta": {
      "episode_sum_mean": 20.17086775257485,
      "episode_abs_sum_mean": 22.77811008511344,
      "signed_contribution_share": 0.006335980420619497,
      "magnitude_share": 0.0071549554182948494,
      "active_rate": 1.0
    },
    "proximity_reward": {
      "episode_sum_mean": 1384.6762136518955,
      "episode_abs_sum_mean": 1384.6762136518955,
      "signed_contribution_share": 0.43494813838517304,
      "magnitude_share": 0.43494813838517304,
      "active_rate": 1.0
    },
    "stable_landing_bonus": {
      "episode_sum_mean": 1649.524492902107,
      "episode_abs_sum_mean": 1649.524492902107,
      "signed_contribution_share": 0.518141064557122,
      "magnitude_share": 0.518141064557122,
      "active_rate": 0.96465
    },
    "velocity_damping": {
      "episode_sum_mean": -8.972702508244037,
      "episode_abs_sum_mean": 8.972702508244037,
      "signed_contribution_share": -0.002818464138957064,
      "magnitude_share": 0.002818464138957064,
      "active_rate": 1.0
    }
  },
  "final_policy_component_error_count": 0
}