{
  "eval_episodes": 20,
  "eval_seed_offset": 10000,
  "eval_seeds": [
    10000,
    10001,
    10002,
    10003,
    10004,
    10005,
    10006,
    10007,
    10008,
    10009,
    10010,
    10011,
    10012,
    10013,
    10014,
    10015,
    10016,
    10017,
    10018,
    10019
  ],
  "episode_rewards": [
    132.49551294631937,
    153.06107258492045,
    173.02295344802047,
    120.23087212468945,
    128.9440350810241,
    117.17666027169706,
    146.55628132355054,
    147.8717854612154,
    114.66799279701158,
    155.77358694475203,
    170.08494350126483,
    153.8398046494771,
    152.05406138982661,
    169.90231728427185,
    129.19911605118733,
    118.08842718037744,
    110.15435480105567,
    149.57412127049375,
    134.50524610117895,
    113.31136008918473
  ],
  "episode_lengths": [
    1000,
    1000,
    1000,
    1000,
    1000,
    1000,
    1000,
    1000,
    1000,
    1000,
    1000,
    1000,
    1000,
    1000,
    1000,
    1000,
    1000,
    1000,
    1000,
    1000
  ],
  "episode_terminated": [
    false,
    false,
    false,
    false,
    false,
    false,
    false,
    false,
    false,
    false,
    false,
    false,
    false,
    false,
    false,
    false,
    false,
    false,
    false,
    false
  ],
  "mean_eval_reward": 139.52572526507595,
  "mean_episode_length": 1000,
  "min_eval_reward": 110.15435480105567,
  "max_eval_reward": 173.02295344802047,
  "termination_breakdown": {
    "terminated": 0,
    "truncated": 20
  },
  "final_policy_component_evaluation": {
    "fuel_penalty": {
      "episode_sum_mean": -18.852999999999685,
      "episode_abs_sum_mean": 18.852999999999685,
      "signed_contribution_share": -0.0681370959319104,
      "magnitude_share": 0.0681370959319104,
      "active_rate": 0.94265
    },
    "progress_reward": {
      "episode_sum_mean": 2.7076487660291604,
      "episode_abs_sum_mean": 2.979278261185391,
      "signed_contribution_share": 0.009785780709746502,
      "magnitude_share": 0.010767483620126642,
      "active_rate": 0.99995
    },
    "safe_contact_bonus": {
      "episode_sum_mean": 250.15179656147956,
      "episode_abs_sum_mean": 250.15179656147956,
      "signed_contribution_share": 0.9040798260144036,
      "magnitude_share": 0.9040798260144036,
      "active_rate": 0.7369
    },
    "stability_penalty": {
      "episode_sum_mean": -4.708081515191973,
      "episode_abs_sum_mean": 4.708081515191973,
      "signed_contribution_share": -0.017015594433559374,
      "magnitude_share": 0.017015594433559374,
      "active_rate": 1.0
    }
  },
  "final_policy_component_error_count": 0
}