{
  "eval_episodes": 10,
  "episode_rewards": [
    165.00396482501358,
    279.988126452199,
    135.21309389803832,
    143.71861080972005,
    132.92288741227733,
    164.21888148368842,
    162.73491987912942,
    131.42718774191886,
    173.04295887244513,
    186.06937991782326
  ],
  "episode_lengths": [
    1000,
    358,
    1000,
    1000,
    1000,
    1000,
    1000,
    1000,
    1000,
    1000
  ],
  "mean_eval_reward": 167.43400112922535,
  "mean_episode_length": 935.8,
  "min_eval_reward": 131.42718774191886,
  "max_eval_reward": 279.988126452199
}