{
  "eval_episodes": 20,
  "eval_seed_offset": 10000,
  "eval_seeds": [
    10000,
    10001,
    10002,
    10003,
    10004,
    10005,
    10006,
    10007,
    10008,
    10009,
    10010,
    10011,
    10012,
    10013,
    10014,
    10015,
    10016,
    10017,
    10018,
    10019
  ],
  "episode_rewards": [
    -32.816834871415956,
    -12.081651105769398,
    17.646217405666558,
    -33.48885304426535,
    -40.36907932107934,
    -196.7265694242517,
    -16.833038671276356,
    -15.788135821269844,
    -48.55266490930579,
    -10.359796694653836,
    -17.427605391083095,
    -4.979398410063975,
    -25.229401607841304,
    -1.7216026186006175,
    -34.26015564181549,
    -41.40173101990074,
    -51.4728174536131,
    -12.342538875610655,
    -42.10887153735596,
    -48.04589350147644
  ],
  "episode_lengths": [
    1000,
    1000,
    1000,
    1000,
    1000,
    982,
    1000,
    1000,
    1000,
    1000,
    1000,
    1000,
    1000,
    1000,
    1000,
    1000,
    1000,
    1000,
    1000,
    1000
  ],
  "episode_terminated": [
    false,
    false,
    false,
    false,
    false,
    true,
    false,
    false,
    false,
    false,
    false,
    false,
    false,
    false,
    false,
    false,
    false,
    false,
    false,
    false
  ],
  "mean_eval_reward": -33.41802112574912,
  "mean_episode_length": 999.1,
  "min_eval_reward": -196.7265694242517,
  "max_eval_reward": 17.646217405666558,
  "termination_breakdown": {
    "terminated": 1,
    "truncated": 19
  },
  "final_policy_component_evaluation": {
    "attitude_penalty": {
      "episode_sum_mean": -0.3820357901646383,
      "episode_abs_sum_mean": 0.3820357901646383,
      "signed_contribution_share": -0.006420813335823088,
      "magnitude_share": 0.006420813335823088,
      "active_rate": 1.0
    },
    "engine_penalty": {
      "episode_sum_mean": -49.74249999999931,
      "episode_abs_sum_mean": 49.74249999999931,
      "signed_contribution_share": -0.836014100196046,
      "magnitude_share": 0.836014100196046,
      "active_rate": 0.9957461715543989
    },
    "landing_proxy": {
      "episode_sum_mean": 0.08614170825858318,
      "episode_abs_sum_mean": 0.08614170825858318,
      "signed_contribution_share": 0.001447769668174111,
      "magnitude_share": 0.001447769668174111,
      "active_rate": 0.00035031528375537984
    },
    "progress_reward": {
      "episode_sum_mean": 5.674868447296216,
      "episode_abs_sum_mean": 6.863480766630787,
      "signed_contribution_share": 0.09537659021354666,
      "magnitude_share": 0.11535340397703746,
      "active_rate": 1.0
    },
    "velocity_penalty": {
      "episode_sum_mean": -2.4254362852475104,
      "episode_abs_sum_mean": 2.4254362852475104,
      "signed_contribution_share": -0.04076391282291936,
      "magnitude_share": 0.04076391282291936,
      "active_rate": 1.0
    }
  },
  "final_policy_component_error_count": 0
}