{
  "eval_episodes": 10,
  "episode_rewards": [
    250.41058813699755,
    249.7244373086979,
    280.72497308711854,
    279.23837794097074,
    137.3617417861016,
    289.9235428782565,
    293.4843045523221,
    284.2182459069772,
    167.53680912866244,
    189.61984432358167
  ],
  "episode_lengths": [
    968,
    275,
    277,
    288,
    1000,
    285,
    370,
    782,
    1000,
    1000
  ],
  "mean_eval_reward": 242.22428650496863,
  "mean_episode_length": 624.5,
  "min_eval_reward": 137.3617417861016,
  "max_eval_reward": 293.4843045523221
}