{
  "eval_episodes": 20,
  "eval_seed_offset": 10000,
  "eval_seeds": [
    10000,
    10001,
    10002,
    10003,
    10004,
    10005,
    10006,
    10007,
    10008,
    10009,
    10010,
    10011,
    10012,
    10013,
    10014,
    10015,
    10016,
    10017,
    10018,
    10019
  ],
  "episode_rewards": [
    -169.04804258691078,
    -178.17104286971596,
    -140.2563033801501,
    -228.41802675943018,
    -220.6295554564121,
    -232.16229346307324,
    -243.02727022025311,
    -173.5883583551223,
    -262.642062847121,
    -262.3718782157015,
    -125.51856225012253,
    -145.32568237199897,
    -150.92409333915538,
    -134.77881242670895,
    -259.0637699279969,
    -257.04804344438276,
    -297.06030540825896,
    -177.1867142681528,
    -176.5374092760473,
    -266.97069743372515
  ],
  "episode_lengths": [
    1000,
    543,
    497,
    661,
    676,
    658,
    889,
    542,
    731,
    987,
    1000,
    1000,
    1000,
    451,
    926,
    746,
    976,
    560,
    1000,
    874
  ],
  "episode_terminated": [
    false,
    true,
    true,
    true,
    true,
    true,
    true,
    true,
    true,
    true,
    false,
    false,
    false,
    true,
    true,
    true,
    true,
    true,
    false,
    true
  ],
  "mean_eval_reward": -205.03644621502198,
  "mean_episode_length": 785.85,
  "min_eval_reward": -297.06030540825896,
  "max_eval_reward": -125.51856225012253,
  "termination_breakdown": {
    "terminated": 15,
    "truncated": 5
  },
  "final_policy_component_evaluation": {
    "alignment": {
      "episode_sum_mean": 231.12286736462266,
      "episode_abs_sum_mean": 231.12286736462266,
      "signed_contribution_share": 0.3118610467909013,
      "magnitude_share": 0.3118610467909013,
      "active_rate": 1.0
    },
    "angvel_penalty": {
      "episode_sum_mean": -1.1720415054682005,
      "episode_abs_sum_mean": 1.1720415054682005,
      "signed_contribution_share": -0.0015814709074245638,
      "magnitude_share": 0.0015814709074245638,
      "active_rate": 0.15651841954571483
    },
    "att_penalty": {
      "episode_sum_mean": -2.4978582480978675,
      "episode_abs_sum_mean": 2.4978582480978675,
      "signed_contribution_share": -0.0033704353743506943,
      "magnitude_share": 0.0033704353743506943,
      "active_rate": 0.1572182986575046
    },
    "contact_reward": {
      "episode_sum_mean": 0.0,
      "episode_abs_sum_mean": 0.0,
      "signed_contribution_share": 0.0,
      "magnitude_share": 0.0,
      "active_rate": 0.0
    },
    "descend_vel": {
      "episode_sum_mean": 1.1408449986266818,
      "episode_abs_sum_mean": 1.1408449986266818,
      "signed_contribution_share": 0.001539376521045794,
      "magnitude_share": 0.001539376521045794,
      "active_rate": 0.6372081185976968
    },
    "down_penalty": {
      "episode_sum_mean": 0.0,
      "episode_abs_sum_mean": 0.0,
      "signed_contribution_share": 0.0,
      "magnitude_share": 0.0,
      "active_rate": 0.0
    },
    "height_near": {
      "episode_sum_mean": 494.3297841668129,
      "episode_abs_sum_mean": 494.3297841668129,
      "signed_contribution_share": 0.6670140679198745,
      "magnitude_share": 0.6670140679198745,
      "active_rate": 1.0
    },
    "lat_penalty": {
      "episode_sum_mean": -8.05747057690974,
      "episode_abs_sum_mean": 8.05747057690974,
      "signed_contribution_share": -0.010872187755604957,
      "magnitude_share": 0.010872187755604957,
      "active_rate": 0.16288095692562193
    },
    "progress_y": {
      "episode_sum_mean": 0.051330675802356396,
      "episode_abs_sum_mean": 0.051330675802356396,
      "signed_contribution_share": 6.926202703669623e-05,
      "magnitude_share": 6.926202703669623e-05,
      "active_rate": 0.6372717439714959
    },
    "still_bonus": {
      "episode_sum_mean": 2.736285690125078,
      "episode_abs_sum_mean": 2.736285690125078,
      "signed_contribution_share": 0.003692152703761364,
      "magnitude_share": 0.003692152703761364,
      "active_rate": 0.23986765922249792
    }
  },
  "final_policy_component_error_count": 0
}