{
  "eval_episodes": 10,
  "episode_rewards": [
    -115.63912449994021,
    -99.37339933718613,
    -106.8888542230948,
    -107.28388626405899,
    -112.56796030525672,
    -124.07914894482107,
    -108.35237059810444,
    -111.01534940388763,
    -108.29099209722611,
    -95.05909309317079
  ],
  "episode_lengths": [
    76,
    81,
    61,
    83,
    74,
    78,
    81,
    76,
    74,
    52
  ],
  "mean_eval_reward": -108.8550178766747,
  "mean_episode_length": 73.6,
  "min_eval_reward": -124.07914894482107,
  "max_eval_reward": -95.05909309317079
}