{
  "eval_episodes": 20,
  "eval_seed_offset": 10000,
  "eval_seeds": [
    10000,
    10001,
    10002,
    10003,
    10004,
    10005,
    10006,
    10007,
    10008,
    10009,
    10010,
    10011,
    10012,
    10013,
    10014,
    10015,
    10016,
    10017,
    10018,
    10019
  ],
  "episode_rewards": [
    141.1609975037666,
    135.15754088976178,
    -53.159820564802004,
    124.49738126029085,
    131.94360019500527,
    121.39085542169988,
    155.1404990106862,
    267.0926406252542,
    118.52696435449297,
    167.05351394343904,
    180.35237700236314,
    166.39321766483857,
    161.19025286355654,
    -110.8156286768666,
    139.97606403566908,
    123.85107331625376,
    115.10788182409043,
    154.12979815841965,
    143.01698127695713,
    122.05959269752022
  ],
  "episode_lengths": [
    1000,
    1000,
    231,
    1000,
    1000,
    1000,
    1000,
    349,
    1000,
    1000,
    1000,
    1000,
    1000,
    183,
    1000,
    1000,
    1000,
    1000,
    1000,
    1000
  ],
  "episode_terminated": [
    false,
    false,
    true,
    false,
    false,
    false,
    false,
    true,
    false,
    false,
    false,
    false,
    false,
    true,
    false,
    false,
    false,
    false,
    false,
    false
  ],
  "mean_eval_reward": 125.20328914011984,
  "mean_episode_length": 888.15,
  "min_eval_reward": -110.8156286768666,
  "max_eval_reward": 267.0926406252542,
  "termination_breakdown": {
    "terminated": 3,
    "truncated": 17
  }
}