{
  "eval_episodes": 10,
  "episode_rewards": [
    -108.82801378430585,
    -108.91681762009303,
    -102.3253249115011,
    -84.22236363014545,
    -77.53785386264971,
    -119.07631607002055,
    -115.1190672406863,
    -87.6842607671062,
    -95.96547617672353,
    -99.05519141868601
  ],
  "episode_lengths": [
    81,
    76,
    74,
    52,
    60,
    67,
    69,
    60,
    82,
    62
  ],
  "mean_eval_reward": -99.87306854819177,
  "mean_episode_length": 68.3,
  "min_eval_reward": -119.07631607002055,
  "max_eval_reward": -77.53785386264971
}