{
  "eval_episodes": 20,
  "eval_seed_offset": 10000,
  "eval_seeds": [
    10000,
    10001,
    10002,
    10003,
    10004,
    10005,
    10006,
    10007,
    10008,
    10009,
    10010,
    10011,
    10012,
    10013,
    10014,
    10015,
    10016,
    10017,
    10018,
    10019
  ],
  "episode_rewards": [
    -455.86998455671574,
    -331.94244269461694,
    -309.8514700632421,
    -391.840857314899,
    -378.7215550673531,
    -399.64781624914957,
    -415.543846518825,
    -342.7658895364299,
    -396.0197475920026,
    -428.50949816401675,
    -206.16247408518785,
    -229.97626886227894,
    -432.0649707264634,
    -311.99375455804477,
    -452.35765541514417,
    -392.6475490764791,
    -424.01193863103197,
    -323.3690272721368,
    -408.76612358741494,
    -442.1624760738914
  ],
  "episode_lengths": [
    247,
    101,
    95,
    140,
    123,
    136,
    186,
    107,
    132,
    205,
    95,
    122,
    210,
    91,
    218,
    132,
    169,
    106,
    205,
    190
  ],
  "episode_terminated": [
    true,
    true,
    true,
    true,
    true,
    true,
    true,
    true,
    true,
    true,
    true,
    true,
    true,
    true,
    true,
    true,
    true,
    true,
    true,
    true
  ],
  "mean_eval_reward": -373.7112673022662,
  "mean_episode_length": 150.5,
  "min_eval_reward": -455.86998455671574,
  "max_eval_reward": -206.16247408518785,
  "termination_breakdown": {
    "terminated": 20,
    "truncated": 0
  },
  "final_policy_component_evaluation": {
    "progress_delta": {
      "episode_sum_mean": -0.10255719964363638,
      "episode_abs_sum_mean": 0.6983115047556752,
      "signed_contribution_share": -0.1218234505053601,
      "magnitude_share": 0.8294953190271231,
      "active_rate": 1.0
    },
    "soft_landing_proxy": {
      "episode_sum_mean": 0.0,
      "episode_abs_sum_mean": 0.0,
      "signed_contribution_share": 0.0,
      "magnitude_share": 0.0,
      "active_rate": 0.0
    },
    "stability_penalty": {
      "episode_sum_mean": -0.14353954459646895,
      "episode_abs_sum_mean": 0.14353954459646895,
      "signed_contribution_share": -0.17050468097287688,
      "magnitude_share": 0.17050468097287688,
      "active_rate": 0.1833887043189369
    }
  },
  "final_policy_component_error_count": 0
}