{
  "eval_episodes": 20,
  "eval_seed_offset": 10000,
  "eval_seeds": [
    10000,
    10001,
    10002,
    10003,
    10004,
    10005,
    10006,
    10007,
    10008,
    10009,
    10010,
    10011,
    10012,
    10013,
    10014,
    10015,
    10016,
    10017,
    10018,
    10019
  ],
  "episode_rewards": [
    133.0285870057016,
    148.70896679526896,
    171.25096768518048,
    117.89920458547923,
    127.91458032257417,
    116.82341788993314,
    143.4594323472532,
    147.89563270900788,
    112.047586022411,
    155.40932847887868,
    168.34382304474852,
    153.1932160148054,
    151.0857936926653,
    151.31966317326726,
    128.82053435917933,
    118.15024564352693,
    107.9560192256078,
    149.3359931181393,
    135.162548020029,
    114.32671951661459
  ],
  "episode_lengths": [
    1000,
    1000,
    1000,
    1000,
    1000,
    1000,
    1000,
    1000,
    1000,
    1000,
    1000,
    1000,
    1000,
    1000,
    1000,
    1000,
    1000,
    1000,
    1000,
    1000
  ],
  "episode_terminated": [
    false,
    false,
    false,
    false,
    false,
    false,
    false,
    false,
    false,
    false,
    false,
    false,
    false,
    false,
    false,
    false,
    false,
    false,
    false,
    false
  ],
  "mean_eval_reward": 137.60661298251358,
  "mean_episode_length": 1000,
  "min_eval_reward": 107.9560192256078,
  "max_eval_reward": 171.25096768518048,
  "termination_breakdown": {
    "terminated": 0,
    "truncated": 20
  }
}