{
  "eval_episodes": 10,
  "episode_rewards": [
    -106.37640404718975,
    -106.78692759010288,
    -114.17108659026442,
    -123.73546998765454,
    -112.7443857559584,
    -115.24470624132806,
    -111.67197341361225,
    -98.86912150886364,
    -101.46212526410615,
    -124.46337724298036
  ],
  "episode_lengths": [
    61,
    83,
    74,
    78,
    81,
    76,
    74,
    52,
    60,
    67
  ],
  "mean_eval_reward": -111.55255776420604,
  "mean_episode_length": 70.6,
  "min_eval_reward": -124.46337724298036,
  "max_eval_reward": -98.86912150886364
}