{
  "eval_episodes": 20,
  "eval_seed_offset": 10000,
  "eval_seeds": [
    10000,
    10001,
    10002,
    10003,
    10004,
    10005,
    10006,
    10007,
    10008,
    10009,
    10010,
    10011,
    10012,
    10013,
    10014,
    10015,
    10016,
    10017,
    10018,
    10019
  ],
  "episode_rewards": [
    -132.36440267252107,
    -187.3320651142663,
    -191.16564035017194,
    126.30347869414848,
    -175.89782765066147,
    -178.6956548105911,
    -111.56768573546779,
    -211.55663813355721,
    -186.03677344032974,
    -105.20158148080354,
    -73.55776070640934,
    -97.76669660509542,
    -106.12430476567536,
    -200.66192189279505,
    -136.78941231979678,
    -161.26890023988153,
    -169.71172898987942,
    -181.48084039534334,
    -140.7898087518808,
    -158.4433529232761
  ],
  "episode_lengths": [
    393,
    767,
    941,
    529,
    616,
    534,
    350,
    894,
    562,
    343,
    260,
    349,
    340,
    952,
    401,
    491,
    458,
    694,
    427,
    428
  ],
  "episode_terminated": [
    true,
    true,
    true,
    true,
    true,
    true,
    true,
    true,
    true,
    true,
    true,
    true,
    true,
    true,
    true,
    true,
    true,
    true,
    true,
    true
  ],
  "mean_eval_reward": -139.00547591421275,
  "mean_episode_length": 536.45,
  "min_eval_reward": -211.55663813355721,
  "max_eval_reward": 126.30347869414848,
  "termination_breakdown": {
    "terminated": 20,
    "truncated": 0
  },
  "final_policy_component_evaluation": {
    "alignment": {
      "episode_sum_mean": 19.234215250590044,
      "episode_abs_sum_mean": 19.234215250590044,
      "signed_contribution_share": 0.1740345844403899,
      "magnitude_share": 0.1740345844403899,
      "active_rate": 0.6964302358094883
    },
    "any_contact_reward": {
      "episode_sum_mean": 7.5,
      "episode_abs_sum_mean": 7.5,
      "signed_contribution_share": 0.06786132765478348,
      "magnitude_share": 0.06786132765478348,
      "active_rate": 0.00699039985087147
    },
    "att_penalty": {
      "episode_sum_mean": -0.0100611672556701,
      "episode_abs_sum_mean": 0.0100611672556701,
      "signed_contribution_share": -9.103522236354766e-05,
      "magnitude_share": 9.103522236354766e-05,
      "active_rate": 0.034765588591667444
    },
    "height_near_reward": {
      "episode_sum_mean": 71.09414112823049,
      "episode_abs_sum_mean": 71.09414112823049,
      "signed_contribution_share": 0.6432723740584356,
      "magnitude_share": 0.6432723740584356,
      "active_rate": 0.6964302358094883
    },
    "horizontal_penalty": {
      "episode_sum_mean": -3.6115187855851922,
      "episode_abs_sum_mean": 3.6115187855851922,
      "signed_contribution_share": -0.03267766128533366,
      "magnitude_share": 0.03267766128533366,
      "active_rate": 0.9999067946686551
    },
    "progress": {
      "episode_sum_mean": 0.7921692073345185,
      "episode_abs_sum_mean": 2.9850369155406953,
      "signed_contribution_share": 0.007167687218261049,
      "magnitude_share": 0.02700914242495085,
      "active_rate": 1.0
    },
    "stable_contact_reward": {
      "episode_sum_mean": 0.0,
      "episode_abs_sum_mean": 0.0,
      "signed_contribution_share": 0.0,
      "magnitude_share": 0.0,
      "active_rate": 0.0
    },
    "vel_penalty": {
      "episode_sum_mean": -0.008769681816683039,
      "episode_abs_sum_mean": 0.008769681816683039,
      "signed_contribution_share": -7.93496334920166e-05,
      "magnitude_share": 7.93496334920166e-05,
      "active_rate": 0.025911082113896915
    },
    "y_progress": {
      "episode_sum_mean": 5.759473141282797,
      "episode_abs_sum_mean": 6.075757045298815,
      "signed_contribution_share": 0.05211273252793559,
      "magnitude_share": 0.05497452528025094,
      "active_rate": 1.0
    }
  },
  "final_policy_component_error_count": 0
}