{
  "eval_episodes": 10,
  "episode_rewards": [
    -115.43107497643399,
    -63.26537807967526,
    -110.04820169372144,
    -117.72299717199962,
    -65.85262251450894,
    -59.08200672846065,
    -52.225025373388654,
    -95.74134653281793,
    -116.98106097530383,
    -95.47963680535605
  ],
  "episode_lengths": [
    74,
    82,
    81,
    76,
    76,
    54,
    62,
    68,
    68,
    60
  ],
  "mean_eval_reward": -89.18293508516663,
  "mean_episode_length": 70.1,
  "min_eval_reward": -117.72299717199962,
  "max_eval_reward": -52.225025373388654
}