{
  "eval_episodes": 10,
  "episode_rewards": [
    -107.48114975691334,
    -108.73184366727287,
    -130.74661246230815,
    -122.10581447222452,
    -110.54967893353407,
    -119.79091111306334,
    -109.76343312334731,
    -95.05909309317079,
    -101.45052142528164,
    -120.83478014985985
  ],
  "episode_lengths": [
    61,
    83,
    74,
    78,
    81,
    76,
    74,
    52,
    60,
    67
  ],
  "mean_eval_reward": -112.65138381969759,
  "mean_episode_length": 70.6,
  "min_eval_reward": -130.74661246230815,
  "max_eval_reward": -95.05909309317079
}