{
  "eval_episodes": 20,
  "eval_seed_offset": 10000,
  "eval_seeds": [
    10000,
    10001,
    10002,
    10003,
    10004,
    10005,
    10006,
    10007,
    10008,
    10009,
    10010,
    10011,
    10012,
    10013,
    10014,
    10015,
    10016,
    10017,
    10018,
    10019
  ],
  "episode_rewards": [
    215.61415090488106,
    223.40501309545084,
    259.36537773068125,
    181.17295643707527,
    213.57593481447068,
    216.16038389085497,
    220.727323836394,
    222.51885367641745,
    196.1394502130908,
    231.06418704599744,
    29.78821812986874,
    226.07992717613658,
    199.97659194940155,
    249.23943473555516,
    198.41148672431484,
    134.2068847481555,
    147.47453281303575,
    230.0268810409793,
    201.3520077774943,
    166.57721510991007
  ],
  "episode_lengths": [
    328,
    455,
    433,
    334,
    380,
    472,
    394,
    447,
    368,
    374,
    249,
    383,
    351,
    398,
    410,
    623,
    453,
    415,
    395,
    459
  ],
  "episode_terminated": [
    true,
    true,
    true,
    true,
    true,
    true,
    true,
    true,
    true,
    true,
    true,
    true,
    true,
    true,
    true,
    true,
    true,
    true,
    true,
    true
  ],
  "mean_eval_reward": 198.14384059250827,
  "mean_episode_length": 406.05,
  "min_eval_reward": 29.78821812986874,
  "max_eval_reward": 259.36537773068125,
  "termination_breakdown": {
    "terminated": 20,
    "truncated": 0
  },
  "final_policy_component_evaluation": {
    "approach_reward": {
      "episode_sum_mean": 1.1162087327373027,
      "episode_abs_sum_mean": 1.3077055394984838,
      "signed_contribution_share": 0.01318850183955295,
      "magnitude_share": 0.015451121647270166,
      "active_rate": 0.9729097401797808
    },
    "soft_landing_proxy": {
      "episode_sum_mean": 82.78723559562161,
      "episode_abs_sum_mean": 82.78723559562161,
      "signed_contribution_share": 0.978167950959152,
      "magnitude_share": 0.978167950959152,
      "active_rate": 0.1693141238763699
    },
    "stability_penalty": {
      "episode_sum_mean": -0.5400497316771535,
      "episode_abs_sum_mean": 0.5400497316771535,
      "signed_contribution_share": -0.0063809273935778,
      "magnitude_share": 0.0063809273935778,
      "active_rate": 1.0
    }
  },
  "final_policy_component_error_count": 0
}