{
  "eval_episodes": 10,
  "episode_rewards": [
    -25.15806427512899,
    128.4349302836723,
    197.93097754948468,
    -52.79358346409271,
    -45.9006670508151,
    -54.147215552492746,
    92.87000036552388,
    135.75538724094693,
    -64.37679634950223,
    -2.921333294385898
  ],
  "episode_lengths": [
    1000,
    785,
    533,
    1000,
    1000,
    1000,
    954,
    680,
    1000,
    1000
  ],
  "mean_eval_reward": 30.96936354532101,
  "mean_episode_length": 895.2,
  "min_eval_reward": -64.37679634950223,
  "max_eval_reward": 197.93097754948468
}