{
  "eval_episodes": 10,
  "episode_rewards": [
    131.17216012543457,
    137.14149942866936,
    126.21154422918677,
    268.2615770075059,
    152.25834430126412,
    124.35493722805244,
    284.2726893816226,
    192.1021235360239,
    277.4692212778964,
    278.91855606229416
  ],
  "episode_lengths": [
    1000,
    1000,
    1000,
    654,
    1000,
    1000,
    303,
    1000,
    712,
    294
  ],
  "mean_eval_reward": 197.21626525779502,
  "mean_episode_length": 796.3,
  "min_eval_reward": 124.35493722805244,
  "max_eval_reward": 284.2726893816226
}