{
  "eval_episodes": 20,
  "eval_seed_offset": 10000,
  "eval_seeds": [
    10000,
    10001,
    10002,
    10003,
    10004,
    10005,
    10006,
    10007,
    10008,
    10009,
    10010,
    10011,
    10012,
    10013,
    10014,
    10015,
    10016,
    10017,
    10018,
    10019
  ],
  "episode_rewards": [
    -244.6835661439917,
    -244.07013335603233,
    -209.59734481053445,
    -263.6265635942373,
    -250.19462729404952,
    -267.47486679915824,
    -247.80025509012629,
    -223.09439964695554,
    -265.7525183362272,
    -165.95674471456448,
    -144.6061975562163,
    -162.09317387482574,
    -226.04248585625342,
    -251.70267677177125,
    -252.38152471812117,
    -244.6866950736879,
    -268.2103726547131,
    -226.0135941874933,
    -297.6164172092115,
    -267.36616096460875
  ],
  "episode_lengths": [
    1000,
    1000,
    1000,
    1000,
    1000,
    1000,
    1000,
    1000,
    1000,
    208,
    124,
    204,
    1000,
    482,
    1000,
    1000,
    1000,
    1000,
    692,
    1000
  ],
  "episode_terminated": [
    false,
    false,
    false,
    false,
    false,
    false,
    false,
    false,
    false,
    true,
    true,
    true,
    false,
    true,
    false,
    false,
    false,
    false,
    true,
    false
  ],
  "mean_eval_reward": -236.148515932639,
  "mean_episode_length": 835.5,
  "min_eval_reward": -297.6164172092115,
  "max_eval_reward": -144.6061975562163,
  "termination_breakdown": {
    "terminated": 5,
    "truncated": 15
  },
  "final_policy_component_evaluation": {
    "landing_reward": {
      "episode_sum_mean": 0.0,
      "episode_abs_sum_mean": 0.0,
      "signed_contribution_share": 0.0,
      "magnitude_share": 0.0,
      "active_rate": 0.0
    },
    "shaping_reward": {
      "episode_sum_mean": 894.2417361211792,
      "episode_abs_sum_mean": 894.2465109940356,
      "signed_contribution_share": 0.9999946604512316,
      "magnitude_share": 1.0,
      "active_rate": 1.0
    }
  },
  "final_policy_component_error_count": 0
}