{
  "eval_episodes": 20,
  "eval_seed_offset": 10000,
  "eval_seeds": [
    10000,
    10001,
    10002,
    10003,
    10004,
    10005,
    10006,
    10007,
    10008,
    10009,
    10010,
    10011,
    10012,
    10013,
    10014,
    10015,
    10016,
    10017,
    10018,
    10019
  ],
  "episode_rewards": [
    229.71449847488705,
    255.6544221752765,
    279.1041206464413,
    210.97578116339267,
    216.46132183964352,
    218.77128847470723,
    242.21268347005235,
    252.00117115283956,
    217.04111585885383,
    256.45934155930513,
    251.46909339882873,
    251.9911258374602,
    241.76500751355172,
    275.10805857645005,
    237.0026223396643,
    120.25409799566643,
    18.63180386840419,
    258.2484877994818,
    235.18522478889508,
    216.1262592814071
  ],
  "episode_lengths": [
    400,
    404,
    412,
    381,
    397,
    398,
    402,
    401,
    396,
    407,
    385,
    374,
    407,
    390,
    392,
    655,
    1000,
    377,
    378,
    386
  ],
  "episode_terminated": [
    true,
    true,
    true,
    true,
    true,
    true,
    true,
    true,
    true,
    true,
    true,
    true,
    true,
    true,
    true,
    true,
    false,
    true,
    true,
    true
  ],
  "mean_eval_reward": 224.20887631076044,
  "mean_episode_length": 437.1,
  "min_eval_reward": 18.63180386840419,
  "max_eval_reward": 279.1041206464413,
  "termination_breakdown": {
    "terminated": 19,
    "truncated": 1
  },
  "final_policy_component_evaluation": {
    "descent_safety": {
      "episode_sum_mean": -91.65927634760737,
      "episode_abs_sum_mean": 91.65927634760737,
      "signed_contribution_share": -0.15524719424385167,
      "magnitude_share": 0.15524719424385167,
      "active_rate": 0.7756806222832304
    },
    "fuel_penalty": {
      "episode_sum_mean": -18.00500000000012,
      "episode_abs_sum_mean": 18.00500000000012,
      "signed_contribution_share": -0.030495830250284676,
      "magnitude_share": 0.030495830250284676,
      "active_rate": 0.8238389384580188
    },
    "landing_proximity": {
      "episode_sum_mean": 415.06188085377215,
      "episode_abs_sum_mean": 415.06188085377215,
      "signed_contribution_share": 0.7030078679189355,
      "magnitude_share": 0.7030078679189355,
      "active_rate": 1.0
    },
    "stable_landed": {
      "episode_sum_mean": 50.435411538183686,
      "episode_abs_sum_mean": 50.435411538183686,
      "signed_contribution_share": 0.08542459032889134,
      "magnitude_share": 0.08542459032889134,
      "active_rate": 0.13189201555708077
    },
    "touchdown_bonus": {
      "episode_sum_mean": 15.247016704082489,
      "episode_abs_sum_mean": 15.247016704082489,
      "signed_contribution_share": 0.025824517258036736,
      "magnitude_share": 0.025824517258036736,
      "active_rate": 0.0073209791809654545
    }
  },
  "final_policy_component_error_count": 0
}