{
  "eval_episodes": 20,
  "eval_seed_offset": 10000,
  "eval_seeds": [
    10000,
    10001,
    10002,
    10003,
    10004,
    10005,
    10006,
    10007,
    10008,
    10009,
    10010,
    10011,
    10012,
    10013,
    10014,
    10015,
    10016,
    10017,
    10018,
    10019
  ],
  "episode_rewards": [
    -88.95846491842015,
    -116.16523288169816,
    -107.48739646949261,
    -108.03938947765457,
    -106.68226270680964,
    -114.98310949562281,
    -78.25084921793785,
    -109.6643292912449,
    -116.32325741734738,
    -75.4880511682409,
    -88.78281643024462,
    -73.27414429667213,
    -118.58827698078862,
    -120.16364762452167,
    -91.96711565681396,
    -102.14103323207826,
    -107.71305632592538,
    -92.47892232545122,
    -99.55133913762208,
    -121.14412303118512
  ],
  "episode_lengths": [
    58,
    76,
    81,
    61,
    83,
    74,
    80,
    81,
    76,
    75,
    52,
    61,
    67,
    69,
    60,
    82,
    62,
    54,
    54,
    68
  ],
  "episode_terminated": [
    true,
    true,
    true,
    true,
    true,
    true,
    true,
    true,
    true,
    true,
    true,
    true,
    true,
    true,
    true,
    true,
    true,
    true,
    true,
    true
  ],
  "mean_eval_reward": -101.8923409042886,
  "mean_episode_length": 68.7,
  "min_eval_reward": -121.14412303118512,
  "max_eval_reward": -73.27414429667213,
  "termination_breakdown": {
    "terminated": 20,
    "truncated": 0
  },
  "final_policy_component_evaluation": {
    "landing_vel_penalty": {
      "episode_sum_mean": -2.7479145011636175,
      "episode_abs_sum_mean": 2.7479145011636175,
      "signed_contribution_share": -0.5668721957012671,
      "magnitude_share": 0.5668721957012671,
      "active_rate": 1.0
    },
    "progress": {
      "episode_sum_mean": 1.1191534921526909,
      "episode_abs_sum_mean": 1.160311708971858,
      "signed_contribution_share": 0.2308721749365527,
      "magnitude_share": 0.23936277707484713,
      "active_rate": 1.0
    },
    "stable_bonus": {
      "episode_sum_mean": 0.47125268131494524,
      "episode_abs_sum_mean": 0.47125268131494524,
      "signed_contribution_share": 0.09721555822569834,
      "magnitude_share": 0.09721555822569834,
      "active_rate": 0.018922852983988356
    },
    "upright_penalty": {
      "episode_sum_mean": -0.46802381198385773,
      "episode_abs_sum_mean": 0.46802381198385773,
      "signed_contribution_share": -0.09654946899818745,
      "magnitude_share": 0.09654946899818745,
      "active_rate": 1.0
    }
  },
  "final_policy_component_error_count": 0
}