{
  "eval_episodes": 20,
  "eval_seed_offset": 10000,
  "eval_seeds": [
    10000,
    10001,
    10002,
    10003,
    10004,
    10005,
    10006,
    10007,
    10008,
    10009,
    10010,
    10011,
    10012,
    10013,
    10014,
    10015,
    10016,
    10017,
    10018,
    10019
  ],
  "episode_rewards": [
    -76.34548411091636,
    -116.32438427390576,
    -105.10145552419111,
    -106.12810084404134,
    -106.1882249808232,
    -103.62298179242073,
    -87.36896627468055,
    -111.18166135354159,
    -109.23009741565252,
    -100.14293392059483,
    -84.05020725126006,
    -89.20739383062207,
    -112.90353040884878,
    -116.57755417030755,
    -97.94260217593414,
    -101.31010181687115,
    -99.06878839306914,
    -93.3560672248537,
    -79.81598802666825,
    -114.29064344207669
  ],
  "episode_lengths": [
    58,
    76,
    81,
    61,
    83,
    74,
    79,
    81,
    76,
    74,
    52,
    60,
    67,
    68,
    60,
    82,
    62,
    54,
    55,
    68
  ],
  "episode_terminated": [
    true,
    true,
    true,
    true,
    true,
    true,
    true,
    true,
    true,
    true,
    true,
    true,
    true,
    true,
    true,
    true,
    true,
    true,
    true,
    true
  ],
  "mean_eval_reward": -100.50785836156398,
  "mean_episode_length": 68.55,
  "min_eval_reward": -116.57755417030755,
  "max_eval_reward": -76.34548411091636,
  "termination_breakdown": {
    "terminated": 20,
    "truncated": 0
  },
  "final_policy_component_evaluation": {
    "distance_progress": {
      "episode_sum_mean": 1.1196138379856304,
      "episode_abs_sum_mean": 1.159807545459805,
      "signed_contribution_share": 0.9534351760500779,
      "magnitude_share": 0.9876631332810215,
      "active_rate": 1.0
    },
    "tilt_penalty": {
      "episode_sum_mean": -0.01448711673632147,
      "episode_abs_sum_mean": 0.01448711673632147,
      "signed_contribution_share": -0.012336866718978483,
      "magnitude_share": 0.012336866718978483,
      "active_rate": 1.0
    }
  },
  "final_policy_component_error_count": 0
}