{
  "eval_episodes": 20,
  "eval_seed_offset": 10000,
  "eval_seeds": [
    10000,
    10001,
    10002,
    10003,
    10004,
    10005,
    10006,
    10007,
    10008,
    10009,
    10010,
    10011,
    10012,
    10013,
    10014,
    10015,
    10016,
    10017,
    10018,
    10019
  ],
  "episode_rewards": [
    -31.814306293825748,
    -9.187724423835618,
    2.834371128076393,
    -38.185008845620935,
    -40.29906897987913,
    -41.057692835382994,
    -12.910919145558186,
    -14.192989231650127,
    -47.23932968466222,
    -13.052800980078738,
    1.7836198838608899,
    -4.551679042674218,
    -18.516623731252626,
    1.1759433541618334,
    -30.781778258098992,
    -38.54689204917642,
    -50.60340496058187,
    -18.88810004000379,
    -29.788626842866915,
    -61.030076867941474
  ],
  "episode_lengths": [
    1000,
    1000,
    1000,
    1000,
    1000,
    1000,
    1000,
    1000,
    1000,
    1000,
    1000,
    1000,
    1000,
    1000,
    1000,
    1000,
    1000,
    1000,
    1000,
    1000
  ],
  "episode_terminated": [
    false,
    false,
    false,
    false,
    false,
    false,
    false,
    false,
    false,
    false,
    false,
    false,
    false,
    false,
    false,
    false,
    false,
    false,
    false,
    false
  ],
  "mean_eval_reward": -24.742654392349543,
  "mean_episode_length": 1000,
  "min_eval_reward": -61.030076867941474,
  "max_eval_reward": 2.834371128076393,
  "termination_breakdown": {
    "terminated": 0,
    "truncated": 20
  },
  "final_policy_component_evaluation": {
    "alignment": {
      "episode_sum_mean": 1866.8130723148583,
      "episode_abs_sum_mean": 1866.8130723148583,
      "signed_contribution_share": 0.9874136329298623,
      "magnitude_share": 0.9874136329298623,
      "active_rate": 1.0
    },
    "angvel_penalty": {
      "episode_sum_mean": -0.6947738073726847,
      "episode_abs_sum_mean": 0.6947738073726847,
      "signed_contribution_share": -0.000367486782354537,
      "magnitude_share": 0.000367486782354537,
      "active_rate": 0.10905
    },
    "att_penalty": {
      "episode_sum_mean": -2.004364082536744,
      "episode_abs_sum_mean": 2.004364082536744,
      "signed_contribution_share": -0.0010601685031043824,
      "magnitude_share": 0.0010601685031043824,
      "active_rate": 0.1591
    },
    "contact_reward": {
      "episode_sum_mean": 0.0,
      "episode_abs_sum_mean": 0.0,
      "signed_contribution_share": 0.0,
      "magnitude_share": 0.0,
      "active_rate": 0.0
    },
    "down_penalty": {
      "episode_sum_mean": -0.23896685687478794,
      "episode_abs_sum_mean": 0.23896685687478794,
      "signed_contribution_share": -0.0001263967645158892,
      "magnitude_share": 0.0001263967645158892,
      "active_rate": 0.00395
    },
    "height_near": {
      "episode_sum_mean": 0.0,
      "episode_abs_sum_mean": 0.0,
      "signed_contribution_share": 0.0,
      "magnitude_share": 0.0,
      "active_rate": 0.0
    },
    "lat_penalty": {
      "episode_sum_mean": -5.218177476556012,
      "episode_abs_sum_mean": 5.218177476556012,
      "signed_contribution_share": -0.0027600511566001763,
      "magnitude_share": 0.0027600511566001763,
      "active_rate": 0.05965
    },
    "still_bonus": {
      "episode_sum_mean": 15.639616269338877,
      "episode_abs_sum_mean": 15.639616269338877,
      "signed_contribution_share": 0.008272263863562815,
      "magnitude_share": 0.008272263863562815,
      "active_rate": 0.6704
    }
  },
  "final_policy_component_error_count": 0
}