{
  "eval_episodes": 20,
  "eval_seed_offset": 10000,
  "eval_seeds": [
    10000,
    10001,
    10002,
    10003,
    10004,
    10005,
    10006,
    10007,
    10008,
    10009,
    10010,
    10011,
    10012,
    10013,
    10014,
    10015,
    10016,
    10017,
    10018,
    10019
  ],
  "episode_rewards": [
    -21.823199091161534,
    -5.857335556620205,
    221.51954448402358,
    -18.85313809298562,
    198.6159569916808,
    201.8499201601373,
    3.796186403199683,
    213.59640817568967,
    -34.67876948000861,
    16.36922588992124,
    -11.128800561345571,
    210.1187558384302,
    2.732021257035271,
    -24.807799754333985,
    -18.25589314295339,
    -32.48778293081745,
    -41.941618967123944,
    -13.693943795951753,
    -25.245858118426206,
    -29.91098767269888
  ],
  "episode_lengths": [
    1000,
    1000,
    323,
    1000,
    522,
    361,
    1000,
    388,
    1000,
    1000,
    527,
    292,
    299,
    299,
    1000,
    1000,
    1000,
    267,
    1000,
    1000
  ],
  "episode_terminated": [
    false,
    false,
    true,
    false,
    true,
    true,
    false,
    true,
    false,
    false,
    true,
    true,
    true,
    true,
    false,
    false,
    false,
    true,
    false,
    false
  ],
  "mean_eval_reward": 39.49564460178453,
  "mean_episode_length": 713.9,
  "min_eval_reward": -41.941618967123944,
  "max_eval_reward": 221.51954448402358,
  "termination_breakdown": {
    "terminated": 9,
    "truncated": 11
  },
  "final_policy_component_evaluation": {
    "contact_bonus": {
      "episode_sum_mean": 147.5,
      "episode_abs_sum_mean": 147.5,
      "signed_contribution_share": 0.8876553594943721,
      "magnitude_share": 0.8876553594943721,
      "active_rate": 0.02066115702479339
    },
    "orientation_penalty": {
      "episode_sum_mean": -1.683626622459114,
      "episode_abs_sum_mean": 1.683626622459114,
      "signed_contribution_share": -0.010132069117377901,
      "magnitude_share": 0.010132069117377901,
      "active_rate": 1.0
    },
    "proximity_reward": {
      "episode_sum_mean": -15.988580680878567,
      "episode_abs_sum_mean": 15.988580680878567,
      "signed_contribution_share": -0.09621931750569518,
      "magnitude_share": 0.09621931750569518,
      "active_rate": 1.0
    },
    "velocity_penalty": {
      "episode_sum_mean": -0.99588757981517,
      "episode_abs_sum_mean": 0.99588757981517,
      "signed_contribution_share": -0.005993253882554677,
      "magnitude_share": 0.005993253882554677,
      "active_rate": 0.9987393192323855
    }
  },
  "final_policy_component_error_count": 0
}