{
  "eval_episodes": 10,
  "episode_rewards": [
    -48.41825673719674,
    -32.169023884414784,
    -3.0719286618459964,
    -51.84233837820744,
    -53.10732906929464,
    -50.806980658307246,
    -24.64650260572031,
    -18.408898389065122,
    -57.68934181765457,
    -27.10943538594909
  ],
  "episode_lengths": [
    1000,
    1000,
    1000,
    1000,
    1000,
    1000,
    1000,
    1000,
    1000,
    1000
  ],
  "mean_eval_reward": -36.727003558765595,
  "mean_episode_length": 1000,
  "min_eval_reward": -57.68934181765457,
  "max_eval_reward": -3.0719286618459964
}