{
  "eval_episodes": 20,
  "eval_seed_offset": 10000,
  "eval_seeds": [
    10000,
    10001,
    10002,
    10003,
    10004,
    10005,
    10006,
    10007,
    10008,
    10009,
    10010,
    10011,
    10012,
    10013,
    10014,
    10015,
    10016,
    10017,
    10018,
    10019
  ],
  "episode_rewards": [
    -28.367355805566753,
    -21.50507181424964,
    292.0916025109864,
    -40.598467669607444,
    -28.96106960810162,
    -43.13008114272504,
    186.9457337911325,
    -13.63567579202831,
    -66.4501927536982,
    -14.852664496901715,
    12.400130215849352,
    -8.112583651861064,
    -4.195598908917332,
    290.1459407055592,
    -30.932690576395323,
    -49.01766342730645,
    -59.72367526943752,
    178.68782476799896,
    165.9033870134196,
    -43.76266688805097
  ],
  "episode_lengths": [
    1000,
    1000,
    271,
    1000,
    1000,
    1000,
    515,
    1000,
    1000,
    1000,
    1000,
    1000,
    1000,
    278,
    1000,
    1000,
    1000,
    437,
    518,
    1000
  ],
  "episode_terminated": [
    false,
    false,
    true,
    false,
    false,
    false,
    true,
    false,
    false,
    false,
    false,
    false,
    false,
    true,
    false,
    false,
    false,
    true,
    true,
    false
  ],
  "mean_eval_reward": 33.64645806000493,
  "mean_episode_length": 850.95,
  "min_eval_reward": -66.4501927536982,
  "max_eval_reward": 292.0916025109864,
  "termination_breakdown": {
    "terminated": 5,
    "truncated": 15
  },
  "final_policy_component_evaluation": {
    "contact_proximity": {
      "episode_sum_mean": 8.03007193952799,
      "episode_abs_sum_mean": 8.03007193952799,
      "signed_contribution_share": 0.30371139033606964,
      "magnitude_share": 0.30371139033606964,
      "active_rate": 0.018626241259768493
    },
    "orientation_penalty": {
      "episode_sum_mean": -4.318367943876877,
      "episode_abs_sum_mean": 4.318367943876877,
      "signed_contribution_share": -0.16332824190048956,
      "magnitude_share": 0.16332824190048956,
      "active_rate": 1.0
    },
    "proximity_reward": {
      "episode_sum_mean": -12.499653077211951,
      "episode_abs_sum_mean": 12.499653077211951,
      "signed_contribution_share": -0.4727587801687515,
      "magnitude_share": 0.4727587801687515,
      "active_rate": 1.0
    },
    "velocity_penalty": {
      "episode_sum_mean": -1.5917186336812148,
      "episode_abs_sum_mean": 1.5917186336812148,
      "signed_contribution_share": -0.060201587594689306,
      "magnitude_share": 0.060201587594689306,
      "active_rate": 0.9980609906575004
    }
  },
  "final_policy_component_error_count": 0
}