{
  "eval_episodes": 20,
  "eval_seed_offset": 10000,
  "eval_seeds": [
    10000,
    10001,
    10002,
    10003,
    10004,
    10005,
    10006,
    10007,
    10008,
    10009,
    10010,
    10011,
    10012,
    10013,
    10014,
    10015,
    10016,
    10017,
    10018,
    10019
  ],
  "episode_rewards": [
    201.02237570034714,
    192.63729716772337,
    224.7773547261565,
    63.816450798173896,
    183.5339397640255,
    183.9539895365003,
    -41.151394916532155,
    193.87893786156556,
    167.51874203905945,
    108.28754292803042,
    248.7941798061291,
    211.5362201376435,
    201.17461018736336,
    225.99939332520412,
    66.51865860235584,
    175.86027656971117,
    178.46650519455648,
    210.24689375127676,
    194.52108931860056,
    168.45078693887098
  ],
  "episode_lengths": [
    471,
    699,
    658,
    1000,
    599,
    565,
    316,
    613,
    684,
    1000,
    489,
    572,
    651,
    614,
    1000,
    603,
    564,
    591,
    611,
    648
  ],
  "episode_terminated": [
    true,
    true,
    true,
    false,
    true,
    true,
    true,
    true,
    true,
    false,
    true,
    true,
    true,
    true,
    false,
    true,
    true,
    true,
    true,
    true
  ],
  "mean_eval_reward": 167.99219247183808,
  "mean_episode_length": 647.4,
  "min_eval_reward": -41.151394916532155,
  "max_eval_reward": 248.7941798061291,
  "termination_breakdown": {
    "terminated": 17,
    "truncated": 3
  },
  "final_policy_component_evaluation": {
    "angle_penalty": {
      "episode_sum_mean": -1.5210835058958263,
      "episode_abs_sum_mean": 1.5210835058958263,
      "signed_contribution_share": -0.002729282129440524,
      "magnitude_share": 0.002729282129440524,
      "active_rate": 1.0
    },
    "contact_reward": {
      "episode_sum_mean": 51.20999999999983,
      "episode_abs_sum_mean": 51.20999999999983,
      "signed_contribution_share": 0.09188617015890571,
      "magnitude_share": 0.09188617015890571,
      "active_rate": 0.1492894655545258
    },
    "proximity_reward": {
      "episode_sum_mean": 491.1291869370711,
      "episode_abs_sum_mean": 491.1291869370711,
      "signed_contribution_share": 0.8812337442082577,
      "magnitude_share": 0.8812337442082577,
      "active_rate": 1.0
    },
    "velocity_penalty": {
      "episode_sum_mean": -13.45972571574237,
      "episode_abs_sum_mean": 13.45972571574237,
      "signed_contribution_share": -0.024150803503395952,
      "magnitude_share": 0.024150803503395952,
      "active_rate": 0.9987642879209144
    }
  },
  "final_policy_component_error_count": 0
}