{
  "eval_episodes": 10,
  "episode_rewards": [
    118.55834814418905,
    126.15347941818735,
    113.67885238805066,
    151.80245084768228,
    142.47654798187708,
    112.21799289063605,
    164.50174352697542,
    178.7806546227543,
    161.58045202715104,
    159.75903420464564
  ],
  "episode_lengths": [
    1000,
    1000,
    1000,
    1000,
    1000,
    1000,
    1000,
    1000,
    1000,
    1000
  ],
  "mean_eval_reward": 142.9509556052149,
  "mean_episode_length": 1000,
  "min_eval_reward": 112.21799289063605,
  "max_eval_reward": 178.7806546227543
}