{
  "eval_episodes": 20,
  "eval_seed_offset": 10000,
  "eval_seeds": [
    10000,
    10001,
    10002,
    10003,
    10004,
    10005,
    10006,
    10007,
    10008,
    10009,
    10010,
    10011,
    10012,
    10013,
    10014,
    10015,
    10016,
    10017,
    10018,
    10019
  ],
  "episode_rewards": [
    -37.028957243929895,
    -26.763756374517396,
    4.5974752814661395,
    -47.37985602153549,
    -51.35101909475809,
    -54.90235285230361,
    -26.31447667521783,
    -20.486914622398743,
    -68.98816365876004,
    -10.674055001288353,
    -6.196694314841404,
    -14.154126146633903,
    -24.800105806192445,
    -11.526160092872107,
    -44.342062351201314,
    -50.28192500714634,
    -60.194444790119555,
    -25.586663367820424,
    -42.72641999964943,
    -60.38181324181851
  ],
  "episode_lengths": [
    1000,
    1000,
    1000,
    1000,
    1000,
    1000,
    1000,
    1000,
    1000,
    1000,
    1000,
    1000,
    1000,
    1000,
    1000,
    1000,
    1000,
    1000,
    1000,
    1000
  ],
  "episode_terminated": [
    false,
    false,
    false,
    false,
    false,
    false,
    false,
    false,
    false,
    false,
    false,
    false,
    false,
    false,
    false,
    false,
    false,
    false,
    false,
    false
  ],
  "mean_eval_reward": -33.974124569076935,
  "mean_episode_length": 1000,
  "min_eval_reward": -68.98816365876004,
  "max_eval_reward": 4.5974752814661395,
  "termination_breakdown": {
    "terminated": 0,
    "truncated": 20
  },
  "final_policy_component_evaluation": {
    "approach_reward": {
      "episode_sum_mean": 1.0651466491715091,
      "episode_abs_sum_mean": 1.2378139805116155,
      "signed_contribution_share": 0.0013122409232144091,
      "magnitude_share": 0.0015249638740521632,
      "active_rate": 1.0
    },
    "contact_bonus": {
      "episode_sum_mean": 0.0,
      "episode_abs_sum_mean": 0.0,
      "signed_contribution_share": 0.0,
      "magnitude_share": 0.0,
      "active_rate": 0.0
    },
    "proximity_quality": {
      "episode_sum_mean": 809.8505993906934,
      "episode_abs_sum_mean": 809.8505993906934,
      "signed_contribution_share": 0.997720923252013,
      "magnitude_share": 0.997720923252013,
      "active_rate": 1.0
    },
    "stability_penalty": {
      "episode_sum_mean": -0.612113817332529,
      "episode_abs_sum_mean": 0.612113817332529,
      "signed_contribution_share": -0.000754112873934786,
      "magnitude_share": 0.000754112873934786,
      "active_rate": 1.0
    }
  },
  "final_policy_component_error_count": 0
}