{
  "eval_episodes": 20,
  "eval_seed_offset": 10000,
  "eval_seeds": [
    10000,
    10001,
    10002,
    10003,
    10004,
    10005,
    10006,
    10007,
    10008,
    10009,
    10010,
    10011,
    10012,
    10013,
    10014,
    10015,
    10016,
    10017,
    10018,
    10019
  ],
  "episode_rewards": [
    -27.118259516861574,
    -30.202547848633504,
    6.039358402396778,
    -39.92022629045864,
    -43.01522732846299,
    -50.508278994017225,
    -21.648065781058158,
    -21.564470105231482,
    -56.10865325815434,
    -8.835929766084313,
    -20.006858077667523,
    -4.293162532777421,
    -26.293277178926843,
    -4.145851529381871,
    -47.62286388793921,
    -38.64418962851955,
    -54.67144712568468,
    -25.030740674240267,
    -44.67170350778031,
    -57.29797624042081
  ],
  "episode_lengths": [
    1000,
    1000,
    1000,
    1000,
    1000,
    1000,
    1000,
    1000,
    1000,
    1000,
    1000,
    1000,
    1000,
    1000,
    1000,
    1000,
    1000,
    1000,
    1000,
    1000
  ],
  "episode_terminated": [
    false,
    false,
    false,
    false,
    false,
    false,
    false,
    false,
    false,
    false,
    false,
    false,
    false,
    false,
    false,
    false,
    false,
    false,
    false,
    false
  ],
  "mean_eval_reward": -30.778018543495197,
  "mean_episode_length": 1000,
  "min_eval_reward": -57.29797624042081,
  "max_eval_reward": 6.039358402396778,
  "termination_breakdown": {
    "terminated": 0,
    "truncated": 20
  },
  "final_policy_component_evaluation": {
    "distance_penalty": {
      "episode_sum_mean": -580.9231121957303,
      "episode_abs_sum_mean": 580.9231121957303,
      "signed_contribution_share": -0.11632668654924583,
      "magnitude_share": 0.11632668654924583,
      "active_rate": 1.0
    },
    "landing_proxy": {
      "episode_sum_mean": 4403.9891225457195,
      "episode_abs_sum_mean": 4403.9891225457195,
      "signed_contribution_share": 0.8818748152200467,
      "magnitude_share": 0.8818748152200467,
      "active_rate": 1.0
    },
    "orientation_penalty": {
      "episode_sum_mean": -6.370182004801063,
      "episode_abs_sum_mean": 6.370182004801063,
      "signed_contribution_share": -0.001275594221984522,
      "magnitude_share": 0.001275594221984522,
      "active_rate": 1.0
    },
    "velocity_penalty": {
      "episode_sum_mean": -2.611327057770993,
      "episode_abs_sum_mean": 2.611327057770993,
      "signed_contribution_share": -0.0005229040087228317,
      "magnitude_share": 0.0005229040087228317,
      "active_rate": 1.0
    }
  },
  "final_policy_component_error_count": 0
}