{
  "eval_episodes": 10,
  "episode_rewards": [
    -120.10336502211322,
    -108.7797548379396,
    -111.08811063207676,
    -117.36696461990147,
    -130.74661246230815,
    -124.07914894482107,
    -126.68987740023803,
    -117.88017008201419,
    -128.2882404691004,
    -113.75101510295093
  ],
  "episode_lengths": [
    76,
    81,
    61,
    83,
    74,
    78,
    80,
    76,
    74,
    51
  ],
  "mean_eval_reward": -119.87732595734639,
  "mean_episode_length": 73.4,
  "min_eval_reward": -130.74661246230815,
  "max_eval_reward": -108.7797548379396
}