{
  "eval_episodes": 20,
  "eval_seed_offset": 10000,
  "eval_seeds": [
    10000,
    10001,
    10002,
    10003,
    10004,
    10005,
    10006,
    10007,
    10008,
    10009,
    10010,
    10011,
    10012,
    10013,
    10014,
    10015,
    10016,
    10017,
    10018,
    10019
  ],
  "episode_rewards": [
    -109.4635048033108,
    -120.10336502211322,
    -108.33571269419551,
    -107.11093605835313,
    -112.5422305685309,
    -117.02084375523094,
    -123.98140427280534,
    -110.18649291803732,
    -119.79091111306334,
    -114.00000316067027,
    -97.65596999722811,
    -106.66909874117322,
    -124.77418769722243,
    -125.26348598964591,
    -103.79102505005059,
    -103.47875895363543,
    -111.80662566871285,
    -95.6385264284298,
    -102.67534790537749,
    -123.12960484749951
  ],
  "episode_lengths": [
    57,
    76,
    81,
    61,
    83,
    74,
    78,
    81,
    76,
    74,
    52,
    60,
    67,
    69,
    60,
    82,
    62,
    54,
    54,
    68
  ],
  "episode_terminated": [
    true,
    true,
    true,
    true,
    true,
    true,
    true,
    true,
    true,
    true,
    true,
    true,
    true,
    true,
    true,
    true,
    true,
    true,
    true,
    true
  ],
  "mean_eval_reward": -111.87090178226431,
  "mean_episode_length": 68.45,
  "min_eval_reward": -125.26348598964591,
  "max_eval_reward": -95.6385264284298,
  "termination_breakdown": {
    "terminated": 20,
    "truncated": 0
  }
}