{
  "eval_episodes": 10,
  "episode_rewards": [
    -39.08677991466403,
    118.00322903089432,
    -16.74926426435435,
    -48.823972923194766,
    3.340511275226455,
    25.55531472967302,
    0.037448507696453026,
    8.271413110143014,
    9.40212780925939,
    -28.995550039539108
  ],
  "episode_lengths": [
    1000,
    931,
    1000,
    1000,
    1000,
    1000,
    1000,
    1000,
    1000,
    1000
  ],
  "mean_eval_reward": 3.09544773211404,
  "mean_episode_length": 993.1,
  "min_eval_reward": -48.823972923194766,
  "max_eval_reward": 118.00322903089432
}