{
  "eval_episodes": 20,
  "eval_seed_offset": 10000,
  "eval_seeds": [
    10000,
    10001,
    10002,
    10003,
    10004,
    10005,
    10006,
    10007,
    10008,
    10009,
    10010,
    10011,
    10012,
    10013,
    10014,
    10015,
    10016,
    10017,
    10018,
    10019
  ],
  "episode_rewards": [
    268.76855853487035,
    271.03927631223706,
    271.28523608966265,
    269.11918500167747,
    270.78178864045157,
    267.7384181024253,
    270.988584428228,
    269.15081181512176,
    269.88378683660125,
    267.6848499489142,
    265.0607378381169,
    270.90677423663897,
    272.348825363098,
    269.0384484896881,
    267.76516372468086,
    270.2042955083589,
    271.0892425007964,
    272.6488744848578,
    269.5656169483338,
    268.63862545160964
  ],
  "episode_lengths": [
    1299,
    1262,
    1260,
    1273,
    1266,
    1308,
    1266,
    1297,
    1292,
    1302,
    1343,
    1266,
    1236,
    1272,
    1292,
    1276,
    1262,
    1250,
    1277,
    1288
  ],
  "episode_terminated": [
    true,
    true,
    true,
    true,
    true,
    true,
    true,
    true,
    true,
    true,
    true,
    true,
    true,
    true,
    true,
    true,
    true,
    true,
    true,
    true
  ],
  "mean_eval_reward": 269.68535501281843,
  "mean_episode_length": 1279.35,
  "min_eval_reward": 265.0607378381169,
  "max_eval_reward": 272.6488744848578,
  "termination_breakdown": {
    "terminated": 20,
    "truncated": 0
  }
}