{
  "eval_episodes": 10,
  "episode_rewards": [
    -106.71359004389976,
    -106.29366840221932,
    -113.17028102543297,
    -122.19045536375754,
    -112.16792318272076,
    -114.87189036295977,
    -108.44027205871751,
    -95.05909309317079,
    -102.45214088369909,
    -124.83957022608257
  ],
  "episode_lengths": [
    61,
    83,
    74,
    78,
    81,
    76,
    74,
    52,
    60,
    67
  ],
  "mean_eval_reward": -110.61988846426601,
  "mean_episode_length": 70.6,
  "min_eval_reward": -124.83957022608257,
  "max_eval_reward": -95.05909309317079
}