{
  "eval_episodes": 20,
  "eval_seed_offset": 10000,
  "eval_seeds": [
    10000,
    10001,
    10002,
    10003,
    10004,
    10005,
    10006,
    10007,
    10008,
    10009,
    10010,
    10011,
    10012,
    10013,
    10014,
    10015,
    10016,
    10017,
    10018,
    10019
  ],
  "episode_rewards": [
    -99.71206209458838,
    -84.94918062796907,
    -65.98765889467124,
    -118.25795638973875,
    -111.85899815287074,
    -121.59697930926649,
    -88.4375136576508,
    -93.96963514609823,
    -126.11991758583427,
    -82.82697279287446,
    -67.9302757750965,
    -76.2884706351985,
    -87.724308344797,
    -80.11040779923623,
    -100.42852122101925,
    -113.53323025620743,
    -123.89874165666326,
    -91.77411185989418,
    -98.95231987416084,
    -127.27184385493234
  ],
  "episode_lengths": [
    1000,
    1000,
    1000,
    1000,
    1000,
    1000,
    1000,
    1000,
    1000,
    1000,
    1000,
    1000,
    1000,
    1000,
    1000,
    1000,
    1000,
    1000,
    1000,
    1000
  ],
  "episode_terminated": [
    false,
    false,
    false,
    false,
    false,
    false,
    false,
    false,
    false,
    false,
    false,
    false,
    false,
    false,
    false,
    false,
    false,
    false,
    false,
    false
  ],
  "mean_eval_reward": -98.08145529643839,
  "mean_episode_length": 1000,
  "min_eval_reward": -127.27184385493234,
  "max_eval_reward": -65.98765889467124,
  "termination_breakdown": {
    "terminated": 0,
    "truncated": 20
  },
  "final_policy_component_evaluation": {
    "landing_proxy": {
      "episode_sum_mean": 0.0,
      "episode_abs_sum_mean": 0.0,
      "signed_contribution_share": 0.0,
      "magnitude_share": 0.0,
      "active_rate": 0.0
    },
    "progress_reward": {
      "episode_sum_mean": 0.8294220983375837,
      "episode_abs_sum_mean": 1.156108434303278,
      "signed_contribution_share": 0.0034450868293632495,
      "magnitude_share": 0.004802010880005405,
      "active_rate": 1.0
    },
    "proximity_reward": {
      "episode_sum_mean": 233.7141157800753,
      "episode_abs_sum_mean": 233.7141157800753,
      "signed_contribution_share": 0.9707547263619012,
      "magnitude_share": 0.9707547263619012,
      "active_rate": 1.0
    },
    "stability_penalty": {
      "episode_sum_mean": -5.884839277267764,
      "episode_abs_sum_mean": 5.884839277267764,
      "signed_contribution_share": -0.02444326275809337,
      "magnitude_share": 0.02444326275809337,
      "active_rate": 1.0
    }
  },
  "final_policy_component_error_count": 0
}