{
  "eval_episodes": 20,
  "eval_seed_offset": 10000,
  "eval_seeds": [
    10000,
    10001,
    10002,
    10003,
    10004,
    10005,
    10006,
    10007,
    10008,
    10009,
    10010,
    10011,
    10012,
    10013,
    10014,
    10015,
    10016,
    10017,
    10018,
    10019
  ],
  "episode_rewards": [
    303.48518278786526,
    304.06980794287205,
    305.23568267262476,
    303.62689852298433,
    306.1059215516472,
    304.73532034194153,
    305.16943942941407,
    305.18624071357516,
    305.8720863839555,
    305.3853781996496,
    304.81545141034616,
    306.11099894657696,
    304.50668529783576,
    304.944827496541,
    304.3561961276927,
    305.15572122955325,
    305.03238748044674,
    304.65630914109346,
    305.2223363560011,
    304.82629057764046
  ],
  "episode_lengths": [
    1138,
    1145,
    1105,
    1162,
    1087,
    1111,
    1100,
    1124,
    1110,
    1087,
    1125,
    1095,
    1126,
    1094,
    1124,
    1112,
    1114,
    1127,
    1120,
    1128
  ],
  "episode_terminated": [
    true,
    true,
    true,
    true,
    true,
    true,
    true,
    true,
    true,
    true,
    true,
    true,
    true,
    true,
    true,
    true,
    true,
    true,
    true,
    true
  ],
  "mean_eval_reward": 304.92495813051283,
  "mean_episode_length": 1116.7,
  "min_eval_reward": 303.48518278786526,
  "max_eval_reward": 306.11099894657696,
  "termination_breakdown": {
    "terminated": 20,
    "truncated": 0
  },
  "final_policy_component_evaluation": {
    "energy_penalty": {
      "episode_sum_mean": -67.63028534388722,
      "episode_abs_sum_mean": 67.63028534388722,
      "signed_contribution_share": -0.1153970909163021,
      "magnitude_share": 0.1153970909163021,
      "active_rate": 1.0
    },
    "forward_reward": {
      "episode_sum_mean": 504.32279920354284,
      "episode_abs_sum_mean": 504.36880593611477,
      "signed_contribution_share": 0.8605225250038869,
      "magnitude_share": 0.8606010259753728,
      "active_rate": 1.0
    },
    "stability_penalty": {
      "episode_sum_mean": -14.066682188583139,
      "episode_abs_sum_mean": 14.066682188583139,
      "signed_contribution_share": -0.024001883108325135,
      "magnitude_share": 0.024001883108325135,
      "active_rate": 1.0
    }
  },
  "final_policy_component_error_count": 0
}