{
  "eval_episodes": 20,
  "eval_seed_offset": 10000,
  "eval_seeds": [
    10000,
    10001,
    10002,
    10003,
    10004,
    10005,
    10006,
    10007,
    10008,
    10009,
    10010,
    10011,
    10012,
    10013,
    10014,
    10015,
    10016,
    10017,
    10018,
    10019
  ],
  "episode_rewards": [
    373.0688928117833,
    371.4498634085557,
    376.3781435360117,
    385.20440705280487,
    368.82960331696466,
    387.6306352539796,
    386.5344647514283,
    395.03387519063494,
    383.5259093595686,
    384.03911177941677,
    382.55366226227096,
    389.45250642342023,
    360.66305905027014,
    378.96422731984967,
    390.9955105472003,
    377.7238951913646,
    379.54844964693575,
    371.90466989532223,
    391.86544324443156,
    379.6327274889066
  ],
  "episode_lengths": [
    232,
    233,
    234,
    234,
    233,
    236,
    237,
    239,
    236,
    235,
    235,
    238,
    232,
    234,
    238,
    234,
    234,
    233,
    238,
    234
  ],
  "episode_terminated": [
    true,
    true,
    true,
    true,
    true,
    true,
    true,
    true,
    true,
    true,
    true,
    true,
    true,
    true,
    true,
    true,
    true,
    true,
    true,
    true
  ],
  "mean_eval_reward": 380.749952876556,
  "mean_episode_length": 234.95,
  "min_eval_reward": 360.66305905027014,
  "max_eval_reward": 395.03387519063494,
  "termination_breakdown": {
    "terminated": 20,
    "truncated": 0
  },
  "final_policy_component_evaluation": {
    "forward_stability_reward": {
      "episode_sum_mean": 136.63046428012294,
      "episode_abs_sum_mean": 138.24572799674868,
      "signed_contribution_share": 0.9096755501387428,
      "magnitude_share": 0.9204298567846467,
      "active_rate": 1.0
    },
    "stability_penalty": {
      "episode_sum_mean": -0.8116151156156381,
      "episode_abs_sum_mean": 0.8116151156156381,
      "signed_contribution_share": -0.0054036735561761836,
      "magnitude_share": 0.0054036735561761836,
      "active_rate": 1.0
    },
    "vertical_pushoff": {
      "episode_sum_mean": 11.13957518370751,
      "episode_abs_sum_mean": 11.13957518370751,
      "signed_contribution_share": 0.07416646965917709,
      "magnitude_share": 0.07416646965917709,
      "active_rate": 0.4071078952968717
    }
  },
  "final_policy_component_error_count": 0
}