{
  "eval_episodes": 20,
  "eval_seed_offset": 10000,
  "eval_seeds": [
    10000,
    10001,
    10002,
    10003,
    10004,
    10005,
    10006,
    10007,
    10008,
    10009,
    10010,
    10011,
    10012,
    10013,
    10014,
    10015,
    10016,
    10017,
    10018,
    10019
  ],
  "episode_rewards": [
    -39.698426330082526,
    -119.83908539713266,
    -122.19831099956735,
    -107.47479830915385,
    -106.1090351560552,
    -114.23534192708351,
    -70.19566838368124,
    -110.57330266790922,
    -115.3629002155231,
    -60.25509393229305,
    -14.849895790019787,
    -39.35632329126586,
    -55.381816464018385,
    -125.84419647229852,
    -50.246493473691466,
    -80.67278890626211,
    -26.795402164691055,
    -104.62176183200147,
    -38.82004439670675,
    -72.36672908555313
  ],
  "episode_lengths": [
    105,
    76,
    81,
    61,
    83,
    74,
    159,
    81,
    76,
    154,
    124,
    130,
    141,
    68,
    128,
    83,
    86,
    54,
    93,
    114
  ],
  "episode_terminated": [
    true,
    true,
    true,
    true,
    true,
    true,
    true,
    true,
    true,
    true,
    true,
    true,
    true,
    true,
    true,
    true,
    true,
    true,
    true,
    true
  ],
  "mean_eval_reward": -78.74487075974952,
  "mean_episode_length": 98.55,
  "min_eval_reward": -125.84419647229852,
  "max_eval_reward": -14.849895790019787,
  "termination_breakdown": {
    "terminated": 20,
    "truncated": 0
  },
  "final_policy_component_evaluation": {
    "contact_reward": {
      "episode_sum_mean": 20.919242906570435,
      "episode_abs_sum_mean": 20.919242906570435,
      "signed_contribution_share": 0.9268205930246276,
      "magnitude_share": 0.9268205930246276,
      "active_rate": 0.017250126839167934
    },
    "progress": {
      "episode_sum_mean": 1.3384837789961979,
      "episode_abs_sum_mean": 1.6517304447031336,
      "signed_contribution_share": 0.059301110243022544,
      "magnitude_share": 0.0731794069753724,
      "active_rate": 0.7280568239472349
    }
  },
  "final_policy_component_error_count": 0
}