{
  "eval_episodes": 20,
  "eval_seed_offset": 10000,
  "eval_seeds": [
    10000,
    10001,
    10002,
    10003,
    10004,
    10005,
    10006,
    10007,
    10008,
    10009,
    10010,
    10011,
    10012,
    10013,
    10014,
    10015,
    10016,
    10017,
    10018,
    10019
  ],
  "episode_rewards": [
    -107.13123052206511,
    -116.10122106750322,
    -104.90961358578994,
    -107.28994523931769,
    -107.14081307225732,
    -114.98973538455024,
    -94.14215345724455,
    -108.06410097328128,
    -116.48739138972067,
    -58.052384031663564,
    -81.77044978289933,
    -68.44035603905465,
    -93.93593973797635,
    -117.56079356645856,
    -103.57526481218338,
    -102.57201646814741,
    -108.80596859660582,
    -92.04583464869285,
    -81.81379372674354,
    -125.12354855019612
  ],
  "episode_lengths": [
    57,
    76,
    81,
    61,
    83,
    74,
    79,
    81,
    76,
    77,
    52,
    61,
    68,
    69,
    60,
    82,
    62,
    54,
    55,
    68
  ],
  "episode_terminated": [
    true,
    true,
    true,
    true,
    true,
    true,
    true,
    true,
    true,
    true,
    true,
    true,
    true,
    true,
    true,
    true,
    true,
    true,
    true,
    true
  ],
  "mean_eval_reward": -100.49762773261757,
  "mean_episode_length": 68.8,
  "min_eval_reward": -125.12354855019612,
  "max_eval_reward": -58.052384031663564,
  "termination_breakdown": {
    "terminated": 20,
    "truncated": 0
  },
  "final_policy_component_evaluation": {
    "progress_reward": {
      "episode_sum_mean": 1.1180532634271396,
      "episode_abs_sum_mean": 1.1591468089868626,
      "signed_contribution_share": 0.49012524522591466,
      "magnitude_share": 0.5081395784902566,
      "active_rate": 1.0
    },
    "soft_landing_proxy": {
      "episode_sum_mean": 0.175,
      "episode_abs_sum_mean": 0.175,
      "signed_contribution_share": 0.07671541304894601,
      "magnitude_share": 0.07671541304894601,
      "active_rate": 0.005087209302325582
    },
    "stability_penalty": {
      "episode_sum_mean": -0.9470114751814879,
      "episode_abs_sum_mean": 0.9470114751814879,
      "signed_contribution_share": -0.4151450084607973,
      "magnitude_share": 0.4151450084607973,
      "active_rate": 1.0
    }
  },
  "final_policy_component_error_count": 0
}