{
  "eval_episodes": 10,
  "episode_rewards": [
    -47.14105558364435,
    -13.658357457522001,
    -16.244178155772396,
    -54.175743365923786,
    -2.0708582260060364,
    -15.41396760656007,
    -16.873737205609647,
    -16.956050803452126,
    -7.327283811880605,
    -35.36247020409962
  ],
  "episode_lengths": [
    1000,
    1000,
    1000,
    1000,
    1000,
    1000,
    1000,
    1000,
    1000,
    1000
  ],
  "mean_eval_reward": -22.522370242047064,
  "mean_episode_length": 1000,
  "min_eval_reward": -54.175743365923786,
  "max_eval_reward": -2.0708582260060364
}