{
  "eval_episodes": 20,
  "eval_seed_offset": 10000,
  "eval_seeds": [
    10000,
    10001,
    10002,
    10003,
    10004,
    10005,
    10006,
    10007,
    10008,
    10009,
    10010,
    10011,
    10012,
    10013,
    10014,
    10015,
    10016,
    10017,
    10018,
    10019
  ],
  "episode_rewards": [
    -410.10086900041256,
    -646.6041772685799,
    -481.7389253432183,
    -458.10444056072004,
    -677.7453535632764,
    -652.6587972097204,
    -558.839950652972,
    -649.7787229696066,
    -683.5404283530595,
    -537.7052936438841,
    -313.3517596066265,
    -394.93320570864813,
    -495.17055550003147,
    -483.0349192997864,
    -435.92641793944944,
    -680.293932966223,
    -497.58729597462946,
    -382.8381400131385,
    -390.04099838398673,
    -543.7919826928393
  ],
  "episode_lengths": [
    54,
    65,
    70,
    58,
    71,
    66,
    69,
    67,
    68,
    68,
    52,
    56,
    65,
    65,
    57,
    70,
    58,
    54,
    52,
    62
  ],
  "episode_terminated": [
    true,
    true,
    true,
    true,
    true,
    true,
    true,
    true,
    true,
    true,
    true,
    true,
    true,
    true,
    true,
    true,
    true,
    true,
    true,
    true
  ],
  "mean_eval_reward": -518.6893083325405,
  "mean_episode_length": 62.35,
  "min_eval_reward": -683.5404283530595,
  "max_eval_reward": -313.3517596066265,
  "termination_breakdown": {
    "terminated": 20,
    "truncated": 0
  },
  "final_policy_component_evaluation": {
    "distance_reward": {
      "episode_sum_mean": -62.70767820510397,
      "episode_abs_sum_mean": 62.70767820510397,
      "signed_contribution_share": -0.9617028966846866,
      "magnitude_share": 0.9617028966846866,
      "active_rate": 1.0
    },
    "soft_landing_proxy": {
      "episode_sum_mean": 0.0,
      "episode_abs_sum_mean": 0.0,
      "signed_contribution_share": 0.0,
      "magnitude_share": 0.0,
      "active_rate": 0.0
    },
    "stability_penalty": {
      "episode_sum_mean": -2.4971562830507756,
      "episode_abs_sum_mean": 2.4971562830507756,
      "signed_contribution_share": -0.03829710331531345,
      "magnitude_share": 0.03829710331531345,
      "active_rate": 1.0
    }
  },
  "final_policy_component_error_count": 0
}