{
  "eval_episodes": 20,
  "eval_seed_offset": 10000,
  "eval_seeds": [
    10000,
    10001,
    10002,
    10003,
    10004,
    10005,
    10006,
    10007,
    10008,
    10009,
    10010,
    10011,
    10012,
    10013,
    10014,
    10015,
    10016,
    10017,
    10018,
    10019
  ],
  "episode_rewards": [
    -128.61124225519526,
    -118.17989146785516,
    -114.41040202201916,
    -112.04908007522258,
    -110.48381269158656,
    -118.1833290473613,
    -139.27624682640595,
    -114.57956756647431,
    -115.0721975824099,
    -162.4325075272685,
    -134.3648156482504,
    8.953175911766365,
    -157.24265175348683,
    -115.97521823769084,
    -122.30410652111584,
    -107.24500990786021,
    -116.36478770727237,
    -105.30378288520407,
    -112.03896595886411,
    -144.39876344372195
  ],
  "episode_lengths": [
    57,
    76,
    81,
    61,
    83,
    74,
    78,
    81,
    76,
    73,
    51,
    65,
    67,
    68,
    60,
    82,
    62,
    54,
    54,
    68
  ],
  "episode_terminated": [
    true,
    true,
    true,
    true,
    true,
    true,
    true,
    true,
    true,
    true,
    true,
    true,
    true,
    true,
    true,
    true,
    true,
    true,
    true,
    true
  ],
  "mean_eval_reward": -116.97816016067495,
  "mean_episode_length": 68.55,
  "min_eval_reward": -162.4325075272685,
  "max_eval_reward": 8.953175911766365,
  "termination_breakdown": {
    "terminated": 20,
    "truncated": 0
  },
  "final_policy_component_evaluation": {
    "contact_reward": {
      "episode_sum_mean": 1.5909698009490967,
      "episode_abs_sum_mean": 1.5909698009490967,
      "signed_contribution_share": 0.01647569650222314,
      "magnitude_share": 0.01647569650222314,
      "active_rate": 0.010211524434719184
    },
    "goal_proximity": {
      "episode_sum_mean": -77.2987862658687,
      "episode_abs_sum_mean": 77.2987862658687,
      "signed_contribution_share": -0.800487439640229,
      "magnitude_share": 0.800487439640229,
      "active_rate": 1.0
    },
    "orientation_penalty": {
      "episode_sum_mean": -0.41849905487651995,
      "episode_abs_sum_mean": 0.41849905487651995,
      "signed_contribution_share": -0.004333874477378203,
      "magnitude_share": 0.004333874477378203,
      "active_rate": 1.0
    },
    "velocity_penalty": {
      "episode_sum_mean": -17.256390915237716,
      "episode_abs_sum_mean": 17.256390915237716,
      "signed_contribution_share": -0.17870298938016976,
      "magnitude_share": 0.17870298938016976,
      "active_rate": 1.0
    }
  },
  "final_policy_component_error_count": 0
}