{
  "eval_episodes": 20,
  "eval_seed_offset": 10000,
  "eval_seeds": [
    10000,
    10001,
    10002,
    10003,
    10004,
    10005,
    10006,
    10007,
    10008,
    10009,
    10010,
    10011,
    10012,
    10013,
    10014,
    10015,
    10016,
    10017,
    10018,
    10019
  ],
  "episode_rewards": [
    -246.67084582698072,
    -301.1613163614139,
    -349.58218088774606,
    -273.3814618441811,
    -301.6605036512605,
    -289.0610929302767,
    -223.94674634558163,
    -310.0025839862847,
    -288.45226635443555,
    -210.92607514437444,
    -160.4890045662242,
    -171.2926154789687,
    -241.0298522260873,
    -252.67098460559836,
    -234.8043544582721,
    -259.4557635606827,
    -233.3581778515824,
    -226.69467696374576,
    -228.70823345976606,
    -227.75203106319864
  ],
  "episode_lengths": [
    60,
    81,
    87,
    62,
    83,
    75,
    84,
    85,
    76,
    83,
    66,
    69,
    77,
    82,
    63,
    82,
    64,
    61,
    55,
    71
  ],
  "episode_terminated": [
    true,
    true,
    true,
    true,
    true,
    true,
    true,
    true,
    true,
    true,
    true,
    true,
    true,
    true,
    true,
    true,
    true,
    true,
    true,
    true
  ],
  "mean_eval_reward": -251.55503837833308,
  "mean_episode_length": 73.3,
  "min_eval_reward": -349.58218088774606,
  "max_eval_reward": -160.4890045662242,
  "termination_breakdown": {
    "terminated": 20,
    "truncated": 0
  }
}