{
  "eval_episodes": 10,
  "episode_rewards": [
    128.02531922318724,
    136.4985000210596,
    122.04102180151472,
    152.70504146486698,
    150.4585752502211,
    122.45556908425193,
    163.0787484486591,
    181.9044058383401,
    165.39698109113564,
    156.85154275316242
  ],
  "episode_lengths": [
    1000,
    1000,
    1000,
    1000,
    1000,
    1000,
    1000,
    1000,
    1000,
    1000
  ],
  "mean_eval_reward": 147.94157049763987,
  "mean_episode_length": 1000,
  "min_eval_reward": 122.04102180151472,
  "max_eval_reward": 181.9044058383401
}