{
  "eval_episodes": 10,
  "episode_rewards": [
    174.13112191430773,
    121.65504586237294,
    130.73959420562895,
    118.08906296906261,
    146.34187436133155,
    151.9403490274294,
    115.72165657144005,
    157.94093929870468,
    167.75514460161907,
    154.13148691801595
  ],
  "episode_lengths": [
    1000,
    1000,
    1000,
    1000,
    1000,
    1000,
    1000,
    1000,
    1000,
    1000
  ],
  "mean_eval_reward": 143.8446275729913,
  "mean_episode_length": 1000,
  "min_eval_reward": 115.72165657144005,
  "max_eval_reward": 174.13112191430773
}