{
  "eval_episodes": 10,
  "episode_rewards": [
    -108.7797548379396,
    -111.08811063207676,
    -110.58118630239031,
    -130.74661246230815,
    -121.72207362436362,
    -109.34975068766829,
    -117.88017008201419,
    -128.2882404691004,
    -113.75101510295093,
    -98.05724253030002
  ],
  "episode_lengths": [
    81,
    61,
    83,
    74,
    78,
    81,
    76,
    74,
    51,
    60
  ],
  "mean_eval_reward": -115.02441567311122,
  "mean_episode_length": 71.9,
  "min_eval_reward": -130.74661246230815,
  "max_eval_reward": -98.05724253030002
}