{
  "eval_episodes": 10,
  "episode_rewards": [
    -99.18617864702526,
    -107.11093605835313,
    -106.18023398438811,
    -114.97243053786374,
    -124.02259994096804,
    -108.07199838459309,
    -119.79091111306334,
    -124.63149235994933,
    -97.71049466985625,
    -108.7734591155552
  ],
  "episode_lengths": [
    81,
    61,
    83,
    74,
    78,
    81,
    76,
    74,
    52,
    60
  ],
  "mean_eval_reward": -111.04507348116155,
  "mean_episode_length": 72,
  "min_eval_reward": -124.63149235994933,
  "max_eval_reward": -97.71049466985625
}