{
  "eval_episodes": 20,
  "eval_seed_offset": 10000,
  "eval_seeds": [
    10000,
    10001,
    10002,
    10003,
    10004,
    10005,
    10006,
    10007,
    10008,
    10009,
    10010,
    10011,
    10012,
    10013,
    10014,
    10015,
    10016,
    10017,
    10018,
    10019
  ],
  "episode_rewards": [
    24.283067216463976,
    -26.448739473015024,
    -39.13129170562628,
    9.956837427594024,
    24.13729733756682,
    39.271740434619744,
    -43.685315077381006,
    -41.17382930379674,
    -0.6944609055980493,
    -7.211203629590202,
    -62.00864143221479,
    -31.843645124325363,
    -47.39231794940437,
    -81.29842181745286,
    226.11067392929925,
    41.47273406132601,
    43.91195986735798,
    -3.7486836862471193,
    26.344793429711814,
    -38.385375798991575
  ],
  "episode_lengths": [
    108,
    105,
    102,
    106,
    124,
    118,
    127,
    102,
    118,
    121,
    122,
    102,
    116,
    126,
    220,
    126,
    107,
    84,
    100,
    120
  ],
  "episode_terminated": [
    true,
    true,
    true,
    true,
    true,
    true,
    true,
    true,
    true,
    true,
    true,
    true,
    true,
    true,
    true,
    true,
    true,
    true,
    true,
    true
  ],
  "mean_eval_reward": 0.623358890014812,
  "mean_episode_length": 117.7,
  "min_eval_reward": -81.29842181745286,
  "max_eval_reward": 226.11067392929925,
  "termination_breakdown": {
    "terminated": 20,
    "truncated": 0
  },
  "final_policy_component_evaluation": {
    "angle_penalty": {
      "episode_sum_mean": -1.1519761788115521,
      "episode_abs_sum_mean": 1.1519761788115521,
      "signed_contribution_share": -0.43254165061488364,
      "magnitude_share": 0.43254165061488364,
      "active_rate": 1.0
    },
    "landing_quality_reward": {
      "episode_sum_mean": 0.20888405925761683,
      "episode_abs_sum_mean": 0.20888405925761683,
      "signed_contribution_share": 0.0784313577314058,
      "magnitude_share": 0.0784313577314058,
      "active_rate": 0.004248088360237893
    },
    "potential_diff": {
      "episode_sum_mean": 1.07339353667479,
      "episode_abs_sum_mean": 1.3024120206230279,
      "signed_contribution_share": 0.40303560147541256,
      "magnitude_share": 0.4890269916537106,
      "active_rate": 1.0
    }
  },
  "final_policy_component_error_count": 0
}