{
  "eval_episodes": 20,
  "eval_seed_offset": 10000,
  "eval_seeds": [
    10000,
    10001,
    10002,
    10003,
    10004,
    10005,
    10006,
    10007,
    10008,
    10009,
    10010,
    10011,
    10012,
    10013,
    10014,
    10015,
    10016,
    10017,
    10018,
    10019
  ],
  "episode_rewards": [
    -118.69017714504989,
    -120.10336502211322,
    -108.33571269419551,
    -111.76395317672305,
    -113.02442510284399,
    -130.74661246230815,
    -115.19926096320336,
    -108.07199838459309,
    -119.79091111306334,
    -112.6580984781962,
    -113.75101510295093,
    -98.05724253030002,
    -124.83957022608257,
    -118.52813722768434,
    -116.38033724770338,
    -109.45262553543154,
    -111.80662566871285,
    -97.00036921146767,
    -111.02888515715506,
    -141.58236723614857
  ],
  "episode_lengths": [
    57,
    76,
    81,
    61,
    83,
    74,
    79,
    81,
    76,
    74,
    51,
    60,
    67,
    69,
    60,
    82,
    62,
    54,
    54,
    68
  ],
  "episode_terminated": [
    true,
    true,
    true,
    true,
    true,
    true,
    true,
    true,
    true,
    true,
    true,
    true,
    true,
    true,
    true,
    true,
    true,
    true,
    true,
    true
  ],
  "mean_eval_reward": -115.04058448429633,
  "mean_episode_length": 68.45,
  "min_eval_reward": -141.58236723614857,
  "max_eval_reward": -97.00036921146767,
  "termination_breakdown": {
    "terminated": 20,
    "truncated": 0
  },
  "final_policy_component_evaluation": {
    "orientation_penalty": {
      "episode_sum_mean": -1.765679167586031,
      "episode_abs_sum_mean": 1.765679167586031,
      "signed_contribution_share": -0.04206897893568096,
      "magnitude_share": 0.04206897893568096,
      "active_rate": 1.0
    },
    "proximity_reward": {
      "episode_sum_mean": -33.259243224095556,
      "episode_abs_sum_mean": 33.259243224095556,
      "signed_contribution_share": -0.792432978933582,
      "magnitude_share": 0.792432978933582,
      "active_rate": 1.0
    },
    "success_reward": {
      "episode_sum_mean": 4.465227035759017,
      "episode_abs_sum_mean": 4.465227035759017,
      "signed_contribution_share": 0.1063882643907484,
      "magnitude_share": 0.1063882643907484,
      "active_rate": 0.017531044558071585
    },
    "velocity_penalty": {
      "episode_sum_mean": -2.4808993656753042,
      "episode_abs_sum_mean": 2.4808993656753042,
      "signed_contribution_share": -0.05910977773998875,
      "magnitude_share": 0.05910977773998875,
      "active_rate": 0.997808619430241
    }
  },
  "final_policy_component_error_count": 0
}