{
  "eval_episodes": 20,
  "eval_seed_offset": 10000,
  "eval_seeds": [
    10000,
    10001,
    10002,
    10003,
    10004,
    10005,
    10006,
    10007,
    10008,
    10009,
    10010,
    10011,
    10012,
    10013,
    10014,
    10015,
    10016,
    10017,
    10018,
    10019
  ],
  "episode_rewards": [
    174.73949260835522,
    148.82432462033208,
    179.3357889659005,
    127.23818855252793,
    179.16275300169175,
    166.00192669422347,
    177.67396778828052,
    140.9388710493911,
    174.63458774474066,
    197.85743501570778,
    110.53761743804682,
    201.27922680386888,
    -62.74420645241542,
    -70.66899478158342,
    174.3194840324299,
    174.96122905619018,
    -90.28124547199977,
    173.02476455977384,
    178.2351097953814,
    157.65736801038824
  ],
  "episode_lengths": [
    557,
    744,
    661,
    782,
    695,
    677,
    602,
    691,
    665,
    599,
    710,
    640,
    463,
    649,
    642,
    662,
    595,
    588,
    631,
    703
  ],
  "episode_terminated": [
    true,
    true,
    true,
    true,
    true,
    true,
    true,
    true,
    true,
    true,
    true,
    true,
    true,
    true,
    true,
    true,
    true,
    true,
    true,
    true
  ],
  "mean_eval_reward": 130.63638445156158,
  "mean_episode_length": 647.8,
  "min_eval_reward": -90.28124547199977,
  "max_eval_reward": 201.27922680386888,
  "termination_breakdown": {
    "terminated": 20,
    "truncated": 0
  },
  "final_policy_component_evaluation": {
    "angle_penalty": {
      "episode_sum_mean": -0.21020168925330782,
      "episode_abs_sum_mean": 0.21020168925330782,
      "signed_contribution_share": -0.00011493290519705998,
      "magnitude_share": 0.00011493290519705998,
      "active_rate": 1.0
    },
    "angvel_penalty": {
      "episode_sum_mean": -0.034771349833271833,
      "episode_abs_sum_mean": 0.034771349833271833,
      "signed_contribution_share": -1.9012084385037122e-05,
      "magnitude_share": 1.9012084385037122e-05,
      "active_rate": 0.977462179685088
    },
    "contact_reward": {
      "episode_sum_mean": 171.2,
      "episode_abs_sum_mean": 171.2,
      "signed_contribution_share": 0.09360777945996944,
      "magnitude_share": 0.09360777945996944,
      "active_rate": 0.07548626119172584
    },
    "distance_progress": {
      "episode_sum_mean": 2.4271771733183414,
      "episode_abs_sum_mean": 2.4271771733183414,
      "signed_contribution_share": 0.0013271183735412112,
      "magnitude_share": 0.0013271183735412112,
      "active_rate": 0.8850725532571782
    },
    "landing_bonus": {
      "episode_sum_mean": 1655.0356712065636,
      "episode_abs_sum_mean": 1655.0356712065636,
      "signed_contribution_share": 0.9049311571769072,
      "magnitude_share": 0.9049311571769072,
      "active_rate": 0.02840382834208089
    }
  },
  "final_policy_component_error_count": 0
}