{
  "eval_episodes": 10,
  "episode_rewards": [
    -108.33571269419551,
    -107.11093605835313,
    -108.51036103713281,
    -118.30400181335824,
    -124.07914894482107,
    -108.46072830712629,
    -119.79091111306334,
    -112.6580984781962,
    -95.05909309317079,
    -114.47064776115087
  ],
  "episode_lengths": [
    81,
    61,
    83,
    74,
    78,
    81,
    76,
    74,
    52,
    59
  ],
  "mean_eval_reward": -111.67796393005682,
  "mean_episode_length": 71.9,
  "min_eval_reward": -124.07914894482107,
  "max_eval_reward": -95.05909309317079
}