{
  "eval_episodes": 10,
  "episode_rewards": [
    169.68060441405325,
    119.8724678451135,
    129.3983846264202,
    116.57341496422458,
    150.65770781407994,
    145.77587873653744,
    115.2341305850872,
    160.5937148231369,
    176.83994446994987,
    161.263209047315
  ],
  "episode_lengths": [
    1000,
    1000,
    1000,
    1000,
    1000,
    1000,
    1000,
    1000,
    1000,
    1000
  ],
  "mean_eval_reward": 144.58894573259178,
  "mean_episode_length": 1000,
  "min_eval_reward": 115.2341305850872,
  "max_eval_reward": 176.83994446994987
}