{
  "eval_episodes": 20,
  "eval_seed_offset": 10000,
  "eval_seeds": [
    10000,
    10001,
    10002,
    10003,
    10004,
    10005,
    10006,
    10007,
    10008,
    10009,
    10010,
    10011,
    10012,
    10013,
    10014,
    10015,
    10016,
    10017,
    10018,
    10019
  ],
  "episode_rewards": [
    -114.29605053362673,
    -123.80389817804661,
    -118.60159953863283,
    -122.83347125192714,
    -132.61244339651853,
    -136.391793805012,
    -128.51023637869065,
    -130.0499678948665,
    -151.3350033926734,
    -126.40548073856542,
    -97.74342316060651,
    -98.05724253030002,
    -129.29077369942777,
    -134.14099434508347,
    -110.96746571755816,
    -110.63283231780022,
    -111.80662566871285,
    -106.29455242691608,
    -106.40981419007113,
    -142.9974283118305
  ],
  "episode_lengths": [
    57,
    76,
    81,
    61,
    83,
    74,
    78,
    80,
    75,
    74,
    52,
    60,
    67,
    69,
    60,
    82,
    62,
    54,
    54,
    68
  ],
  "episode_terminated": [
    true,
    true,
    true,
    true,
    true,
    true,
    true,
    true,
    true,
    true,
    true,
    true,
    true,
    true,
    true,
    true,
    true,
    true,
    true,
    true
  ],
  "mean_eval_reward": -121.65905487384333,
  "mean_episode_length": 68.35,
  "min_eval_reward": -151.3350033926734,
  "max_eval_reward": -97.74342316060651,
  "termination_breakdown": {
    "terminated": 20,
    "truncated": 0
  },
  "final_policy_component_evaluation": {
    "engine_efficiency": {
      "episode_sum_mean": -0.19,
      "episode_abs_sum_mean": 0.19,
      "signed_contribution_share": -0.002719584995620265,
      "magnitude_share": 0.002719584995620265,
      "active_rate": 0.027798098024871983
    },
    "orientation_penalty": {
      "episode_sum_mean": -1.231779996148448,
      "episode_abs_sum_mean": 1.231779996148448,
      "signed_contribution_share": -0.017631212607528986,
      "magnitude_share": 0.017631212607528986,
      "active_rate": 1.0
    },
    "progress_to_goal": {
      "episode_sum_mean": -66.53844882119446,
      "episode_abs_sum_mean": 66.53844882119446,
      "signed_contribution_share": -0.9524050897156179,
      "magnitude_share": 0.9524050897156179,
      "active_rate": 1.0
    },
    "successful_settle_proxy": {
      "episode_sum_mean": 1.903371807746589,
      "episode_abs_sum_mean": 1.903371807746589,
      "signed_contribution_share": 0.027244112681232863,
      "magnitude_share": 0.027244112681232863,
      "active_rate": 0.03145574250182882
    }
  },
  "final_policy_component_error_count": 0
}