{
  "eval_episodes": 20,
  "eval_seed_offset": 10000,
  "eval_seeds": [
    10000,
    10001,
    10002,
    10003,
    10004,
    10005,
    10006,
    10007,
    10008,
    10009,
    10010,
    10011,
    10012,
    10013,
    10014,
    10015,
    10016,
    10017,
    10018,
    10019
  ],
  "episode_rewards": [
    -98.10341331436473,
    -116.80281125067992,
    -108.35393816107222,
    -105.97947370425145,
    -106.49265785561838,
    -113.42278668801407,
    -121.92717987840923,
    -111.37723175904559,
    -115.48874300785835,
    -110.14026124420597,
    -97.41687628682789,
    -101.06602201437198,
    -122.7863438400662,
    -115.97405241698105,
    -105.63348118704988,
    -101.68941703516991,
    -107.8676348862583,
    -101.75040870916092,
    -90.37846369421254,
    -125.43513337436721
  ],
  "episode_lengths": [
    57,
    76,
    81,
    61,
    83,
    74,
    78,
    81,
    76,
    74,
    52,
    60,
    67,
    69,
    60,
    82,
    62,
    54,
    54,
    68
  ],
  "episode_terminated": [
    true,
    true,
    true,
    true,
    true,
    true,
    true,
    true,
    true,
    true,
    true,
    true,
    true,
    true,
    true,
    true,
    true,
    true,
    true,
    true
  ],
  "mean_eval_reward": -108.90431651539929,
  "mean_episode_length": 68.45,
  "min_eval_reward": -125.43513337436721,
  "max_eval_reward": -90.37846369421254,
  "termination_breakdown": {
    "terminated": 20,
    "truncated": 0
  },
  "final_policy_component_evaluation": {
    "progress_delta": {
      "episode_sum_mean": 1.1204621660919236,
      "episode_abs_sum_mean": 1.1603269550919364,
      "signed_contribution_share": 0.10498213199269127,
      "magnitude_share": 0.10871727867350904,
      "active_rate": 1.0
    },
    "soft_landing_proxy": {
      "episode_sum_mean": 0.15,
      "episode_abs_sum_mean": 0.15,
      "signed_contribution_share": 0.014054307477269845,
      "magnitude_share": 0.014054307477269845,
      "active_rate": 0.004382761139517896
    },
    "stability_penalty": {
      "episode_sum_mean": -9.362557514142589,
      "episode_abs_sum_mean": 9.362557514142589,
      "signed_contribution_share": -0.8772284138492211,
      "magnitude_share": 0.8772284138492211,
      "active_rate": 1.0
    }
  },
  "final_policy_component_error_count": 0
}