{
  "eval_episodes": 10,
  "episode_rewards": [
    149.5634398365124,
    163.39246522248132,
    190.3426064855217,
    133.8568765101945,
    142.7949622359737,
    130.63050578751205,
    157.52187149808142,
    158.59681777365338,
    128.34512631077527,
    168.71622098301813
  ],
  "episode_lengths": [
    1000,
    1000,
    1000,
    1000,
    1000,
    1000,
    1000,
    1000,
    1000,
    1000
  ],
  "mean_eval_reward": 152.37608926437238,
  "mean_episode_length": 1000,
  "min_eval_reward": 128.34512631077527,
  "max_eval_reward": 190.3426064855217
}