{
  "eval_episodes": 20,
  "eval_seed_offset": 10000,
  "eval_seeds": [
    10000,
    10001,
    10002,
    10003,
    10004,
    10005,
    10006,
    10007,
    10008,
    10009,
    10010,
    10011,
    10012,
    10013,
    10014,
    10015,
    10016,
    10017,
    10018,
    10019
  ],
  "episode_rewards": [
    -9.726969061585407,
    -188.0581175013495,
    -176.63284090883232,
    -17.06923200345196,
    -11.87869040315401,
    -203.9433814089547,
    -202.1518013998227,
    -164.77690631355148,
    -198.2547349663031,
    -83.82752763305764,
    -88.18322994317145,
    -255.02955758692363,
    -126.14881169528032,
    -191.2282903015561,
    7.874620575245885,
    -196.36581372802823,
    0.5062460482174487,
    -132.73306523374112,
    -184.43808035801675,
    4.661142305695904
  ],
  "episode_lengths": [
    63,
    76,
    81,
    79,
    97,
    73,
    99,
    83,
    75,
    79,
    58,
    87,
    72,
    69,
    76,
    81,
    79,
    56,
    89,
    85
  ],
  "episode_terminated": [
    true,
    true,
    true,
    true,
    true,
    true,
    true,
    true,
    true,
    true,
    true,
    true,
    true,
    true,
    true,
    true,
    true,
    true,
    true,
    true
  ],
  "mean_eval_reward": -120.87025207588106,
  "mean_episode_length": 77.85,
  "min_eval_reward": -255.02955758692363,
  "max_eval_reward": 7.874620575245885,
  "termination_breakdown": {
    "terminated": 20,
    "truncated": 0
  }
}