{
  "eval_episodes": 10,
  "episode_rewards": [
    29.6995804834426,
    -26.557253596874283,
    -21.95610280880614,
    -26.450014676152477,
    3.8529200240022714,
    1.9027842722955561,
    -37.71249850037982,
    8.966244723155862,
    6.40911776835232,
    7.0144407444689145
  ],
  "episode_lengths": [
    1000,
    1000,
    1000,
    1000,
    1000,
    1000,
    1000,
    1000,
    1000,
    1000
  ],
  "mean_eval_reward": -5.48307815664952,
  "mean_episode_length": 1000,
  "min_eval_reward": -37.71249850037982,
  "max_eval_reward": 29.6995804834426
}