{
  "eval_episodes": 20,
  "eval_seed_offset": 10000,
  "eval_seeds": [
    10000,
    10001,
    10002,
    10003,
    10004,
    10005,
    10006,
    10007,
    10008,
    10009,
    10010,
    10011,
    10012,
    10013,
    10014,
    10015,
    10016,
    10017,
    10018,
    10019
  ],
  "episode_rewards": [
    -72.78046377415988,
    -62.38776317405412,
    -22.097442200248818,
    -67.54305857952396,
    -65.96613184144212,
    -79.14886329343945,
    -48.03140048975167,
    -45.57930386591713,
    -85.19394332900276,
    -43.95357499714998,
    -22.078097686042533,
    -32.46343438382521,
    -34.8706762842296,
    -28.21589525622962,
    -56.15355030966021,
    -72.02885229108843,
    -96.1429577170045,
    -45.83446921067185,
    -58.07008905587142,
    -83.24410208470084
  ],
  "episode_lengths": [
    1000,
    1000,
    1000,
    1000,
    1000,
    1000,
    1000,
    1000,
    1000,
    1000,
    1000,
    1000,
    1000,
    1000,
    1000,
    1000,
    1000,
    1000,
    1000,
    1000
  ],
  "episode_terminated": [
    false,
    false,
    false,
    false,
    false,
    false,
    false,
    false,
    false,
    false,
    false,
    false,
    false,
    false,
    false,
    false,
    false,
    false,
    false,
    false
  ],
  "mean_eval_reward": -56.089203491200706,
  "mean_episode_length": 1000,
  "min_eval_reward": -96.1429577170045,
  "max_eval_reward": -22.078097686042533,
  "termination_breakdown": {
    "terminated": 0,
    "truncated": 20
  },
  "final_policy_component_evaluation": {
    "approach_proximity": {
      "episode_sum_mean": 584.898316679895,
      "episode_abs_sum_mean": 584.898316679895,
      "signed_contribution_share": 0.9944735758200809,
      "magnitude_share": 0.9944735758200809,
      "active_rate": 1.0
    },
    "contact_reward": {
      "episode_sum_mean": 0.0,
      "episode_abs_sum_mean": 0.0,
      "signed_contribution_share": 0.0,
      "magnitude_share": 0.0,
      "active_rate": 0.0
    },
    "soft_landing_velocity": {
      "episode_sum_mean": -2.8746687714984316,
      "episode_abs_sum_mean": 2.8746687714984316,
      "signed_contribution_share": -0.004887656625031677,
      "magnitude_share": 0.004887656625031677,
      "active_rate": 1.0
    },
    "upright_stabilization": {
      "episode_sum_mean": -0.37569029151451294,
      "episode_abs_sum_mean": 0.37569029151451294,
      "signed_contribution_share": -0.0006387675548873207,
      "magnitude_share": 0.0006387675548873207,
      "active_rate": 1.0
    }
  },
  "final_policy_component_error_count": 0
}