{
  "eval_episodes": 20,
  "eval_seed_offset": 10000,
  "eval_seeds": [
    10000,
    10001,
    10002,
    10003,
    10004,
    10005,
    10006,
    10007,
    10008,
    10009,
    10010,
    10011,
    10012,
    10013,
    10014,
    10015,
    10016,
    10017,
    10018,
    10019
  ],
  "episode_rewards": [
    101.93218263983232,
    289.2903716411392,
    289.5675292232894,
    290.2066401797061,
    290.4882790661678,
    288.99351143780086,
    15.918748144822231,
    284.81588351436403,
    290.3696336450349,
    289.52523604819027,
    289.30290500758804,
    287.88718298906934,
    286.5330972874811,
    289.56390667113646,
    290.1506802309418,
    288.3128294408615,
    290.3936911464199,
    288.0874401051571,
    289.92886140136187,
    289.65854120188703
  ],
  "episode_lengths": [
    854,
    1192,
    1191,
    1190,
    1167,
    1189,
    492,
    1276,
    1168,
    1184,
    1199,
    1216,
    1233,
    1188,
    1174,
    1209,
    1182,
    1215,
    1183,
    1172
  ],
  "episode_terminated": [
    true,
    true,
    true,
    true,
    true,
    true,
    true,
    true,
    true,
    true,
    true,
    true,
    true,
    true,
    true,
    true,
    true,
    true,
    true,
    true
  ],
  "mean_eval_reward": 266.0463575511126,
  "mean_episode_length": 1143.7,
  "min_eval_reward": 15.918748144822231,
  "max_eval_reward": 290.4882790661678,
  "termination_breakdown": {
    "terminated": 20,
    "truncated": 0
  },
  "final_policy_component_evaluation": {
    "forward_velocity": {
      "episode_sum_mean": 670.4646998974567,
      "episode_abs_sum_mean": 670.7401667502191,
      "signed_contribution_share": 0.6929615097065513,
      "magnitude_share": 0.6932462195894036,
      "active_rate": 1.0
    },
    "gait_alternation": {
      "episode_sum_mean": 163.64999999999904,
      "episode_abs_sum_mean": 163.64999999999904,
      "signed_contribution_share": 0.16914112119671737,
      "magnitude_share": 0.16914112119671737,
      "active_rate": 0.7154411121797675
    },
    "instability_penalty": {
      "episode_sum_mean": -133.04217250457222,
      "episode_abs_sum_mean": 133.14510109081766,
      "signed_contribution_share": -0.1375062769561293,
      "magnitude_share": 0.13761265921387905,
      "active_rate": 1.0
    }
  },
  "final_policy_component_error_count": 0
}