{
  "eval_episodes": 20,
  "eval_seed_offset": 10000,
  "eval_seeds": [
    10000,
    10001,
    10002,
    10003,
    10004,
    10005,
    10006,
    10007,
    10008,
    10009,
    10010,
    10011,
    10012,
    10013,
    10014,
    10015,
    10016,
    10017,
    10018,
    10019
  ],
  "episode_rewards": [
    -22.464665983989967,
    10.829471684132129,
    -27.568112883567252,
    -34.28608813938391,
    -38.31280084560945,
    -31.83676049064857,
    -5.7670708173173955,
    -13.278339690647062,
    125.93109084939711,
    14.34083680141383,
    40.906313857059786,
    3.4890703907872074,
    -18.434463715845624,
    15.80565432128859,
    -26.908272043839652,
    -20.099967791011263,
    -44.492713841272426,
    -12.96878707851398,
    -33.48699033415761,
    -33.59274231262858
  ],
  "episode_lengths": [
    1000,
    1000,
    110,
    1000,
    1000,
    1000,
    1000,
    1000,
    822,
    1000,
    256,
    1000,
    193,
    1000,
    1000,
    1000,
    1000,
    1000,
    1000,
    1000
  ],
  "episode_terminated": [
    false,
    false,
    true,
    false,
    false,
    false,
    false,
    false,
    true,
    false,
    true,
    false,
    true,
    false,
    false,
    false,
    false,
    false,
    false,
    false
  ],
  "mean_eval_reward": -7.609766903217705,
  "mean_episode_length": 869.05,
  "min_eval_reward": -44.492713841272426,
  "max_eval_reward": 125.93109084939711,
  "termination_breakdown": {
    "terminated": 4,
    "truncated": 16
  },
  "final_policy_component_evaluation": {
    "orientation_penalty": {
      "episode_sum_mean": -0.42037681282802053,
      "episode_abs_sum_mean": 0.42037681282802053,
      "signed_contribution_share": -0.006267946130775847,
      "magnitude_share": 0.006267946130775847,
      "active_rate": 1.0
    },
    "proximity_reward": {
      "episode_sum_mean": -51.78460316373967,
      "episode_abs_sum_mean": 51.78460316373967,
      "signed_contribution_share": -0.7721241827072756,
      "magnitude_share": 0.7721241827072756,
      "active_rate": 1.0
    },
    "safe_contact_bonus": {
      "episode_sum_mean": 9.944488521339371,
      "episode_abs_sum_mean": 9.944488521339371,
      "signed_contribution_share": 0.14827534832510908,
      "magnitude_share": 0.14827534832510908,
      "active_rate": 0.006789022495828779
    },
    "velocity_penalty": {
      "episode_sum_mean": -4.918244602554171,
      "episode_abs_sum_mean": 4.918244602554171,
      "signed_contribution_share": -0.07333252283683946,
      "magnitude_share": 0.07333252283683946,
      "active_rate": 0.9992520568436799
    }
  },
  "final_policy_component_error_count": 0
}