{
  "eval_episodes": 10,
  "episode_rewards": [
    89.00476580905446,
    79.43498750589711,
    114.21322259833359,
    117.2879807502551,
    74.60050295496117,
    109.89016758918176,
    128.6574295846521,
    115.38519949801908,
    120.00554110935771,
    122.34381836008404
  ],
  "episode_lengths": [
    1000,
    1000,
    1000,
    1000,
    1000,
    1000,
    1000,
    1000,
    1000,
    1000
  ],
  "mean_eval_reward": 107.08236157597962,
  "mean_episode_length": 1000,
  "min_eval_reward": 74.60050295496117,
  "max_eval_reward": 128.6574295846521
}