{
  "eval_episodes": 10,
  "episode_rewards": [
    -26.567651150425295,
    -26.414771269218964,
    -26.51141832815981,
    -26.564871576083203,
    -26.54836657965241,
    -26.457036939696078,
    -26.518680177497963,
    -26.42735445483823,
    -26.54352273180463,
    -26.513982192434348
  ],
  "episode_lengths": [
    1600,
    1600,
    1600,
    1600,
    1600,
    1600,
    1600,
    1600,
    1600,
    1600
  ],
  "mean_eval_reward": -26.506765539981092,
  "mean_episode_length": 1600,
  "min_eval_reward": -26.567651150425295,
  "max_eval_reward": -26.414771269218964
}