{
  "eval_episodes": 20,
  "eval_seed_offset": 10000,
  "eval_seeds": [
    10000,
    10001,
    10002,
    10003,
    10004,
    10005,
    10006,
    10007,
    10008,
    10009,
    10010,
    10011,
    10012,
    10013,
    10014,
    10015,
    10016,
    10017,
    10018,
    10019
  ],
  "episode_rewards": [
    -106.17245921984411,
    -43.426987349283856,
    -29.816113173715024,
    -27.275294355496257,
    -24.52101212872897,
    -41.6105180979734,
    -123.45410638476875,
    -41.540238644157796,
    -32.957719074658684,
    -121.56586228467461,
    -97.24097085980608,
    -101.14557694740273,
    -126.60030477741682,
    -65.00585232289173,
    -102.49413468989593,
    -46.42858716283658,
    -91.69586384022429,
    -31.93429238153749,
    -98.62243452025572,
    -122.83088266823546
  ],
  "episode_lengths": [
    57,
    130,
    146,
    84,
    111,
    99,
    78,
    129,
    95,
    74,
    52,
    60,
    67,
    126,
    60,
    93,
    62,
    101,
    54,
    68
  ],
  "episode_terminated": [
    true,
    true,
    true,
    true,
    true,
    true,
    true,
    true,
    true,
    true,
    true,
    true,
    true,
    true,
    true,
    true,
    true,
    true,
    true,
    true
  ],
  "mean_eval_reward": -73.81696054419021,
  "mean_episode_length": 87.3,
  "min_eval_reward": -126.60030477741682,
  "max_eval_reward": -24.52101212872897,
  "termination_breakdown": {
    "terminated": 20,
    "truncated": 0
  },
  "final_policy_component_evaluation": {
    "distance_reward": {
      "episode_sum_mean": 6.178686980422917,
      "episode_abs_sum_mean": 6.580158646506463,
      "signed_contribution_share": 0.5914613562935005,
      "magnitude_share": 0.6298926568088946,
      "active_rate": 1.0
    },
    "landing_quality": {
      "episode_sum_mean": 2.5447997728983074,
      "episode_abs_sum_mean": 2.692712386948345,
      "signed_contribution_share": 0.24360365397096082,
      "magnitude_share": 0.2577627456349577,
      "active_rate": 0.18327605956471935
    },
    "stability_penalty": {
      "episode_sum_mean": -1.1736051643187457,
      "episode_abs_sum_mean": 1.1736051643187457,
      "signed_contribution_share": -0.11234459755614767,
      "magnitude_share": 0.11234459755614767,
      "active_rate": 1.0
    }
  },
  "final_policy_component_error_count": 0
}