{
  "eval_episodes": 20,
  "eval_seed_offset": 10000,
  "eval_seeds": [
    10000,
    10001,
    10002,
    10003,
    10004,
    10005,
    10006,
    10007,
    10008,
    10009,
    10010,
    10011,
    10012,
    10013,
    10014,
    10015,
    10016,
    10017,
    10018,
    10019
  ],
  "episode_rewards": [
    2656.7118444810385,
    2649.529765141719,
    2653.869786455348,
    2647.5966069823007,
    2640.6813131989,
    2644.330853794855,
    2672.646818431385,
    2649.6191829714694,
    2651.8831183384364,
    2644.350340163291,
    2642.7648920157903,
    2651.924452164132,
    2823.9040179674885,
    2641.647159638329,
    2747.729228594966,
    2652.834186330134,
    2643.3560487236623,
    2647.2901426588123,
    2649.7735453826845,
    2649.2625728477615
  ],
  "episode_lengths": [
    1000,
    1000,
    1000,
    1000,
    1000,
    1000,
    1000,
    1000,
    1000,
    1000,
    1000,
    1000,
    1000,
    1000,
    1000,
    1000,
    1000,
    1000,
    1000,
    1000
  ],
  "episode_terminated": [
    false,
    false,
    false,
    false,
    false,
    false,
    false,
    false,
    false,
    false,
    false,
    false,
    false,
    false,
    false,
    false,
    false,
    false,
    false,
    false
  ],
  "mean_eval_reward": 2663.085293814125,
  "mean_episode_length": 1000,
  "min_eval_reward": 2640.6813131989,
  "max_eval_reward": 2823.9040179674885,
  "termination_breakdown": {
    "terminated": 0,
    "truncated": 20
  },
  "final_policy_component_evaluation": {
    "forward_stability_reward": {
      "episode_sum_mean": 1420.9217277652347,
      "episode_abs_sum_mean": 1420.9217562353065,
      "signed_contribution_share": 0.9906335843476434,
      "magnitude_share": 0.9906336041963154,
      "active_rate": 1.0
    },
    "stability_penalty": {
      "episode_sum_mean": -13.434750768185289,
      "episode_abs_sum_mean": 13.434750768185289,
      "signed_contribution_share": -0.009366395803684658,
      "magnitude_share": 0.009366395803684658,
      "active_rate": 1.0
    }
  },
  "final_policy_component_error_count": 0
}