{
  "eval_episodes": 20,
  "eval_seed_offset": 10000,
  "eval_seeds": [
    10000,
    10001,
    10002,
    10003,
    10004,
    10005,
    10006,
    10007,
    10008,
    10009,
    10010,
    10011,
    10012,
    10013,
    10014,
    10015,
    10016,
    10017,
    10018,
    10019
  ],
  "episode_rewards": [
    -8.907525538161147,
    9.439853947049015,
    26.868957900772426,
    -26.2512677712178,
    -31.494183538404805,
    -28.2611957684559,
    5.85548586457539,
    1.8637845739271777,
    -38.415242950471004,
    18.310839086547073,
    17.25446146952324,
    6.618386434550977,
    -0.8431403577575121,
    14.715474558799604,
    -13.456998498145024,
    -18.958124950770426,
    -30.872473421834552,
    1.8629014232432295,
    -27.347828376178978,
    -25.686084562052404
  ],
  "episode_lengths": [
    1000,
    1000,
    1000,
    1000,
    1000,
    1000,
    1000,
    1000,
    1000,
    1000,
    1000,
    1000,
    1000,
    1000,
    1000,
    1000,
    1000,
    1000,
    1000,
    1000
  ],
  "episode_terminated": [
    false,
    false,
    false,
    false,
    false,
    false,
    false,
    false,
    false,
    false,
    false,
    false,
    false,
    false,
    false,
    false,
    false,
    false,
    false,
    false
  ],
  "mean_eval_reward": -7.385196023723071,
  "mean_episode_length": 1000,
  "min_eval_reward": -38.415242950471004,
  "max_eval_reward": 26.868957900772426,
  "termination_breakdown": {
    "terminated": 0,
    "truncated": 20
  },
  "final_policy_component_evaluation": {
    "approach_reward": {
      "episode_sum_mean": 1.3195798777398935,
      "episode_abs_sum_mean": 1.5684362147603965,
      "signed_contribution_share": 0.18702985672120245,
      "magnitude_share": 0.22230135929732942,
      "active_rate": 1.0
    },
    "engine_penalty": {
      "episode_sum_mean": -4.889999999999918,
      "episode_abs_sum_mean": 4.889999999999918,
      "signed_contribution_share": -0.6930811956098497,
      "magnitude_share": 0.6930811956098497,
      "active_rate": 0.978
    },
    "soft_landing_proxy": {
      "episode_sum_mean": 0.0,
      "episode_abs_sum_mean": 0.0,
      "signed_contribution_share": 0.0,
      "magnitude_share": 0.0,
      "active_rate": 0.0
    },
    "stability_penalty": {
      "episode_sum_mean": -0.5970141869738623,
      "episode_abs_sum_mean": 0.5970141869738623,
      "signed_contribution_share": -0.08461744509282082,
      "magnitude_share": 0.08461744509282082,
      "active_rate": 1.0
    }
  },
  "final_policy_component_error_count": 0
}