{
  "eval_episodes": 20,
  "eval_seed_offset": 10000,
  "eval_seeds": [
    10000,
    10001,
    10002,
    10003,
    10004,
    10005,
    10006,
    10007,
    10008,
    10009,
    10010,
    10011,
    10012,
    10013,
    10014,
    10015,
    10016,
    10017,
    10018,
    10019
  ],
  "episode_rewards": [
    -97.59708539878864,
    -122.52802779845135,
    -117.70964556959319,
    -107.11093605835313,
    -106.15401328174697,
    -114.4183276029303,
    -114.53580288089,
    -108.46072830712629,
    -113.3340971186573,
    -111.77128739791621,
    -97.7681498931336,
    -101.0239692929541,
    -124.35715451795568,
    -119.8254051393489,
    -104.1541969360967,
    -104.32600893763922,
    -107.8060219755723,
    -103.81033827852099,
    -90.00187264230644,
    -124.80796182600272
  ],
  "episode_lengths": [
    57,
    76,
    81,
    61,
    83,
    74,
    78,
    81,
    76,
    74,
    52,
    60,
    67,
    69,
    60,
    82,
    62,
    54,
    54,
    68
  ],
  "episode_terminated": [
    true,
    true,
    true,
    true,
    true,
    true,
    true,
    true,
    true,
    true,
    true,
    true,
    true,
    true,
    true,
    true,
    true,
    true,
    true,
    true
  ],
  "mean_eval_reward": -109.5750515426992,
  "mean_episode_length": 68.45,
  "min_eval_reward": -124.80796182600272,
  "max_eval_reward": -90.00187264230644,
  "termination_breakdown": {
    "terminated": 20,
    "truncated": 0
  },
  "final_policy_component_evaluation": {
    "progress_delta": {
      "episode_sum_mean": 1.1208218188949401,
      "episode_abs_sum_mean": 1.160549314101568,
      "signed_contribution_share": 0.10356944040418073,
      "magnitude_share": 0.10724045606237599,
      "active_rate": 1.0
    },
    "soft_landing_proxy": {
      "episode_sum_mean": 0.2572552174586525,
      "episode_abs_sum_mean": 0.2572552174586525,
      "signed_contribution_share": 0.023771645469498046,
      "magnitude_share": 0.023771645469498046,
      "active_rate": 0.009495982468955442
    },
    "stability_penalty": {
      "episode_sum_mean": -9.404131113944112,
      "episode_abs_sum_mean": 9.404131113944112,
      "signed_contribution_share": -0.868987898468126,
      "magnitude_share": 0.868987898468126,
      "active_rate": 1.0
    }
  },
  "final_policy_component_error_count": 0
}