{
  "eval_episodes": 10,
  "episode_rewards": [
    219.35673603876347,
    -13.215229996759788,
    190.556256952723,
    12.467238927594462,
    7.883175160380047,
    14.978908100974845,
    15.766439984124675,
    255.36911088269787,
    13.786899776602146,
    231.03639015989123
  ],
  "episode_lengths": [
    408,
    1000,
    547,
    1000,
    1000,
    1000,
    1000,
    492,
    1000,
    512
  ],
  "mean_eval_reward": 94.7985925986992,
  "mean_episode_length": 795.9,
  "min_eval_reward": -13.215229996759788,
  "max_eval_reward": 255.36911088269787
}