{
  "eval_episodes": 20,
  "eval_seed_offset": 10000,
  "eval_seeds": [
    10000,
    10001,
    10002,
    10003,
    10004,
    10005,
    10006,
    10007,
    10008,
    10009,
    10010,
    10011,
    10012,
    10013,
    10014,
    10015,
    10016,
    10017,
    10018,
    10019
  ],
  "episode_rewards": [
    257.2513171311003,
    262.87930292563794,
    283.6697216796648,
    239.61039774399111,
    242.07374245476987,
    235.51792539614047,
    272.80347209306365,
    273.14620547888023,
    235.9839031259858,
    172.22428943377508,
    292.45320682364115,
    281.3429346837638,
    277.69529574654393,
    282.12762731743624,
    258.6609837392121,
    239.8044743204374,
    229.94376527203485,
    269.947773318122,
    261.40127309718673,
    242.18722508397235
  ],
  "episode_lengths": [
    293,
    334,
    354,
    307,
    344,
    316,
    310,
    313,
    308,
    1000,
    283,
    302,
    300,
    316,
    310,
    323,
    296,
    289,
    302,
    311
  ],
  "episode_terminated": [
    true,
    true,
    true,
    true,
    true,
    true,
    true,
    true,
    true,
    false,
    true,
    true,
    true,
    true,
    true,
    true,
    true,
    true,
    true,
    true
  ],
  "mean_eval_reward": 255.536241843268,
  "mean_episode_length": 345.55,
  "min_eval_reward": 172.22428943377508,
  "max_eval_reward": 292.45320682364115,
  "termination_breakdown": {
    "terminated": 19,
    "truncated": 1
  },
  "final_policy_component_evaluation": {
    "proximity_reward": {
      "episode_sum_mean": 256.1839060798075,
      "episode_abs_sum_mean": 256.1839060798075,
      "signed_contribution_share": 0.9283877558714654,
      "magnitude_share": 0.9283877558714654,
      "active_rate": 1.0
    },
    "rotation_penalty": {
      "episode_sum_mean": -1.450491380652207,
      "episode_abs_sum_mean": 1.450491380652207,
      "signed_contribution_share": -0.005256452126134347,
      "magnitude_share": 0.005256452126134347,
      "active_rate": 0.9972507596585154
    },
    "tilt_penalty": {
      "episode_sum_mean": -10.056787518062777,
      "episode_abs_sum_mean": 10.056787518062777,
      "signed_contribution_share": -0.03644490607564508,
      "magnitude_share": 0.03644490607564508,
      "active_rate": 1.0
    },
    "velocity_penalty": {
      "episode_sum_mean": -8.253757702600055,
      "episode_abs_sum_mean": 8.253757702600055,
      "signed_contribution_share": -0.029910885926755188,
      "magnitude_share": 0.029910885926755188,
      "active_rate": 0.9972507596585154
    }
  },
  "final_policy_component_error_count": 0
}