{
  "eval_episodes": 20,
  "eval_seed_offset": 10000,
  "eval_seeds": [
    10000,
    10001,
    10002,
    10003,
    10004,
    10005,
    10006,
    10007,
    10008,
    10009,
    10010,
    10011,
    10012,
    10013,
    10014,
    10015,
    10016,
    10017,
    10018,
    10019
  ],
  "episode_rewards": [
    -100.31267972088705,
    -122.28229247386999,
    -137.61052231277472,
    -85.39649676800563,
    -95.72561136522043,
    -104.06706649744622,
    -125.86968244610222,
    -109.94408436356105,
    -102.27719247780377,
    -112.43060589456422,
    -100.2170055537417,
    -104.02408761376222,
    -124.6721107248367,
    -114.821546402903,
    -107.28734375011732,
    -102.29998492548245,
    -108.43828733857967,
    -64.68026980705605,
    -101.61830506529017,
    -126.43318246543721
  ],
  "episode_lengths": [
    57,
    151,
    180,
    72,
    101,
    93,
    78,
    138,
    90,
    74,
    52,
    60,
    67,
    171,
    60,
    82,
    62,
    114,
    54,
    68
  ],
  "episode_terminated": [
    true,
    true,
    true,
    true,
    true,
    true,
    true,
    true,
    true,
    true,
    true,
    true,
    true,
    true,
    true,
    true,
    true,
    true,
    true,
    true
  ],
  "mean_eval_reward": -107.52041789837209,
  "mean_episode_length": 91.2,
  "min_eval_reward": -137.61052231277472,
  "max_eval_reward": -64.68026980705605,
  "termination_breakdown": {
    "terminated": 20,
    "truncated": 0
  },
  "final_policy_component_evaluation": {
    "distance_progress": {
      "episode_sum_mean": 1.1990186009556054,
      "episode_abs_sum_mean": 1.4583558470010758,
      "signed_contribution_share": 0.1990520011243179,
      "magnitude_share": 0.24210520959854726,
      "active_rate": 1.0
    },
    "posture_penalty": {
      "episode_sum_mean": -0.4510731542908065,
      "episode_abs_sum_mean": 0.4510731542908065,
      "signed_contribution_share": -0.07488375404975696,
      "magnitude_share": 0.07488375404975696,
      "active_rate": 1.0
    },
    "soft_landing_bonus": {
      "episode_sum_mean": 4.114216047153315,
      "episode_abs_sum_mean": 4.114216047153315,
      "signed_contribution_share": 0.6830110363516958,
      "magnitude_share": 0.6830110363516958,
      "active_rate": 0.007675438596491228
    }
  },
  "final_policy_component_error_count": 0
}