{
  "eval_episodes": 20,
  "eval_seed_offset": 10000,
  "eval_seeds": [
    10000,
    10001,
    10002,
    10003,
    10004,
    10005,
    10006,
    10007,
    10008,
    10009,
    10010,
    10011,
    10012,
    10013,
    10014,
    10015,
    10016,
    10017,
    10018,
    10019
  ],
  "episode_rewards": [
    -13.70068732976759,
    -42.62658845615785,
    -63.004985398532156,
    6.503554161712373,
    -11.104172267259457,
    -20.393904391372473,
    -44.248310366824086,
    -56.078368774719365,
    -21.683883134871365,
    -33.31545641069688,
    -22.995608740911933,
    -25.455380146981483,
    -52.18922558369867,
    -66.0901460778405,
    -12.918632524481225,
    -9.868480689861883,
    -39.30337860908121,
    -32.33777169990816,
    -6.179454306580709,
    -22.527649112396944
  ],
  "episode_lengths": [
    67,
    82,
    84,
    76,
    92,
    84,
    87,
    86,
    86,
    82,
    61,
    67,
    73,
    78,
    72,
    90,
    68,
    61,
    63,
    80
  ],
  "episode_terminated": [
    true,
    true,
    true,
    true,
    true,
    true,
    true,
    true,
    true,
    true,
    true,
    true,
    true,
    true,
    true,
    true,
    true,
    true,
    true,
    true
  ],
  "mean_eval_reward": -29.475926493011578,
  "mean_episode_length": 76.95,
  "min_eval_reward": -66.0901460778405,
  "max_eval_reward": 6.503554161712373,
  "termination_breakdown": {
    "terminated": 20,
    "truncated": 0
  },
  "final_policy_component_evaluation": {
    "angular_vel_penalty": {
      "episode_sum_mean": -0.6877550406228226,
      "episode_abs_sum_mean": 0.6877550406228226,
      "signed_contribution_share": -0.014684579672552952,
      "magnitude_share": 0.014684579672552952,
      "active_rate": 0.9967511371020142
    },
    "landing_bonus": {
      "episode_sum_mean": 20.35960340499878,
      "episode_abs_sum_mean": 20.35960340499878,
      "signed_contribution_share": 0.4347074185476552,
      "magnitude_share": 0.4347074185476552,
      "active_rate": 0.008447043534762833
    },
    "shaped_progress": {
      "episode_sum_mean": 24.53460765917771,
      "episode_abs_sum_mean": 25.787828938618624,
      "signed_contribution_share": 0.5238498878608835,
      "magnitude_share": 0.5506080017797917,
      "active_rate": 1.0
    }
  },
  "final_policy_component_error_count": 0
}