{
  "eval_episodes": 10,
  "episode_rewards": [
    267.19558380938946,
    172.9581524494878,
    192.38746919855996,
    246.23158131247317,
    148.94593368033566,
    249.5899916678636,
    163.54959066121808,
    167.19311352757654,
    136.88728756400445,
    173.31501460530075
  ],
  "episode_lengths": [
    259,
    1000,
    1000,
    664,
    1000,
    334,
    1000,
    1000,
    1000,
    1000
  ],
  "mean_eval_reward": 191.82537184762094,
  "mean_episode_length": 825.7,
  "min_eval_reward": 136.88728756400445,
  "max_eval_reward": 267.19558380938946
}