{
  "eval_episodes": 20,
  "eval_seed_offset": 10000,
  "eval_seeds": [
    10000,
    10001,
    10002,
    10003,
    10004,
    10005,
    10006,
    10007,
    10008,
    10009,
    10010,
    10011,
    10012,
    10013,
    10014,
    10015,
    10016,
    10017,
    10018,
    10019
  ],
  "episode_rewards": [
    32.478951219985476,
    14.868544114856178,
    -202.45236284999424,
    -26.69336000405056,
    -75.18666750313552,
    -69.77910661524658,
    -63.66331014101644,
    36.23533322933099,
    -56.80385421012697,
    -63.488804277733166,
    -37.65871157820543,
    -20.21539776577565,
    -113.13873387314189,
    -162.80579366872954,
    -10.390017592927805,
    1.4624298401310512,
    11.021864329875498,
    -73.8838044093548,
    4.596303961843049,
    -4.311198358479885
  ],
  "episode_lengths": [
    115,
    86,
    88,
    78,
    90,
    82,
    124,
    116,
    88,
    122,
    124,
    120,
    113,
    70,
    106,
    112,
    125,
    55,
    92,
    118
  ],
  "episode_terminated": [
    true,
    true,
    true,
    true,
    true,
    true,
    true,
    true,
    true,
    true,
    true,
    true,
    true,
    true,
    true,
    true,
    true,
    true,
    true,
    true
  ],
  "mean_eval_reward": -43.99038480759481,
  "mean_episode_length": 101.2,
  "min_eval_reward": -202.45236284999424,
  "max_eval_reward": 36.23533322933099,
  "termination_breakdown": {
    "terminated": 20,
    "truncated": 0
  },
  "final_policy_component_evaluation": {
    "progress_reward": {
      "episode_sum_mean": 1.1932354819620754,
      "episode_abs_sum_mean": 1.2469157112954903,
      "signed_contribution_share": 0.03916806762933618,
      "magnitude_share": 0.04093012623777798,
      "active_rate": 1.0
    },
    "stable_landing_reward": {
      "episode_sum_mean": 9.307922602710835,
      "episode_abs_sum_mean": 29.217581369698195,
      "signed_contribution_share": 0.3055334403835572,
      "magnitude_share": 0.9590698737622221,
      "active_rate": 1.0
    }
  },
  "final_policy_component_error_count": 0
}