{
  "eval_episodes": 20,
  "eval_seed_offset": 10000,
  "eval_seeds": [
    10000,
    10001,
    10002,
    10003,
    10004,
    10005,
    10006,
    10007,
    10008,
    10009,
    10010,
    10011,
    10012,
    10013,
    10014,
    10015,
    10016,
    10017,
    10018,
    10019
  ],
  "episode_rewards": [
    -46.00270455957172,
    -43.06324375495047,
    0.4764137040326646,
    -45.69468527001989,
    -31.594860006741516,
    -49.09867524545585,
    -34.04154712647878,
    -17.99414698033032,
    -55.5425357510591,
    -48.75913395779948,
    53.11156477019068,
    13.902414790736074,
    -47.251206428230546,
    -13.485650918963675,
    -37.20803297750025,
    -68.93640409738306,
    -72.7386715774178,
    -49.44297789876824,
    -53.553048792167885,
    -60.03976100463872
  ],
  "episode_lengths": [
    1000,
    1000,
    1000,
    1000,
    1000,
    1000,
    1000,
    1000,
    1000,
    87,
    85,
    97,
    82,
    1000,
    1000,
    1000,
    1000,
    1000,
    1000,
    1000
  ],
  "episode_terminated": [
    false,
    false,
    false,
    false,
    false,
    false,
    false,
    false,
    false,
    true,
    true,
    true,
    true,
    false,
    false,
    false,
    false,
    false,
    false,
    false
  ],
  "mean_eval_reward": -35.34784465412589,
  "mean_episode_length": 817.55,
  "min_eval_reward": -72.7386715774178,
  "max_eval_reward": 53.11156477019068,
  "termination_breakdown": {
    "terminated": 4,
    "truncated": 16
  },
  "final_policy_component_evaluation": {
    "landing_proxy": {
      "episode_sum_mean": 0.0,
      "episode_abs_sum_mean": 0.0,
      "signed_contribution_share": 0.0,
      "magnitude_share": 0.0,
      "active_rate": 0.0
    },
    "progress_reward": {
      "episode_sum_mean": 7.926148086036491,
      "episode_abs_sum_mean": 12.964271021542556,
      "signed_contribution_share": 0.11015359617879171,
      "magnitude_share": 0.18017087989754163,
      "active_rate": 1.0
    },
    "proximity_reward": {
      "episode_sum_mean": 52.68205758123261,
      "episode_abs_sum_mean": 52.68205758123261,
      "signed_contribution_share": 0.7321485838618524,
      "magnitude_share": 0.7321485838618524,
      "active_rate": 1.0
    },
    "stability_penalty": {
      "episode_sum_mean": -6.309089658572004,
      "episode_abs_sum_mean": 6.309089658572004,
      "signed_contribution_share": -0.08768053624060587,
      "magnitude_share": 0.08768053624060587,
      "active_rate": 1.0
    }
  },
  "final_policy_component_error_count": 0
}