{
  "eval_episodes": 10,
  "episode_rewards": [
    199.33250841597658,
    230.84248808747577,
    204.3693266095717,
    163.80854756910335,
    245.54910347378978,
    251.8490398706644,
    245.54246023551673,
    237.63347076375206,
    232.6824760215123,
    185.15435772307558
  ],
  "episode_lengths": [
    578,
    506,
    648,
    636,
    406,
    323,
    396,
    463,
    581,
    575
  ],
  "mean_eval_reward": 219.67637787704382,
  "mean_episode_length": 511.2,
  "min_eval_reward": 163.80854756910335,
  "max_eval_reward": 251.8490398706644
}