{
  "eval_episodes": 10,
  "episode_rewards": [
    -36.61302734230824,
    -14.587585345747199,
    14.345346260413155,
    -42.456270417557405,
    -41.832688348132436,
    -44.15522417471779,
    -14.13560732143829,
    -19.843511444559283,
    -64.07452154853556,
    -7.555954352378111
  ],
  "episode_lengths": [
    1000,
    1000,
    1000,
    1000,
    1000,
    1000,
    1000,
    1000,
    1000,
    1000
  ],
  "mean_eval_reward": -27.090904403496115,
  "mean_episode_length": 1000,
  "min_eval_reward": -64.07452154853556,
  "max_eval_reward": 14.345346260413155
}