{
  "eval_episodes": 10,
  "episode_rewards": [
    139.23932830657162,
    127.82947693000746,
    155.62841749428082,
    154.7427995885163,
    123.27195618747126,
    166.32297983371734,
    287.41104603849055,
    272.76897288790843,
    139.63896027765543,
    175.27865875939412
  ],
  "episode_lengths": [
    1000,
    1000,
    1000,
    1000,
    1000,
    1000,
    325,
    543,
    1000,
    1000
  ],
  "mean_eval_reward": 174.21325963040132,
  "mean_episode_length": 886.8,
  "min_eval_reward": 123.27195618747126,
  "max_eval_reward": 287.41104603849055
}