{
  "eval_episodes": 20,
  "eval_seed_offset": 10000,
  "eval_seeds": [
    10000,
    10001,
    10002,
    10003,
    10004,
    10005,
    10006,
    10007,
    10008,
    10009,
    10010,
    10011,
    10012,
    10013,
    10014,
    10015,
    10016,
    10017,
    10018,
    10019
  ],
  "episode_rewards": [
    -21.451973377566215,
    -12.908861319527812,
    23.567354548828952,
    -28.937859970094564,
    -38.05742309221346,
    -31.36590219223283,
    -0.34837320328299953,
    -9.188426794151013,
    -39.5996946622046,
    2.122918624941364,
    3.0384514704421175,
    -11.31432442474215,
    -7.098060778348293,
    -2.598803215333768,
    -26.0533825070323,
    -26.61405068607046,
    -43.35195462456693,
    -8.166461139894862,
    -28.57720455040932,
    -34.97195501878982
  ],
  "episode_lengths": [
    1000,
    1000,
    1000,
    1000,
    1000,
    1000,
    1000,
    1000,
    1000,
    1000,
    1000,
    1000,
    1000,
    1000,
    1000,
    1000,
    1000,
    1000,
    1000,
    1000
  ],
  "episode_terminated": [
    false,
    false,
    false,
    false,
    false,
    false,
    false,
    false,
    false,
    false,
    false,
    false,
    false,
    false,
    false,
    false,
    false,
    false,
    false,
    false
  ],
  "mean_eval_reward": -17.09379934561245,
  "mean_episode_length": 1000,
  "min_eval_reward": -43.35195462456693,
  "max_eval_reward": 23.567354548828952,
  "termination_breakdown": {
    "terminated": 0,
    "truncated": 20
  },
  "final_policy_component_evaluation": {
    "energy_penalty": {
      "episode_sum_mean": -9.945499999999832,
      "episode_abs_sum_mean": 9.945499999999832,
      "signed_contribution_share": -0.013103780251068228,
      "magnitude_share": 0.013103780251068228,
      "active_rate": 0.99455
    },
    "landing_success": {
      "episode_sum_mean": 0.0,
      "episode_abs_sum_mean": 0.0,
      "signed_contribution_share": 0.0,
      "magnitude_share": 0.0,
      "active_rate": 0.0
    },
    "proximity": {
      "episode_sum_mean": 749.0339555040002,
      "episode_abs_sum_mean": 749.0339555040002,
      "signed_contribution_share": 0.9868962197489318,
      "magnitude_share": 0.9868962197489318,
      "active_rate": 1.0
    },
    "terminal_velocity_penalty": {
      "episode_sum_mean": 0.0,
      "episode_abs_sum_mean": 0.0,
      "signed_contribution_share": 0.0,
      "magnitude_share": 0.0,
      "active_rate": 0.0
    }
  },
  "final_policy_component_error_count": 0
}