{
  "eval_episodes": 20,
  "eval_seed_offset": 10000,
  "eval_seeds": [
    10000,
    10001,
    10002,
    10003,
    10004,
    10005,
    10006,
    10007,
    10008,
    10009,
    10010,
    10011,
    10012,
    10013,
    10014,
    10015,
    10016,
    10017,
    10018,
    10019
  ],
  "episode_rewards": [
    306.7644953083447,
    303.44744976143045,
    306.24816918403974,
    305.81373856116664,
    304.25267647662037,
    305.83686153667094,
    304.58368294382075,
    306.5376497881211,
    305.4834178871656,
    87.00662358114482,
    304.3860234742614,
    303.8642103182891,
    304.7705416307414,
    305.3070527538386,
    305.60876309248556,
    307.5431522004328,
    306.4297833795364,
    305.70717784746915,
    305.28297852748886,
    303.83161474849527
  ],
  "episode_lengths": [
    1081,
    1150,
    1087,
    1107,
    1119,
    1106,
    1105,
    1080,
    1117,
    690,
    1114,
    1108,
    1109,
    1088,
    1094,
    1067,
    1089,
    1119,
    1115,
    1137
  ],
  "episode_terminated": [
    true,
    true,
    true,
    true,
    true,
    true,
    true,
    true,
    true,
    true,
    true,
    true,
    true,
    true,
    true,
    true,
    true,
    true,
    true,
    true
  ],
  "mean_eval_reward": 294.4353031500782,
  "mean_episode_length": 1084.1,
  "min_eval_reward": 87.00662358114482,
  "max_eval_reward": 307.5431522004328,
  "termination_breakdown": {
    "terminated": 20,
    "truncated": 0
  },
  "final_policy_component_evaluation": {
    "energy_penalty": {
      "episode_sum_mean": -72.42854165790797,
      "episode_abs_sum_mean": 72.42854165790797,
      "signed_contribution_share": -0.11738870277169582,
      "magnitude_share": 0.11738870277169582,
      "active_rate": 1.0
    },
    "forward_reward": {
      "episode_sum_mean": 494.6820161510317,
      "episode_abs_sum_mean": 494.73835118469435,
      "signed_contribution_share": 0.8017568603649555,
      "magnitude_share": 0.8018481654826741,
      "active_rate": 1.0
    },
    "gait_reward": {
      "episode_sum_mean": 18.745499999999968,
      "episode_abs_sum_mean": 18.745499999999968,
      "signed_contribution_share": 0.03038180636302459,
      "magnitude_share": 0.03038180636302459,
      "active_rate": 0.5763767180149433
    },
    "stability_penalty": {
      "episode_sum_mean": -31.08515417664611,
      "episode_abs_sum_mean": 31.08515417664611,
      "signed_contribution_share": -0.05038132538260536,
      "magnitude_share": 0.05038132538260536,
      "active_rate": 1.0
    }
  },
  "final_policy_component_error_count": 0
}