{
  "eval_episodes": 10,
  "episode_rewards": [
    265.2286735782168,
    247.0829409268842,
    281.6021653688034,
    263.57912588040097,
    250.71500195632902,
    293.64571050970153,
    293.83476668157095,
    292.4253944381667,
    290.557228237915,
    44.57282131889556
  ],
  "episode_lengths": [
    258,
    252,
    254,
    268,
    254,
    255,
    309,
    219,
    236,
    151
  ],
  "mean_eval_reward": 252.32438288968842,
  "mean_episode_length": 245.6,
  "min_eval_reward": 44.57282131889556,
  "max_eval_reward": 293.83476668157095
}