{
  "eval_episodes": 20,
  "eval_seed_offset": 10000,
  "eval_seeds": [
    10000,
    10001,
    10002,
    10003,
    10004,
    10005,
    10006,
    10007,
    10008,
    10009,
    10010,
    10011,
    10012,
    10013,
    10014,
    10015,
    10016,
    10017,
    10018,
    10019
  ],
  "episode_rewards": [
    167.5823079169698,
    47.98281757301791,
    234.7047931775251,
    -186.03991075713094,
    28.049136207990262,
    24.518452147496784,
    63.011881042006294,
    214.36732981598647,
    190.25412138270258,
    202.1326021600609,
    58.68993305658293,
    217.54845270558494,
    273.13075382006946,
    22.05019652439178,
    57.6802778401031,
    177.07522324110516,
    168.56838135179822,
    232.27849701924927,
    207.98240982615079,
    177.48466890753576
  ],
  "episode_lengths": [
    977,
    1000,
    309,
    856,
    1000,
    1000,
    1000,
    509,
    507,
    904,
    164,
    862,
    229,
    179,
    1000,
    766,
    779,
    230,
    623,
    758
  ],
  "episode_terminated": [
    true,
    false,
    true,
    true,
    false,
    false,
    false,
    true,
    true,
    true,
    true,
    true,
    true,
    true,
    false,
    true,
    true,
    true,
    true,
    true
  ],
  "mean_eval_reward": 128.95261624795984,
  "mean_episode_length": 682.6,
  "min_eval_reward": -186.03991075713094,
  "max_eval_reward": 273.13075382006946,
  "termination_breakdown": {
    "terminated": 15,
    "truncated": 5
  },
  "final_policy_component_evaluation": {
    "distance_progress": {
      "episode_sum_mean": 2.361488178917434,
      "episode_abs_sum_mean": 2.916910617222575,
      "signed_contribution_share": 0.00017810690593007312,
      "magnitude_share": 0.00021999768177804506,
      "active_rate": 0.9924553179021389
    },
    "landing_guidance": {
      "episode_sum_mean": 13247.748580049369,
      "episode_abs_sum_mean": 13252.251419950631,
      "signed_contribution_share": 0.9991646501545371,
      "magnitude_share": 0.9995042609516067,
      "active_rate": 0.7771755054204512
    },
    "tilt_penalty": {
      "episode_sum_mean": -3.6560063423716214,
      "episode_abs_sum_mean": 3.6560063423716214,
      "signed_contribution_share": -0.0002757413666152847,
      "magnitude_share": 0.0002757413666152847,
      "active_rate": 1.0
    }
  },
  "final_policy_component_error_count": 0
}