#{"t_start": 1783048081.0543, "env_id": "CartPole-v1"}
r,l,t,original_env_reward,generated_reward,reward_error_count
-1.082177,12,3.167838,1.0,-0.2308258159232346,0
-1.239228,30,3.701831,1.0,-0.5687189046981489,0
-1.067228,18,3.836049,1.0,-0.3017118090835116,0
-1.004191,9,4.175669,1.0,-0.3241918923616567,0
-1.184836,13,4.204881,1.0,-0.3628164630461559,0
-1.116316,54,4.623596,1.0,-0.46960696282639003,0
-1.056046,18,4.674373,1.0,-0.2844353684663964,0
-1.101025,22,4.853708,1.0,-0.3790943543412373,0
-1.054348,39,5.076632,1.0,-0.4118122540532716,0
-0.874657,42,5.398439,1.0,-0.06378618464039099,0
-1.255329,33,5.619065,1.0,-0.5227501262861994,0
-1.234168,28,5.696519,1.0,-0.2875651211244783,0
-1.097214,20,5.887261,1.0,-0.17357920173233532,0
-1.12678,96,6.621972,1.0,-0.27046847193954615,0
-0.893144,201,7.670172,1.0,-0.10272365198247146,0
-0.605146,319,9.069011,1.0,0.018507935067911596,0
-0.487308,266,10.743032,1.0,-0.01063421524590158,0
-0.47348,176,11.523527,1.0,-0.00428553433504919,0
-0.485515,207,12.58072,1.0,-0.0015178988893236323,0
-0.490606,185,13.436491,1.0,-0.0013075174864427552,0
-0.405029,276,14.879902,1.0,-0.0048699584414311214,0
-0.451394,312,16.53035,1.0,-0.006227916132387268,0
-0.266998,270,17.852401,1.0,0.0004631998536697157,0
-0.324222,265,19.126822,1.0,-0.0029385736923785988,0
-0.388821,243,20.313934,1.0,-0.0030570202543193092,0
-0.312622,329,21.736992,1.0,-0.0025176069635837184,0
-0.205558,423,23.741045,1.0,-0.0012774968080022653,0
-0.296036,416,25.62632,1.0,-0.0031774959715162865,0
-0.27244,379,27.406433,1.0,-0.0036477042529547976,0
-0.167889,500,29.732639,1.0,-0.0021486336745403234,0
-0.162117,394,31.408852,1.0,-0.0028965006851915387,0
-0.087521,460,33.508299,1.0,0.000502526956592031,0
-0.065381,500,35.942697,1.0,0.0008696543308064908,0
-0.018213,500,38.600019,1.0,1.0609134685757304e-05,0
0.055842,500,41.108444,1.0,0.0011886223155984088,0
0.01619,500,43.432672,1.0,-0.0009017105119425439,0
0.04191,500,45.692627,1.0,-0.00017055743454816308,0
0.057203,500,47.919049,1.0,0.001467990428176625,0
0.017153,500,50.231029,1.0,0.0004960076177172434,0
0.033951,500,52.582055,1.0,-0.0014119045265408598,0
0.006169,500,54.91432,1.0,0.00023673504359190403,0
0.014567,500,57.191137,1.0,0.001789113369752576,0
0.013755,500,59.531216,1.0,-0.0004011253902024099,0
0.032621,500,61.820058,1.0,-0.0007712507858751213,0
