#{"t_start": 1782876554.699969, "env_id": "BipedalWalker-v3"}
r,l,t,original_env_reward,generated_reward,reward_error_count
-18.757336,58,2.787487,-100.0,-0.7266810266669774,0
79.622467,1319,20.681237,-100.0,-0.24889932403295584,0
-27.214269,65,21.558827,-100.0,-1.6381251567419883,0
98.866466,1600,163.243568,0.07187603611747542,0.6233226923899877,0
-14.13093,83,164.368149,-100.0,-0.2919270545831851,0
-9.568586,49,165.034828,-100.0,1.4132947099245399,0
-15.530872,70,165.984793,-100.0,-0.6474042069653652,0
-33.232865,125,167.699402,-100.0,-1.7622083099642332,0
-18.390599,53,168.423616,-100.0,-0.34305238190244147,0
89.055155,1600,307.151654,-0.06977168343464653,0.1427917686507958,0
-3.858439,68,308.089635,-100.0,-1.3715800300020087,0
-18.801838,65,308.971177,-100.0,-0.4674413661766763,0
86.109181,1600,449.14178,-0.03502913171052933,0.38269189972177303,0
-24.23944,59,449.9553,-100.0,-0.34865549462157824,0
-10.609191,55,450.727485,-100.0,-0.6448542444785985,0
85.411607,1600,592.277929,-0.01941638646522921,0.10739063748442639,0
90.742235,1600,614.184112,0.06822444039583206,0.6076403799525244,0
89.020149,1600,755.112265,-0.05152634680271149,0.14451398525013567,0
88.760961,1600,891.138932,-0.14614646714925766,-0.20665146927875558,0
89.395172,1600,1030.36051,0.018380147337913506,0.4361478221460069,0
-21.855344,46,1030.977918,-100.0,-0.6357716849444071,0
90.068156,1600,1172.597905,-0.017685585657756714,0.3554151970519448,0
-8.279164,57,1173.358607,-100.0,-0.8717169089502543,0
92.609502,1600,1194.846092,-0.07765733538071433,0.1774635518910363,0
97.079058,1600,1334.562125,-0.005014441728591919,0.23526249495808,0
102.724672,1600,1474.305919,-0.11991249891122152,-0.33912606048192184,0
104.581576,1600,1617.07488,-0.06104680514335632,-0.007990232688557334,0
104.604688,1600,1638.654467,-0.14383712166547774,-0.03982734215085395,0
132.749184,1600,1782.198964,-0.04757228488226613,-0.1822261339390427,0
132.115436,1600,1927.268472,-0.021194201052188874,0.32757371996871404,0
141.825898,1600,2069.552087,-0.0025434753696135584,0.34712931081827725,0
137.914857,1600,2211.653163,-0.02154062116146088,0.07003047129777354,0
145.810194,1600,2234.367041,-0.0636373943487815,0.3482425963013673,0
146.433432,1600,2377.20471,-0.03345087639490882,0.14241734816228507,0
148.121005,1600,2522.546588,-0.007211144884426201,0.2583030832739168,0
146.596221,1600,2662.925981,-0.10319030149777612,0.05420314685506977,0
