#{"t_start": 1782876554.7480433, "env_id": "BipedalWalker-v3"}
r,l,t,original_env_reward,generated_reward,reward_error_count
-24.190124,84,3.136917,-100.0,-1.185111510304097,0
92.563382,1600,24.798126,0.04796287623047828,0.48362630793625994,0
-12.851179,117,26.413344,-100.0,0.3311248464638241,0
-27.160702,119,28.067611,-100.0,-1.672565974057512,0
92.178219,1600,169.74342,-0.0058111646572760675,-0.024210581529551852,0
-9.760284,108,171.238066,-100.0,0.0397595589553328,0
-5.185299,89,172.451709,-100.0,-1.9118065609354393,0
-13.646991,53,173.17505,-100.0,-0.3385974094489848,0
87.833597,1600,311.906012,-0.126380330721542,0.14484518053842196,0
90.770522,1600,452.075981,-0.20634362490972122,-0.2914284923111721,0
-8.685934,57,452.881639,-100.0,-1.98201021892642,0
90.701171,1600,594.41991,0.01781675374507904,0.17305504726525034,0
87.71213,1600,616.330809,-0.08391158302625257,0.02962874032083913,0
90.335032,1600,757.225375,-0.0970941051443406,-0.01756250943305567,0
89.001011,1600,893.252715,-0.039223169416189196,0.22559881095402814,0
90.088708,1600,1032.449771,0.06690039606888969,0.5255385110185254,0
93.98402,1600,1174.059596,-0.09704215153058429,-0.12178592600133237,0
92.366213,1600,1195.546203,-0.019921210626762303,0.26564470763269,0
92.825941,1600,1335.265712,0.051303013821441736,0.42687679417479574,0
94.01924,1600,1475.005191,-0.010368245969213662,0.013461696018201828,0
93.115715,1600,1617.770554,-0.18248130267858506,0.2769187260776589,0
104.907536,1600,1760.825751,-0.0775588297446557,0.11440533084526819,0
134.198314,1600,1782.909851,-0.14046570305029668,-0.4713033612762837,0
133.586732,1600,1928.002346,-0.1284611629645006,0.2486285255566635,0
140.11441,1600,2070.29411,-0.09280821307500084,0.11518285593838193,0
141.410513,1600,2212.398219,-0.12847174958388127,-0.07481783742375049,0
144.894831,1600,2235.11276,0.01205079968770582,0.4398952142968674,0
143.549345,1600,2377.9658,0.00787933202584466,0.37289761682517164,0
146.326748,1600,2523.289783,-0.019760696003835593,0.2313068665027935,0
147.701742,1600,2663.670707,-0.22272028454145032,-0.3947172229314624,0
