#{"t_start": 1782876554.784057, "env_id": "BipedalWalker-v3"}
r,l,t,original_env_reward,generated_reward,reward_error_count
-4.424633,98,3.305421,-100.0,-1.0971054443408732,0
-19.584029,58,4.084852,-100.0,-0.4518524161840465,0
-25.903064,140,6.006042,-100.0,-1.40350705241165,0
92.672218,1600,27.707542,-0.05721708675225458,0.30846676105058823,0
95.070543,1600,169.37406,-0.18316917673746863,-0.19317413308865528,0
-11.556702,68,170.32985,-100.0,-0.6304116156618419,0
85.892461,1600,309.024031,-0.11284870201349259,-0.17071245578053212,0
-5.709424,78,310.096918,-100.0,-1.3432161585946758,0
-25.732737,66,311.015087,-100.0,-0.28386325992409306,0
-28.59058,68,311.957245,-100.0,-2.6316996729831983,0
89.510441,1600,452.127987,-0.012555054257311045,0.25483376379418193,0
86.543991,1600,593.676273,-0.07301002113024156,0.11673953443268932,0
90.411466,1600,615.584719,-0.012958898981411067,0.25141998777150226,0
-13.213058,79,735.824405,-100.0,-0.6231425217002129,0
87.188473,1600,757.57179,0.026040956139564513,0.30061054031682966,0
89.972624,1600,893.597883,-0.08944717981417856,-0.2241996119197505,0
-3.889378,81,894.709865,-100.0,-1.1646359857951678,0
89.760606,1600,1033.901241,-0.08289271765947341,0.37741294636694583,0
90.779236,1600,1175.496094,0.09750334743658465,0.3774792830959276,0
93.651935,1600,1196.978272,-0.13784907493988613,-0.03676226792806206,0
94.281587,1600,1336.707453,-0.0005213659405708358,0.3977454238189529,0
107.225142,1600,1476.437509,0.04956890366474816,0.1804127454893992,0
-10.476073,51,1477.131004,-100.0,-1.2235717854311177,0
103.677452,1600,1619.893249,-0.2565888211528454,-0.1470184994999727,0
90.448315,1600,1762.972668,-0.03843739738067006,0.31261830253085127,0
128.496186,1600,1785.069082,-0.08968126459916315,0.04956784378910728,0
139.023925,1600,1930.209038,-0.0569429462750741,0.05773073260518451,0
142.290573,1600,2072.5167,0.06626895231008531,0.18244551603785986,0
143.022805,1600,2214.614796,-0.015705778042476564,0.19832378564455236,0
142.818447,1600,2357.380308,-0.004246375083923341,0.3102266988353018,0
144.791466,1600,2380.211699,-0.08078362460931378,0.0642303818010766,0
146.538167,1600,2525.512837,-0.062489773849643875,0.05118530057303765,0
147.227013,1600,2665.919497,-0.011066833535831364,0.21063330210886266,0
