#{"t_start": 1782876554.7541437, "env_id": "BipedalWalker-v3"}
r,l,t,original_env_reward,generated_reward,reward_error_count
-2.169945,82,3.093742,-100.0,-1.4142518099248211,0
-10.220423,87,4.309509,-100.0,-1.2562379439741196,0
-22.576913,62,5.155275,-100.0,0.645595815385981,0
88.113553,1600,26.83234,0.012976366678871332,0.2234454025697458,0
-13.981815,86,28.018518,-100.0,-0.4218355016106422,0
89.990236,1600,169.687811,0.017836141149200617,0.25092513139537204,0
-7.139823,60,170.532907,-100.0,-1.8767784669208123,0
-11.132714,90,171.761878,-100.0,-0.267469624212786,0
89.46957,1600,310.473804,-0.10244662259022158,-0.029816358286219233,0
-10.893261,53,311.206146,-100.0,0.7650992342336763,0
-11.39298,81,312.319975,-100.0,0.5420778109060921,0
87.663805,1600,452.507296,-0.17366738494237502,-0.033811810913269486,0
87.112691,1600,594.048407,0.0039235647420135765,0.29309451097027955,0
87.330411,1600,615.959005,-0.06829639025529463,0.07628280130713572,0
91.038302,1600,756.856091,0.07639772530396662,0.4540057584172439,0
90.992222,1600,892.884113,-0.13755513636271277,0.1353421913987734,0
90.935748,1600,1032.08638,-0.08721085582176608,-0.05343810408751566,0
-5.474368,66,1032.986776,-100.0,-1.3816632235656607,0
-9.914897,59,1033.785168,-100.0,1.3265184322897698,0
90.310058,1600,1175.38037,-0.19280853432416917,-0.1404527873572336,0
95.310363,1600,1196.86315,0.04537670810024061,0.3682073695514804,0
92.602368,1600,1336.59086,-0.06608292682965478,-0.023046542784526322,0
93.639688,1600,1476.327079,-0.03834690763552866,-0.059549435484842955,0
-2.655826,65,1477.218074,-100.0,-1.1376501953352478,0
100.619934,1600,1619.980907,0.07605858677625656,0.7198773286333994,0
91.590697,1600,1763.059706,-0.22239340833822827,-0.13936524563464076,0
124.164853,1600,1785.156819,-0.05087049988905618,0.029696206584078913,0
138.431638,1600,1930.297057,-0.12837290724118788,-0.2769134811068528,0
143.130122,1600,2072.606539,0.004486655433975039,0.14040257438247494,0
144.145778,1600,2214.704089,0.024623729089897066,0.21843918442198706,0
145.120691,1600,2357.470419,-0.17976000308990478,-0.1762825712489611,0
145.644162,1600,2380.303035,0.003551169216632843,0.19097039451296674,0
146.585467,1600,2525.602803,-0.10644069289167603,-0.020232410153666742,0
148.359925,1600,2666.009355,-0.13932275728384771,0.023178900500880017,0
