#{"t_start": 1782876554.8201733, "env_id": "BipedalWalker-v3"}
r,l,t,original_env_reward,generated_reward,reward_error_count
-4.864989,63,2.750041,-100.0,-1.3386801209346664,0
-38.751531,67,3.700629,-100.0,-1.819646698582444,0
-3.534667,65,4.59876,-100.0,-1.197201600065711,0
91.963977,1600,26.252547,-0.16032993944982452,-0.39870278534154835,0
85.641333,1600,167.945235,-0.09504723989963532,0.11920504642954174,0
-7.16683,77,169.007138,-100.0,1.008809846217717,0
-14.306422,118,170.64911,-100.0,-0.6139601297100967,0
85.791546,1600,309.339434,-0.20487709987163544,-0.2605907520099258,0
-9.008681,49,310.018915,-100.0,1.0447685832405573,0
90.340111,1600,450.199756,-0.06942678133646765,0.034117914171938254,0
89.217253,1600,591.745037,-0.0377043969631195,0.37095034806866417,0
-2.845282,74,592.7745,-100.0,-0.827352346508782,0
85.28442,1600,614.681304,-0.0833672640323639,-0.03273157487484195,0
-26.200112,71,615.663069,-100.0,-1.2547393433734457,0
86.78815,1600,756.560217,0.019062312483787532,0.1742952594557667,0
89.686206,1600,892.587025,-0.037432430654764176,0.011369589280215158,0
88.774718,1600,1031.791906,-0.09147271710634232,-0.040582571252141784,0
95.706012,1600,1173.410058,-0.014440359592437748,0.12315686928915363,0
95.60405,1600,1194.896921,0.03638194066286088,0.4339073683312692,0
94.496612,1600,1334.615825,-0.1266265943447725,-0.1604725298109427,0
-7.508248,70,1335.559988,-100.0,-1.7981111017572255,0
96.165586,1600,1475.301629,-0.11311824397246027,-0.06369547401985183,0
62.268808,1018,1488.978009,-100.0,-0.515193601074797,0
-14.372154,64,1611.106292,-100.0,0.49140572834750035,0
105.587008,1600,1632.673109,-0.08008414228757281,0.10271572480844643,0
131.510086,1600,1776.072351,-0.019259595910709297,0.08591481215931066,0
129.837963,1600,1921.014813,-0.12948761876424036,-0.22821214145177357,0
140.09823,1600,2063.274985,-0.06152425825595856,0.2446406373242081,0
139.986903,1600,2085.932879,-0.004124040126800536,0.3255048299171812,0
143.443393,1600,2228.077015,-0.056421281536422556,0.26964506933570237,0
145.965839,1600,2370.858656,0.009687524904806222,0.2513498672306409,0
146.994377,1600,2516.270962,-0.13584501604238908,-0.09230674196372941,0
147.545473,1600,2656.64243,-0.001750674406688605,0.19988631254763653,0
149.429323,1600,2679.33517,-0.08379641791184625,-0.057530408463843816,0
