#{"t_start": 1782876554.6700337, "env_id": "BipedalWalker-v3"}
r,l,t,original_env_reward,generated_reward,reward_error_count
100.635639,1600,23.714514,-0.03976313040653983,-0.014888921503129376,0
-4.220556,103,25.143556,-100.0,-1.066922607669442,0
-13.189803,81,26.238837,-100.0,-0.48625908104027427,0
95.826483,1600,167.936612,0.015458287676177808,0.6605955433635633,0
88.341699,1600,306.646217,-0.08475326643387239,-0.13254242110589343,0
-10.022432,63,307.516517,-100.0,-0.8666420601653224,0
92.245399,1600,447.66896,-0.10805796668926637,-0.09995308102235748,0
-3.757871,70,448.640532,-100.0,-1.110049689194314,0
-20.935404,130,450.45388,-100.0,-1.6235277199735563,0
91.155122,1600,591.997977,-0.06303497167428572,0.030159051306769998,0
87.037139,1600,613.906233,0.012370855053264702,0.32559845419833,0
88.575493,1600,754.839356,-0.01398307951291284,0.18899670162332607,0
88.435719,1600,890.866562,-0.03528208221992094,0.28676963658569243,0
88.773514,1600,1030.092265,-0.036293969273567206,0.26743527386921834,0
91.583609,1600,1171.719056,-0.0521241553823165,-0.21042629845987212,0
93.320827,1600,1193.204234,-0.09268507590889931,0.0037503132747102493,0
97.114139,1600,1332.911173,-0.09579796103636365,-0.009252610403597148,0
-8.015131,36,1333.395274,-100.0,0.6608820531743234,0
95.288177,1600,1473.144507,-0.22508711661895353,-0.5231358340428055,0
104.890333,1600,1615.89688,-0.10110587233304977,0.0971215318558594,0
-21.962473,55,1616.642067,-100.0,-0.6371422095541758,0
104.034034,1600,1638.220375,-0.1441073213418313,-0.023234131779673036,0
119.665455,1600,1781.761744,-0.22456274535258672,-0.5382360461661156,0
133.694099,1600,1926.81505,-0.1117857545812913,-0.04078651845956687,0
141.343684,1600,2069.092409,-0.03571463147799293,0.17370811964565233,0
-6.062639,83,2070.27946,-100.0,-1.211152977904501,0
143.021845,1600,2212.381593,-0.18578407927354057,-0.27221064601941525,0
143.679021,1600,2235.097436,-0.05186674629648763,0.07104640487770722,0
145.888684,1600,2377.950016,-0.1530582240422555,-0.18420875466081343,0
146.740851,1600,2523.273105,-0.11699146525065221,0.03730668517027443,0
147.671071,1600,2663.65504,-0.09069931809107581,0.09970004410052354,0
