#{"t_start": 1782876554.6876304, "env_id": "BipedalWalker-v3"}
r,l,t,original_env_reward,generated_reward,reward_error_count
-10.226068,86,3.223633,-100.0,-1.019032295603438,0
92.829282,1600,24.886999,0.04090125167369843,0.4920874750292956,0
96.635176,1600,166.571517,-0.1043290421962738,0.14867717217295215,0
-8.445207,81,167.679214,-100.0,-0.5400575637279605,0
-26.998925,104,169.11382,-100.0,-2.18021451157156,0
-17.005217,47,169.768768,-100.0,-0.812212428548817,0
-17.352524,86,170.967783,-100.0,1.3419962938121273,0
-14.064842,53,171.6891,-100.0,-0.07833544413855895,0
92.221913,1600,310.392857,0.04883121351400775,0.4950285516556404,0
-12.08413,89,311.625162,-100.0,0.07883417832982906,0
-8.428314,82,312.757965,-100.0,-1.4173858331153595,0
-9.670742,54,313.503653,-100.0,0.8425366264045887,0
92.362254,1600,453.695496,-0.25122551719347397,-0.4151292653746369,0
-14.147491,49,454.372446,-100.0,-0.430123646427826,0
-6.030633,64,455.239161,-100.0,-1.2803728781644406,0
87.189836,1600,596.776494,-0.04787099654475966,-0.018267917888193624,0
-16.043188,61,597.613576,-100.0,0.008797194617435222,0
94.399153,1600,738.661947,-0.26032750125725945,-0.47144577009909566,0
91.101578,1600,760.427358,0.01691864546139917,0.1595722773370485,0
89.3312,1600,896.425068,-0.06845856985449791,-0.09058394794271206,0
91.803366,1600,1035.624077,0.09560030762354296,0.633689995388298,0
89.818102,1600,1177.208529,-0.01228617258866865,0.4679016649789398,0
93.719082,1600,1316.931711,-0.08409795411427698,0.15795842843739022,0
93.074811,1600,1338.426902,-0.10832887760798254,-0.08035647238044931,0
-11.874845,67,1339.325773,-100.0,-0.9484888824891297,0
95.491861,1600,1479.057797,-0.08489557926853557,0.27951236237915433,0
100.566273,1600,1621.827454,-0.06143344941735268,0.30508489263375665,0
103.846266,1600,1764.944105,-0.15261439511179925,-0.248272675993586,0
131.984353,1600,1787.056307,-0.11562556167443475,-0.21266682691951558,0
136.518228,1600,1932.234778,-0.04125526646772784,0.26022476689325486,0
141.440592,1600,2074.550046,-0.038941379527248556,0.04308297980346813,0
144.016242,1600,2216.640808,-0.10306643227736273,-0.03866133258154953,0
144.577359,1600,2359.408233,-0.038540520787239074,-0.041792896032119796,0
146.041024,1600,2382.248027,-0.0469197136759758,0.045719887049464156,0
145.314414,1600,2527.529371,-0.08497856130202493,-0.07910427046633518,0
148.526319,1600,2667.979735,-0.07531101240714273,0.07446357998311576,0
