#{"t_start": 1782876554.6761096, "env_id": "BipedalWalker-v3"}
r,l,t,original_env_reward,generated_reward,reward_error_count
-8.225418,66,2.928828,-100.0,-1.6882800356156067,0
-13.350788,63,3.81077,-100.0,0.45858198779111203,0
-31.096761,77,4.880476,-100.0,-1.691771639034813,0
88.717924,1600,26.551699,-0.11821808762351789,-0.2137935746262843,0
-7.55619,69,27.512056,-100.0,-1.3464732467961382,0
-9.090216,65,28.410336,-100.0,1.9665402553005065,0
-14.267424,55,29.155817,-100.0,-0.4462060184410447,0
-16.22314,56,149.825925,-100.0,-0.11204038278101895,0
93.648152,1600,171.61226,-0.12894930132230006,-0.17793119351867945,0
-20.01976,50,172.302095,-100.0,0.1997456225934154,0
91.589578,1600,311.018858,0.017582886258758722,0.30155209182650117,0
-2.152895,104,312.451775,-100.0,-0.7971995349028889,0
89.33659,1600,452.63953,-0.037734961599111556,0.06325005897167943,0
-12.133143,88,453.863649,-100.0,-0.32614500940058044,0
88.684819,1600,595.400532,-0.06266005525986473,0.1826066815245346,0
87.683542,1600,736.458465,-0.026940919995307924,0.25067747574552424,0
89.584242,1600,758.210993,0.026828377723693838,0.39121212847183573,0
-4.156001,92,759.467736,-100.0,1.6711702514521853,0
88.719881,1600,895.474084,-0.07585104842980583,-0.06739189892157557,0
90.708371,1600,1034.669403,-0.12734698315461357,-0.093730703806011,0
92.3439,1600,1176.261822,-0.001810962617397308,0.3074545653414826,0
93.847879,1600,1197.75058,-0.04985195982456207,-0.09595513165337853,0
93.516633,1600,1337.47185,-0.046199837962787545,0.19088635680348764,0
92.83972,1600,1477.201221,-0.006640880028407955,0.47647676337176353,0
106.022983,1600,1619.963162,-0.1489531541466713,-0.22605503739389263,0
96.812181,1600,1763.041461,-0.1872474193101116,-0.1877520636221524,0
133.876009,1600,1785.138725,-0.19467652541399,-0.15143827109222277,0
-2.788931,76,1786.193901,-100.0,-1.357271034059582,0
140.997664,1600,1931.369295,0.01678919219970703,0.35621342301812864,0
-16.406036,41,1931.943678,-100.0,-0.680761377423406,0
144.443362,1600,2074.253924,-0.09013775674501819,0.0725886426029344,0
141.22692,1600,2216.343693,-0.05849035427967471,0.31621010365332936,0
143.851436,1600,2359.117999,-0.048244351804256444,0.18664061007346078,0
145.509498,1600,2381.955975,0.039505866726238334,0.1911512155417415,0
147.733559,1600,2527.240135,-0.036379778544105706,0.41527318158724935,0
148.906558,1600,2667.684577,0.0167766846617051,0.3413197776536138,0
