#{"t_start": 1782876554.8020356, "env_id": "BipedalWalker-v3"}
r,l,t,original_env_reward,generated_reward,reward_error_count
-9.869687,75,2.952674,-100.0,-1.2257685526031334,0
-13.065138,54,3.700494,-100.0,0.11362236483549208,0
92.931676,1600,25.372029,-0.09766985543568987,0.1965506431433339,0
87.271036,1600,167.050387,-0.22781035163005076,-0.31590630230388267,0
-8.732879,81,168.16498,-100.0,-0.980155411718492,0
92.670783,1600,306.889717,-0.10748236699898919,0.04798752520114709,0
-4.821646,57,307.670555,-100.0,-1.7216600303142933,0
87.541871,1600,447.820037,-0.14565481158097465,-0.21745208420313777,0
86.540638,1600,589.415112,-0.21464525272449095,-0.21840312793131506,0
86.024845,1600,611.317489,-0.04498814034461975,0.17380951023757188,0
-15.089285,58,612.11174,-100.0,0.2772347462803642,0
86.196519,1600,753.054246,-0.16214670014381408,-0.06131143266361519,0
89.920285,1600,889.081326,-0.10007115801175495,-0.004072598136844345,0
89.660318,1600,1028.325191,-0.005137163728475573,0.22481950922059515,0
91.801351,1600,1049.927766,0.04239131927490235,0.3541953674319964,0
94.769841,1600,1191.435415,-0.07619488847255708,0.009799069604726093,0
92.315743,1600,1331.146035,-0.17387984585762023,-0.31745526110249433,0
86.04939,1386,1468.017102,-100.0,-0.03476864583708848,0
120.721876,1600,1489.525854,-0.0480748358766232,0.05360673327547249,0
103.157498,1600,1632.350255,-0.08541000429789167,0.11403868534656682,0
117.466683,1600,1775.739231,-0.1562100973725319,0.1618807937722323,0
128.218665,1600,1920.675268,-0.02707757759094238,0.07839421252524398,0
141.764016,1600,2062.934015,-0.05115327825148782,0.0606043229920709,0
143.053237,1600,2085.593652,-0.04832672691345215,0.120622541360455,0
146.311737,1600,2227.734268,0.15927516108751297,0.6832196876856563,0
144.257002,1600,2370.505303,-0.13119241819779195,-0.041105611579106235,0
145.004319,1600,2515.926454,-0.05989062142372131,0.008393918727060141,0
145.495434,1600,2656.293814,-0.05009600383043289,0.08171163068821391,0
148.754475,1600,2678.98694,-0.09301716474691789,0.03140146878185586,0
