#{"t_start": 1782876554.7180057, "env_id": "BipedalWalker-v3"}
r,l,t,original_env_reward,generated_reward,reward_error_count
90.454747,1600,23.682323,-0.09901035321007291,-0.10405895841296688,0
-7.560291,62,24.520979,-100.0,-1.8038464246574866,0
89.213598,1600,166.214889,0.023099926282960974,0.24405724868510262,0
-16.371424,78,167.281417,-100.0,0.08408041168451666,0
89.19199,1600,305.999153,0.0025859355926513734,0.2762777799014703,0
-11.767778,64,306.881869,-100.0,0.4075404796662456,0
93.011628,1600,447.032429,0.19125793568293373,0.6361199589716652,0
-9.533511,67,447.962224,-100.0,-1.0082534391296174,0
-21.622322,56,448.733017,-100.0,-0.5978012669865882,0
88.331532,1600,590.305736,-0.033844781279563904,0.14212672876337912,0
-6.422106,128,592.06647,-100.0,0.6202168472823217,0
85.579565,1600,613.973796,0.005790872236095255,0.19623129126016306,0
-18.70809,61,614.822826,-100.0,-0.9662329791462896,0
85.813366,1600,755.733152,-0.05643275352318964,0.09294937241789467,0
88.106843,1600,891.762932,-0.1259961445579938,-0.016600131280198247,0
-3.737665,94,893.048107,-100.0,-2.242994381825794,0
88.096668,1600,1032.245008,-0.14612481768926222,-0.05711125707667116,0
91.173865,1600,1173.857769,-0.029417735179264156,0.2123941261127258,0
95.855721,1600,1195.342664,-0.07804979169368743,0.00019337489097052615,0
94.63817,1600,1335.061071,0.0015886130730322912,0.2486993284994604,0
104.81493,1600,1474.80412,-0.1819036588668823,-0.3278907319290328,0
98.145827,1600,1617.567869,-0.02119935842354974,0.12766324742539148,0
115.117285,1600,1760.62124,-0.1736817931731548,-0.18807528449966116,0
123.353011,1600,1782.703883,-0.09571744290490826,-0.1765214033727911,0
136.137861,1600,1927.788867,-0.029794742604097323,0.1913001676245714,0
133.503558,1600,2070.075507,-0.028925134430330193,0.0836481395649591,0
139.758981,1600,2212.175559,-0.04389664089679718,0.21226091807143388,0
145.397398,1600,2234.892652,0.18226066919168074,0.5640157044217983,0
147.266684,1600,2377.738065,0.00020035386085509935,0.27427083467501473,0
-4.609609,86,2378.98087,-100.0,-0.7914273721447466,0
146.580017,1600,2524.299933,-0.06742906574407977,0.05222375213209842,0
148.205051,1600,2664.674659,-0.2709239842891693,-0.35562011794898213,0
