#{"t_start": 1782876554.7961867, "env_id": "BipedalWalker-v3"}
r,l,t,original_env_reward,generated_reward,reward_error_count
-15.465619,126,3.654927,-100.0,0.37047041936574515,0
-13.372036,54,4.415517,-100.0,-0.3102551074314596,0
-8.850869,43,4.99411,-100.0,1.8831619982444558,0
96.17381,1600,26.668758,-0.10590754461288451,-0.10617653306303076,0
92.971619,1600,168.350931,-0.1356030687292405,-0.29869911994572984,0
-9.318834,53,169.088012,-100.0,1.4657962457720424,0
92.826026,1600,307.801297,-0.047498491982616596,0.47586877446248205,0
86.516734,1600,447.961929,-0.21031552517414093,-0.26985057845431604,0
-16.695967,72,448.951568,-100.0,-0.5347666735125092,0
-18.424944,69,449.911106,-100.0,-0.04697646034520976,0
90.311487,1600,591.455504,-0.09348209953308105,-0.04317688674104089,0
-5.852562,67,592.395432,-100.0,-1.6775426453764608,0
87.491242,1600,614.305178,-0.13830604803562163,0.02555112930093563,0
-4.651702,69,615.258155,-100.0,-0.8563940626520915,0
-11.374089,54,616.006104,-100.0,0.981333972846551,0
87.773341,1600,756.903759,-0.019846616844337375,0.1894454006794375,0
92.657818,1600,892.929872,0.04421475013097008,0.3301577098545794,0
-4.762947,70,893.888397,-100.0,-1.8509513891166887,0
90.890605,1600,1033.086547,-0.03686552043755731,-0.02045635302921102,0
-4.49642,70,1034.041075,-100.0,-1.397650201862473,0
89.860021,1600,1175.635826,-0.07896079208453377,-0.21929258777932148,0
95.6975,1600,1197.123419,-0.002354467362165453,0.38564107692551325,0
92.540773,1600,1336.846524,-0.08310662368933124,-0.14008483437778818,0
-12.034171,49,1337.51276,-100.0,1.0110566662431804,0
95.077658,1600,1477.249956,-0.14822716130813024,-0.3145440593301083,0
109.901943,1600,1620.013114,-0.13615961188077927,0.09287639212190961,0
104.911177,1600,1763.094515,0.04616440246502499,0.29183874826517736,0
105.241096,1391,1782.315286,-100.0,0.21237388201696197,0
130.038492,1600,1927.39024,-0.053234766324359986,-0.28674557434299414,0
145.416433,1600,2069.678524,-0.09728641764323036,0.014742525452258392,0
143.918167,1600,2211.775735,-0.020175225953262245,0.23074999281692185,0
142.150886,1600,2234.491516,-0.10826654915014666,-0.1469346755773572,0
145.675104,1600,2377.336236,-0.039235951403774436,0.18906451261180784,0
145.884697,1600,2522.67351,-0.08561265359321994,-0.17075720014188017,0
146.561021,1600,2663.054206,-0.09821092875798425,0.028856147681264557,0
