#{"t_start": 1782876554.6818237, "env_id": "BipedalWalker-v3"}
r,l,t,original_env_reward,generated_reward,reward_error_count
92.35204,1600,23.707645,-0.32122455007831197,-0.41207645324454717,0
97.316356,1600,165.407764,-0.04481141321361065,0.09660750645864964,0
94.471253,1600,304.119203,-0.1726821645498276,-0.34428300653908855,0
-12.608019,51,304.815091,-100.0,1.1326764445407795,0
85.883427,1600,444.972321,-0.12022183674573898,0.013401741909661449,0
-4.205171,85,446.13553,-100.0,-2.3147231144195874,0
82.409114,1600,468.144536,-0.17201654167970257,-0.010766738824658659,0
-21.808592,52,468.854644,-100.0,0.4238432733070856,0
-9.581893,75,589.468937,-100.0,-0.9969831671745818,0
88.635997,1600,611.370883,-0.10033655641476076,0.09802324466845988,0
-2.697055,69,612.323149,-100.0,-0.7215659467321377,0
88.921027,1600,753.267371,0.20143473358452318,1.1015271673132536,0
89.271786,1600,889.294211,0.03025905009110651,0.2819151107058259,0
-11.980524,45,889.905202,-100.0,0.595788846620458,0
89.277642,1600,1029.140014,0.006971898853778838,0.1813808333599069,0
90.763241,1600,1050.741888,0.11489360569914064,0.7475890922173113,0
92.613501,1600,1192.249144,0.08061243472496787,0.6857870289998197,0
96.856913,1600,1331.959525,-0.16855275285243987,-0.14473379086288007,0
101.860978,1600,1471.705431,-0.10103434113661211,0.10139725469088702,0
99.273275,1600,1614.461587,-0.2729111625750866,-0.48342379774709343,0
99.595449,1600,1636.051526,-0.13635934203863143,-0.23742767691838118,0
114.253127,1600,1779.532717,-0.08664657115936279,0.06914348090317878,0
136.338594,1600,1924.543917,-0.04518457530935487,-0.023622583609175213,0
137.931102,1600,2066.810606,0.01269278967380523,0.025427860948260862,0
143.302196,1600,2208.902716,-0.013935879945755004,0.1832089633313379,0
143.511512,1600,2231.625303,-0.03195495148499688,0.23420456575019605,0
145.143689,1600,2374.437628,-0.014980371435485664,0.2591941768206284,0
0.19242,111,2376.020097,-100.0,-1.0545202226830088,0
147.141933,1600,2521.374942,-0.0578073857823984,0.0905963356253791,0
147.423654,1600,2661.751003,0.010856281499069127,0.29513331640104257,0
148.167448,1600,2684.428917,-0.06636561250686646,0.12925113393290144,0
