#{"t_start": 1782876554.7721224, "env_id": "BipedalWalker-v3"}
r,l,t,original_env_reward,generated_reward,reward_error_count
89.516021,1600,23.63994,-0.16464159032205505,-0.30174427592718933,0
-18.553248,56,24.386389,-100.0,-0.4995584130394156,0
-28.13995,72,25.383093,-100.0,-1.6568815563896242,0
-4.816098,81,26.504701,-100.0,-1.1923280231596087,0
-14.07258,73,27.526245,-100.0,-0.39586213348397753,0
-3.822277,81,28.632895,-100.0,-1.4645235196090942,0
90.720348,1600,170.317157,-0.20682085033257683,-0.10045417933329714,0
90.107466,1600,309.017566,0.003955423721421564,0.23279700246699322,0
87.045353,1600,449.18768,0.16616024448474132,0.6590893220533592,0
-10.018189,85,450.375622,-100.0,-0.48931096966473264,0
-30.717312,53,451.099188,-100.0,-1.2346033636992866,0
89.389574,1600,592.654884,0.0026941733658313767,0.25972548257200223,0
-31.135763,69,593.602362,-100.0,-1.1520815681057939,0
-20.34696,42,594.186706,-100.0,-1.155120497902913,0
-3.727519,103,595.612267,-100.0,-2.2462812141512516,0
-5.859608,133,597.421265,-100.0,1.2147378998888017,0
87.01814,1600,738.468587,-0.09948747201760137,-0.12030718044112845,0
88.243873,1600,760.235011,0.04612666348864516,0.5862366648797478,0
-9.832404,74,761.247195,-100.0,1.3452327695924544,0
87.387894,1600,897.24112,-0.17420174455642698,-0.4382139325268121,0
94.095795,1600,1036.437094,-0.057743545601762945,0.03844932093851175,0
91.807796,1600,1178.020983,-0.0422138902346305,0.10226541375517267,0
92.673507,1600,1317.735028,-0.13905558117230615,-0.06931513035920786,0
93.018077,1600,1339.228033,-0.18414407658576964,-0.11528231183300253,0
95.323497,1600,1478.96048,-0.009094640334447828,0.4844856031741528,0
94.49453,1600,1621.729506,0.05596061676740646,0.37494328635307594,0
104.01972,1600,1764.845977,-0.13887779469788075,0.02047122536481287,0
116.190301,1600,1786.950809,-0.04141585101683816,0.25628623358240343,0
134.300044,1600,1932.136731,-0.2448108479976654,-0.15390334562380617,0
144.046546,1600,2074.451253,-0.11745376106103497,-0.019055118650157094,0
142.967576,1600,2216.542671,-0.09171404814720155,-0.04224670945985519,0
-5.548245,87,2217.804384,-100.0,-2.0922650772644933,0
144.143791,1600,2360.57839,-0.03242726614077768,0.23457184685448168,0
144.334477,1600,2383.419807,-0.02941858893632889,0.2787445311563847,0
146.140772,1600,2528.687288,-0.09078634730974597,0.01434394322056019,0
148.973873,1600,2669.129055,0.04502508505185326,0.29059130034300606,0
