{
  "eval_episodes": 20,
  "eval_seed_offset": 10000,
  "eval_seeds": [
    10000,
    10001,
    10002,
    10003,
    10004,
    10005,
    10006,
    10007,
    10008,
    10009,
    10010,
    10011,
    10012,
    10013,
    10014,
    10015,
    10016,
    10017,
    10018,
    10019
  ],
  "episode_rewards": [
    -111.9669062178115,
    -120.10336502211322,
    -107.05642163290787,
    -110.95887427021017,
    -105.79151667590423,
    -114.17552263192258,
    -121.72207362436362,
    -109.71224863175973,
    -119.79091111306334,
    -109.24610916148248,
    -98.06833003342297,
    -98.05724253030002,
    -123.87479079470532,
    -119.12299383732588,
    -108.20447595791654,
    -100.53567132543,
    -111.80662566871285,
    -94.02184650548793,
    -103.23209024093413,
    -141.58236723614857
  ],
  "episode_lengths": [
    57,
    76,
    81,
    61,
    83,
    74,
    78,
    81,
    76,
    74,
    52,
    60,
    67,
    69,
    60,
    82,
    62,
    54,
    54,
    68
  ],
  "episode_terminated": [
    true,
    true,
    true,
    true,
    true,
    true,
    true,
    true,
    true,
    true,
    true,
    true,
    true,
    true,
    true,
    true,
    true,
    true,
    true,
    true
  ],
  "mean_eval_reward": -111.45151915559615,
  "mean_episode_length": 68.45,
  "min_eval_reward": -141.58236723614857,
  "max_eval_reward": -94.02184650548793,
  "termination_breakdown": {
    "terminated": 20,
    "truncated": 0
  },
  "final_policy_component_evaluation": {
    "fuel_cost": {
      "episode_sum_mean": -0.40499999999999997,
      "episode_abs_sum_mean": 0.40499999999999997,
      "signed_contribution_share": -0.016137407898649554,
      "magnitude_share": 0.016137407898649554,
      "active_rate": 0.039444850255661065
    },
    "proximity_reward": {
      "episode_sum_mean": 17.81751517470766,
      "episode_abs_sum_mean": 18.550849972033028,
      "signed_contribution_share": 0.709946938554656,
      "magnitude_share": 0.7391669947292558,
      "active_rate": 1.0
    },
    "soft_landing_bonus": {
      "episode_sum_mean": 2.1306691765785217,
      "episode_abs_sum_mean": 2.1306691765785217,
      "signed_contribution_share": 0.08489747555438859,
      "magnitude_share": 0.08489747555438859,
      "active_rate": 0.016800584368151936
    },
    "vertical_descent_penalty": {
      "episode_sum_mean": -4.010448254306493,
      "episode_abs_sum_mean": 4.010448254306493,
      "signed_contribution_share": -0.15979812181770597,
      "magnitude_share": 0.15979812181770597,
      "active_rate": 0.7421475529583638
    }
  },
  "final_policy_component_error_count": 0
}