{
  "eval_episodes": 20,
  "eval_seed_offset": 10000,
  "eval_seeds": [
    10000,
    10001,
    10002,
    10003,
    10004,
    10005,
    10006,
    10007,
    10008,
    10009,
    10010,
    10011,
    10012,
    10013,
    10014,
    10015,
    10016,
    10017,
    10018,
    10019
  ],
  "episode_rewards": [
    -115.85508282114708,
    -120.10336502211322,
    -117.70964556959319,
    -105.554441625197,
    -112.88025718374234,
    -130.87919119849394,
    -132.7237502527982,
    -108.07199838459309,
    -140.96321372005752,
    -128.3182591110245,
    -110.89824525741378,
    -101.12046920271072,
    -131.97987595269262,
    -117.52660489763309,
    -112.83107911312308,
    -108.76396817513282,
    -111.80662566871285,
    -95.65844378224372,
    -107.90320564912207,
    -143.38647287914048
  ],
  "episode_lengths": [
    57,
    76,
    81,
    61,
    83,
    74,
    78,
    81,
    75,
    74,
    51,
    60,
    67,
    69,
    60,
    82,
    62,
    54,
    54,
    68
  ],
  "episode_terminated": [
    true,
    true,
    true,
    true,
    true,
    true,
    true,
    true,
    true,
    true,
    true,
    true,
    true,
    true,
    true,
    true,
    true,
    true,
    true,
    true
  ],
  "mean_eval_reward": -117.74670977333426,
  "mean_episode_length": 68.35,
  "min_eval_reward": -143.38647287914048,
  "max_eval_reward": -95.65844378224372,
  "termination_breakdown": {
    "terminated": 20,
    "truncated": 0
  },
  "final_policy_component_evaluation": {
    "distance_penalty": {
      "episode_sum_mean": -19.952802596986295,
      "episode_abs_sum_mean": 19.952802596986295,
      "signed_contribution_share": -0.471303972727858,
      "magnitude_share": 0.471303972727858,
      "active_rate": 1.0
    },
    "engine_penalty": {
      "episode_sum_mean": -0.1065,
      "episode_abs_sum_mean": 0.1065,
      "signed_contribution_share": -0.0025156302154314024,
      "magnitude_share": 0.0025156302154314024,
      "active_rate": 0.05193855157278712
    },
    "landing_reward": {
      "episode_sum_mean": 1.430446743965149,
      "episode_abs_sum_mean": 1.430446743965149,
      "signed_contribution_share": 0.0337884981284901,
      "magnitude_share": 0.0337884981284901,
      "active_rate": 0.0036576444769568397
    },
    "orientation_penalty": {
      "episode_sum_mean": -0.22738935558818443,
      "episode_abs_sum_mean": 0.22738935558818443,
      "signed_contribution_share": -0.00537115055009495,
      "magnitude_share": 0.00537115055009495,
      "active_rate": 1.0
    },
    "progress_delta": {
      "episode_sum_mean": 13.414139248430729,
      "episode_abs_sum_mean": 13.883727125823498,
      "signed_contribution_share": 0.3168545916183721,
      "magnitude_share": 0.3279466991598702,
      "active_rate": 1.0
    },
    "velocity_damping": {
      "episode_sum_mean": -6.7344501341342555,
      "episode_abs_sum_mean": 6.7344501341342555,
      "signed_contribution_share": -0.15907404921825535,
      "magnitude_share": 0.15907404921825535,
      "active_rate": 1.0
    }
  },
  "final_policy_component_error_count": 0
}