{
  "eval_episodes": 20,
  "eval_seed_offset": 10000,
  "eval_seeds": [
    10000,
    10001,
    10002,
    10003,
    10004,
    10005,
    10006,
    10007,
    10008,
    10009,
    10010,
    10011,
    10012,
    10013,
    10014,
    10015,
    10016,
    10017,
    10018,
    10019
  ],
  "episode_rewards": [
    -3.221027922301756,
    -23.6458636723577,
    -42.883458906999095,
    -28.838197754842213,
    -44.91887087563585,
    147.16728816190562,
    -15.271391983169707,
    -41.072603552331756,
    -100.74608945335781,
    24.798397941275194,
    -65.31400464277453,
    -42.355407593786865,
    -53.377514481296075,
    -39.12575267921402,
    186.84225497272521,
    -156.61662796872477,
    -170.69354000085838,
    -57.41737974093971,
    -98.43450751436018,
    -56.27643180428916
  ],
  "episode_lengths": [
    1000,
    1000,
    108,
    1000,
    1000,
    611,
    111,
    114,
    1000,
    1000,
    156,
    93,
    101,
    254,
    236,
    654,
    459,
    560,
    554,
    1000
  ],
  "episode_terminated": [
    false,
    false,
    true,
    false,
    false,
    true,
    true,
    true,
    false,
    false,
    true,
    true,
    true,
    true,
    true,
    true,
    true,
    true,
    true,
    false
  ],
  "mean_eval_reward": -34.070036473566674,
  "mean_episode_length": 550.55,
  "min_eval_reward": -170.69354000085838,
  "max_eval_reward": 186.84225497272521,
  "termination_breakdown": {
    "terminated": 13,
    "truncated": 7
  },
  "final_policy_component_evaluation": {
    "distance_reward": {
      "episode_sum_mean": -208.8909406623549,
      "episode_abs_sum_mean": 208.8909406623549,
      "signed_contribution_share": -0.3308433353991303,
      "magnitude_share": 0.3308433353991303,
      "active_rate": 1.0
    },
    "landing_quality": {
      "episode_sum_mean": 392.6049404029954,
      "episode_abs_sum_mean": 392.6049404029954,
      "signed_contribution_share": 0.6218112071554854,
      "magnitude_share": 0.6218112071554854,
      "active_rate": 1.0
    },
    "stability_penalty": {
      "episode_sum_mean": -29.89341505073528,
      "episode_abs_sum_mean": 29.89341505073528,
      "signed_contribution_share": -0.047345457445384306,
      "magnitude_share": 0.047345457445384306,
      "active_rate": 1.0
    }
  },
  "final_policy_component_error_count": 0
}