{
  "eval_episodes": 20,
  "eval_seed_offset": 10000,
  "eval_seeds": [
    10000,
    10001,
    10002,
    10003,
    10004,
    10005,
    10006,
    10007,
    10008,
    10009,
    10010,
    10011,
    10012,
    10013,
    10014,
    10015,
    10016,
    10017,
    10018,
    10019
  ],
  "episode_rewards": [
    -12.809272839056987,
    -22.596563923475184,
    0.6115659125647042,
    -55.72584998302631,
    -28.267474361060092,
    -27.2782026352791,
    7.286200548347493,
    -18.57545278041524,
    -46.464890555330314,
    201.90933342097873,
    122.69760165212791,
    15.843519099311242,
    8.443211711063245,
    9.288312416827077,
    -6.827108883737013,
    -44.07488374776904,
    -29.802898919385328,
    -28.415110745126725,
    -19.98741110382503,
    -22.01845960805117
  ],
  "episode_lengths": [
    1000,
    1000,
    1000,
    1000,
    1000,
    1000,
    1000,
    1000,
    1000,
    618,
    644,
    1000,
    1000,
    1000,
    1000,
    1000,
    1000,
    1000,
    1000,
    1000
  ],
  "episode_terminated": [
    false,
    false,
    false,
    false,
    false,
    false,
    false,
    false,
    false,
    true,
    true,
    false,
    false,
    false,
    false,
    false,
    false,
    false,
    false,
    false
  ],
  "mean_eval_reward": 0.16180823378414344,
  "mean_episode_length": 963.1,
  "min_eval_reward": -55.72584998302631,
  "max_eval_reward": 201.90933342097873,
  "termination_breakdown": {
    "terminated": 2,
    "truncated": 18
  },
  "final_policy_component_evaluation": {
    "landing_proxy": {
      "episode_sum_mean": 655.1918693180485,
      "episode_abs_sum_mean": 655.1918693180485,
      "signed_contribution_share": 0.9787700705255186,
      "magnitude_share": 0.9787700705255186,
      "active_rate": 0.9999480843110788
    },
    "progress_reward": {
      "episode_sum_mean": 5.843410688595015,
      "episode_abs_sum_mean": 8.25822752335895,
      "signed_contribution_share": 0.008729283374255941,
      "magnitude_share": 0.01233670061239748,
      "active_rate": 0.9993250960440245
    },
    "stability_penalty": {
      "episode_sum_mean": -5.953156331490011,
      "episode_abs_sum_mean": 5.953156331490011,
      "signed_contribution_share": -0.008893228862083815,
      "magnitude_share": 0.008893228862083815,
      "active_rate": 1.0
    }
  },
  "final_policy_component_error_count": 0
}