{
  "eval_episodes": 10,
  "episode_rewards": [
    -115.88725450139812,
    -393.34504445853446,
    -440.6455974263505,
    -266.72942175023127,
    -301.674626622696,
    -310.11424036789236,
    -158.45438445728996,
    -384.00809140218024,
    -286.7017471935434,
    -170.27981994816753
  ],
  "episode_lengths": [
    57,
    76,
    81,
    60,
    82,
    73,
    79,
    81,
    75,
    74
  ],
  "mean_eval_reward": -282.78402281282837,
  "mean_episode_length": 73.8,
  "min_eval_reward": -440.6455974263505,
  "max_eval_reward": -115.88725450139812
}