{
  "eval_episodes": 20,
  "eval_seed_offset": 10000,
  "eval_seeds": [
    10000,
    10001,
    10002,
    10003,
    10004,
    10005,
    10006,
    10007,
    10008,
    10009,
    10010,
    10011,
    10012,
    10013,
    10014,
    10015,
    10016,
    10017,
    10018,
    10019
  ],
  "episode_rewards": [
    233.50911900696826,
    140.02405723820772,
    165.2861335294108,
    109.55963186271654,
    221.06756640272567,
    103.19294538029561,
    137.1797653664586,
    133.05845812784864,
    105.39216527646497,
    259.69489873844253,
    170.30941647648822,
    258.1700378330112,
    258.6619322371615,
    178.81245782844633,
    120.52356369153964,
    207.64390381560213,
    207.74028945285738,
    140.54329781042227,
    234.5150487683237,
    211.13838757052878
  ],
  "episode_lengths": [
    413,
    1000,
    1000,
    1000,
    656,
    1000,
    1000,
    1000,
    1000,
    433,
    1000,
    732,
    397,
    1000,
    1000,
    964,
    444,
    1000,
    433,
    441
  ],
  "episode_terminated": [
    true,
    false,
    false,
    false,
    true,
    false,
    false,
    false,
    false,
    true,
    false,
    true,
    true,
    false,
    false,
    true,
    true,
    false,
    true,
    true
  ],
  "mean_eval_reward": 179.80115382069602,
  "mean_episode_length": 795.65,
  "min_eval_reward": 103.19294538029561,
  "max_eval_reward": 259.69489873844253,
  "termination_breakdown": {
    "terminated": 9,
    "truncated": 11
  },
  "final_policy_component_evaluation": {
    "angle_stability": {
      "episode_sum_mean": -2.7307515383898853,
      "episode_abs_sum_mean": 2.7307515383898853,
      "signed_contribution_share": -0.03707518272691885,
      "magnitude_share": 0.03707518272691885,
      "active_rate": 1.0
    },
    "approach_progress": {
      "episode_sum_mean": 2.7936457390431313,
      "episode_abs_sum_mean": 2.8600571796821894,
      "signed_contribution_share": 0.037929091970913084,
      "magnitude_share": 0.038830754484780156,
      "active_rate": 0.9914535285615534
    },
    "landing_quality": {
      "episode_sum_mean": 61.55097659565509,
      "episode_abs_sum_mean": 61.55097659565509,
      "signed_contribution_share": 0.8356724045460929,
      "magnitude_share": 0.8356724045460929,
      "active_rate": 1.0
    },
    "velocity_penalty": {
      "episode_sum_mean": -6.512647046148777,
      "episode_abs_sum_mean": 6.512647046148777,
      "signed_contribution_share": -0.088421658242208,
      "magnitude_share": 0.088421658242208,
      "active_rate": 0.1324074655941683
    }
  },
  "final_policy_component_error_count": 0
}