{
  "eval_episodes": 20,
  "eval_seed_offset": 10000,
  "eval_seeds": [
    10000,
    10001,
    10002,
    10003,
    10004,
    10005,
    10006,
    10007,
    10008,
    10009,
    10010,
    10011,
    10012,
    10013,
    10014,
    10015,
    10016,
    10017,
    10018,
    10019
  ],
  "episode_rewards": [
    248.21269078424584,
    141.52909053237516,
    -27.690641064131256,
    209.29316999564165,
    130.5928182283828,
    124.30251227331478,
    273.7107413600125,
    277.68966284756823,
    215.15009225464044,
    165.87307822231548,
    277.09783752306174,
    160.13618249014667,
    161.06952597561613,
    243.05909291595074,
    138.76271410387866,
    -1.9848625864297844,
    123.02017146742728,
    239.56115614383407,
    268.4088952432399,
    236.34185970924528
  ],
  "episode_lengths": [
    219,
    1000,
    115,
    219,
    1000,
    1000,
    241,
    233,
    247,
    1000,
    228,
    1000,
    1000,
    369,
    1000,
    225,
    1000,
    515,
    204,
    251
  ],
  "episode_terminated": [
    true,
    false,
    true,
    true,
    false,
    false,
    true,
    true,
    true,
    false,
    true,
    false,
    false,
    true,
    false,
    true,
    false,
    true,
    true,
    true
  ],
  "mean_eval_reward": 180.20678942101682,
  "mean_episode_length": 553.3,
  "min_eval_reward": -27.690641064131256,
  "max_eval_reward": 277.68966284756823,
  "termination_breakdown": {
    "terminated": 12,
    "truncated": 8
  },
  "final_policy_component_evaluation": {
    "progress_reward": {
      "episode_sum_mean": 1.2431086157811198,
      "episode_abs_sum_mean": 1.4671317709383949,
      "signed_contribution_share": 0.0006428326762789397,
      "magnitude_share": 0.0007586788722991592,
      "active_rate": 0.9909633110428339
    },
    "soft_landing_proxy": {
      "episode_sum_mean": 1811.5730826270799,
      "episode_abs_sum_mean": 1811.5730826270799,
      "signed_contribution_share": 0.9367953517467218,
      "magnitude_share": 0.9367953517467218,
      "active_rate": 1.0
    },
    "speed_tracking_reward": {
      "episode_sum_mean": -120.75789769687277,
      "episode_abs_sum_mean": 120.75789769687277,
      "signed_contribution_share": -0.06244596938097911,
      "magnitude_share": 0.06244596938097911,
      "active_rate": 1.0
    }
  },
  "final_policy_component_error_count": 0
}