{
  "eval_episodes": 10,
  "episode_rewards": [
    106.73795197274647,
    92.28558696464414,
    126.00906124403186,
    245.15257861274225,
    212.67323071233236,
    128.5575420482425,
    156.19691239128164,
    133.81699466980706,
    248.21836920391763,
    263.99013183635765
  ],
  "episode_lengths": [
    1000,
    1000,
    1000,
    485,
    473,
    1000,
    1000,
    1000,
    432,
    380
  ],
  "mean_eval_reward": 171.36383596561035,
  "mean_episode_length": 777,
  "min_eval_reward": 92.28558696464414,
  "max_eval_reward": 263.99013183635765
}