{
  "eval_episodes": 10,
  "episode_rewards": [
    71.35819878303512,
    124.4248760390378,
    111.37991278916464,
    248.6205972854589,
    134.07822254197725,
    196.58493425882344,
    275.04083472214995,
    25.15479731236026,
    177.9894183637127,
    122.78397149471441
  ],
  "episode_lengths": [
    1000,
    1000,
    1000,
    411,
    1000,
    524,
    416,
    104,
    1000,
    1000
  ],
  "mean_eval_reward": 148.74157635904345,
  "mean_episode_length": 745.5,
  "min_eval_reward": 25.15479731236026,
  "max_eval_reward": 275.04083472214995
}