{
  "eval_episodes": 20,
  "eval_seed_offset": 10000,
  "eval_seeds": [
    10000,
    10001,
    10002,
    10003,
    10004,
    10005,
    10006,
    10007,
    10008,
    10009,
    10010,
    10011,
    10012,
    10013,
    10014,
    10015,
    10016,
    10017,
    10018,
    10019
  ],
  "episode_rewards": [
    -155.21506323286107,
    -187.07954381476154,
    -154.55160437137675,
    -193.14718045237564,
    -213.24987468720082,
    -182.29549039374507,
    -140.28451086031615,
    -187.14489715209396,
    -170.96977125417843,
    -120.95796968749161,
    -122.30116919196509,
    -132.38807635845424,
    -116.69007262993048,
    -178.24904287886667,
    -154.23813106726396,
    -225.94471098655606,
    -195.48160866234193,
    -183.01742610087476,
    -156.47084497948202,
    -169.5216952875733
  ],
  "episode_lengths": [
    258,
    152,
    163,
    1000,
    459,
    1000,
    176,
    190,
    1000,
    166,
    122,
    171,
    161,
    118,
    190,
    543,
    366,
    190,
    326,
    282
  ],
  "episode_terminated": [
    true,
    true,
    true,
    false,
    true,
    false,
    true,
    true,
    false,
    true,
    true,
    true,
    true,
    true,
    true,
    true,
    true,
    true,
    true,
    true
  ],
  "mean_eval_reward": -166.95993420248547,
  "mean_episode_length": 351.65,
  "min_eval_reward": -225.94471098655606,
  "max_eval_reward": -116.69007262993048,
  "termination_breakdown": {
    "terminated": 17,
    "truncated": 3
  },
  "final_policy_component_evaluation": {
    "orientation_penalty": {
      "episode_sum_mean": -0.23618297983584852,
      "episode_abs_sum_mean": 0.23618297983584852,
      "signed_contribution_share": -0.21218912797560271,
      "magnitude_share": 0.21218912797560271,
      "active_rate": 1.0
    },
    "progress": {
      "episode_sum_mean": 0.14769716262817384,
      "episode_abs_sum_mean": 0.8768946886062622,
      "signed_contribution_share": 0.13269259353203466,
      "magnitude_share": 0.7878108720243974,
      "active_rate": 1.0
    },
    "soft_land_penalty": {
      "episode_sum_mean": 0.0,
      "episode_abs_sum_mean": 0.0,
      "signed_contribution_share": 0.0,
      "magnitude_share": 0.0,
      "active_rate": 0.0
    }
  },
  "final_policy_component_error_count": 0
}