{
  "eval_episodes": 20,
  "eval_seed_offset": 10000,
  "eval_seeds": [
    10000,
    10001,
    10002,
    10003,
    10004,
    10005,
    10006,
    10007,
    10008,
    10009,
    10010,
    10011,
    10012,
    10013,
    10014,
    10015,
    10016,
    10017,
    10018,
    10019
  ],
  "episode_rewards": [
    -6.4903897844645835,
    -4.006341012923135,
    20.91800398413886,
    -18.223729605471057,
    -35.439219524687886,
    -26.319760816314023,
    -1.586796810959516,
    5.86453257630108,
    -44.51330503160395,
    6.386173322010596,
    -0.26257373492145886,
    13.64540849522359,
    1.389587280239565,
    18.173758186565685,
    -8.669524322478233,
    -24.671803113918365,
    -35.58729950483302,
    -4.751007203487734,
    -11.530661786995458,
    -31.120237320134965
  ],
  "episode_lengths": [
    1000,
    1000,
    1000,
    1000,
    1000,
    1000,
    1000,
    1000,
    1000,
    1000,
    1000,
    1000,
    1000,
    1000,
    1000,
    1000,
    1000,
    1000,
    1000,
    1000
  ],
  "episode_terminated": [
    false,
    false,
    false,
    false,
    false,
    false,
    false,
    false,
    false,
    false,
    false,
    false,
    false,
    false,
    false,
    false,
    false,
    false,
    false,
    false
  ],
  "mean_eval_reward": -9.3397592864357,
  "mean_episode_length": 1000,
  "min_eval_reward": -44.51330503160395,
  "max_eval_reward": 20.91800398413886,
  "termination_breakdown": {
    "terminated": 0,
    "truncated": 20
  },
  "final_policy_component_evaluation": {
    "contact_reward": {
      "episode_sum_mean": 0.0,
      "episode_abs_sum_mean": 0.0,
      "signed_contribution_share": 0.0,
      "magnitude_share": 0.0,
      "active_rate": 0.0
    },
    "orientation_penalty": {
      "episode_sum_mean": -1.2285479582913803,
      "episode_abs_sum_mean": 1.2285479582913803,
      "signed_contribution_share": -0.07586334047995424,
      "magnitude_share": 0.07586334047995424,
      "active_rate": 1.0
    },
    "proximity_reward": {
      "episode_sum_mean": -13.996765229028824,
      "episode_abs_sum_mean": 13.996765229028824,
      "signed_contribution_share": -0.864305995562899,
      "magnitude_share": 0.864305995562899,
      "active_rate": 1.0
    },
    "velocity_penalty": {
      "episode_sum_mean": -0.9689111971966602,
      "episode_abs_sum_mean": 0.9689111971966602,
      "signed_contribution_share": -0.05983066395714675,
      "magnitude_share": 0.05983066395714675,
      "active_rate": 1.0
    }
  },
  "final_policy_component_error_count": 0
}