{
  "eval_episodes": 20,
  "eval_seed_offset": 10000,
  "eval_seeds": [
    10000,
    10001,
    10002,
    10003,
    10004,
    10005,
    10006,
    10007,
    10008,
    10009,
    10010,
    10011,
    10012,
    10013,
    10014,
    10015,
    10016,
    10017,
    10018,
    10019
  ],
  "episode_rewards": [
    -30.782605365310943,
    -30.29672493888726,
    -3.829927630800424,
    -42.240769795270374,
    -31.508592323123928,
    -47.56307048892227,
    -125.01346704407294,
    -13.42903344564855,
    -52.63904474252977,
    -32.21625747234527,
    10.424743398386362,
    -7.494355359298914,
    -10.739659613530035,
    -3.318614827337565,
    -38.35850869844678,
    -60.14356149144319,
    -54.539370374948845,
    -152.5863511558383,
    -28.76298889332106,
    -54.413777591107824
  ],
  "episode_lengths": [
    1000,
    1000,
    1000,
    1000,
    1000,
    1000,
    759,
    1000,
    1000,
    1000,
    1000,
    1000,
    1000,
    1000,
    1000,
    1000,
    1000,
    907,
    1000,
    1000
  ],
  "episode_terminated": [
    false,
    false,
    false,
    false,
    false,
    false,
    true,
    false,
    false,
    false,
    false,
    false,
    false,
    false,
    false,
    false,
    false,
    true,
    false,
    false
  ],
  "mean_eval_reward": -40.47259689268989,
  "mean_episode_length": 983.3,
  "min_eval_reward": -152.5863511558383,
  "max_eval_reward": 10.424743398386362,
  "termination_breakdown": {
    "terminated": 2,
    "truncated": 18
  },
  "final_policy_component_evaluation": {
    "angle_global": {
      "episode_sum_mean": -0.08573198473379658,
      "episode_abs_sum_mean": 0.08573198473379658,
      "signed_contribution_share": -0.00012382068236480872,
      "magnitude_share": 0.00012382068236480872,
      "active_rate": 0.9998983016373436
    },
    "angle_near": {
      "episode_sum_mean": -0.4305009896064688,
      "episode_abs_sum_mean": 0.4305009896064688,
      "signed_contribution_share": -0.0006217624199103016,
      "magnitude_share": 0.0006217624199103016,
      "active_rate": 0.9999491508186719
    },
    "angvel_global": {
      "episode_sum_mean": -0.006700759263442508,
      "episode_abs_sum_mean": 0.006700759263442508,
      "signed_contribution_share": -9.677748473198354e-06,
      "magnitude_share": 9.677748473198354e-06,
      "active_rate": 0.9995423573680464
    },
    "angvel_near": {
      "episode_sum_mean": -0.056520760382847146,
      "episode_abs_sum_mean": 0.056520760382847146,
      "signed_contribution_share": -8.163160038942983e-05,
      "magnitude_share": 8.163160038942983e-05,
      "active_rate": 0.9999491508186719
    },
    "contact_reward": {
      "episode_sum_mean": 7.571002042293548,
      "episode_abs_sum_mean": 7.571002042293548,
      "signed_contribution_share": 0.01093461958186295,
      "magnitude_share": 0.01093461958186295,
      "active_rate": 0.002288213159768128
    },
    "distance_progress": {
      "episode_sum_mean": 3.344685595482588,
      "episode_abs_sum_mean": 3.8828420497477056,
      "signed_contribution_share": 0.00483065047443304,
      "magnitude_share": 0.005607897141392153,
      "active_rate": 0.9999491508186719
    },
    "proximity_shaping": {
      "episode_sum_mean": 677.1910958766937,
      "episode_abs_sum_mean": 677.1910958766937,
      "signed_contribution_share": 0.978051118764897,
      "magnitude_share": 0.978051118764897,
      "active_rate": 1.0
    },
    "speed_penalty": {
      "episode_sum_mean": -3.163848732444477,
      "episode_abs_sum_mean": 3.163848732444477,
      "signed_contribution_share": -0.004569472060710123,
      "magnitude_share": 0.004569472060710123,
      "active_rate": 1.0
    }
  },
  "final_policy_component_error_count": 0
}