{
  "eval_episodes": 20,
  "eval_seed_offset": 10000,
  "eval_seeds": [
    10000,
    10001,
    10002,
    10003,
    10004,
    10005,
    10006,
    10007,
    10008,
    10009,
    10010,
    10011,
    10012,
    10013,
    10014,
    10015,
    10016,
    10017,
    10018,
    10019
  ],
  "episode_rewards": [
    193.81280173637356,
    213.60442739312856,
    241.37021475177744,
    187.70867239677955,
    194.45867843183217,
    181.91050271927804,
    84.51990521913005,
    206.31939426669308,
    174.02727870642852,
    227.2242526214264,
    233.69788343024348,
    216.4155329283181,
    213.24812813381018,
    228.76456308032024,
    205.18613267576654,
    180.64037711009837,
    176.32109513585817,
    217.03306852524622,
    205.43497736542926,
    182.9975066046704
  ],
  "episode_lengths": [
    628,
    589,
    583,
    566,
    605,
    615,
    1000,
    647,
    655,
    575,
    563,
    577,
    560,
    623,
    571,
    617,
    604,
    598,
    578,
    587
  ],
  "episode_terminated": [
    true,
    true,
    true,
    true,
    true,
    true,
    false,
    true,
    true,
    true,
    true,
    true,
    true,
    true,
    true,
    true,
    true,
    true,
    true,
    true
  ],
  "mean_eval_reward": 198.23476966163042,
  "mean_episode_length": 617.05,
  "min_eval_reward": 84.51990521913005,
  "max_eval_reward": 241.37021475177744,
  "termination_breakdown": {
    "terminated": 19,
    "truncated": 1
  },
  "final_policy_component_evaluation": {
    "approach_proximity": {
      "episode_sum_mean": 463.90277728140353,
      "episode_abs_sum_mean": 463.90277728140353,
      "signed_contribution_share": 0.7943184931732572,
      "magnitude_share": 0.7943184931732572,
      "active_rate": 1.0
    },
    "contact_reward": {
      "episode_sum_mean": 117.45,
      "episode_abs_sum_mean": 117.45,
      "signed_contribution_share": 0.20110400625303365,
      "magnitude_share": 0.20110400625303365,
      "active_rate": 0.06344704643059719
    },
    "soft_landing_velocity": {
      "episode_sum_mean": -2.2527472803406736,
      "episode_abs_sum_mean": 2.2527472803406736,
      "signed_contribution_share": -0.003857271206063307,
      "magnitude_share": 0.003857271206063307,
      "active_rate": 0.9784458309699376
    },
    "upright_stabilization": {
      "episode_sum_mean": -0.42063278999806214,
      "episode_abs_sum_mean": 0.42063278999806214,
      "signed_contribution_share": -0.0007202293676458176,
      "magnitude_share": 0.0007202293676458176,
      "active_rate": 1.0
    }
  },
  "final_policy_component_error_count": 0
}