{
  "eval_episodes": 10,
  "episode_rewards": [
    -109.51914441542982,
    -115.54768504294512,
    -110.66759218788006,
    -111.67628083029294,
    -117.41294616419916,
    -119.39450371132794,
    -116.41930543698246,
    -108.08193271257913,
    -133.2156593367531,
    -119.06242592524188
  ],
  "episode_lengths": [
    83,
    74,
    79,
    81,
    76,
    74,
    52,
    60,
    67,
    69
  ],
  "mean_eval_reward": -116.09974757636316,
  "mean_episode_length": 71.5,
  "min_eval_reward": -133.2156593367531,
  "max_eval_reward": -108.08193271257913
}