{
  "eval_episodes": 20,
  "eval_seed_offset": 10000,
  "eval_seeds": [
    10000,
    10001,
    10002,
    10003,
    10004,
    10005,
    10006,
    10007,
    10008,
    10009,
    10010,
    10011,
    10012,
    10013,
    10014,
    10015,
    10016,
    10017,
    10018,
    10019
  ],
  "episode_rewards": [
    95.3668227573066,
    72.44185230827654,
    206.24664167524816,
    46.40206708385098,
    155.64341014842907,
    45.517241429970966,
    90.93569079516942,
    43.30227397855454,
    55.25498113052243,
    108.07007728321015,
    156.95834116731726,
    96.213476742672,
    112.32653659253401,
    229.48199372641187,
    66.50668558074683,
    53.940453128519025,
    56.48614565413939,
    92.63740484920758,
    84.01997941727517,
    55.82431190712689
  ],
  "episode_lengths": [
    1000,
    1000,
    807,
    1000,
    857,
    1000,
    1000,
    1000,
    1000,
    1000,
    1000,
    1000,
    1000,
    626,
    1000,
    1000,
    1000,
    1000,
    1000,
    1000
  ],
  "episode_terminated": [
    false,
    false,
    true,
    false,
    true,
    false,
    false,
    false,
    false,
    false,
    false,
    false,
    false,
    true,
    false,
    false,
    false,
    false,
    false,
    false
  ],
  "mean_eval_reward": 96.17881936782445,
  "mean_episode_length": 964.5,
  "min_eval_reward": 43.30227397855454,
  "max_eval_reward": 229.48199372641187,
  "termination_breakdown": {
    "terminated": 3,
    "truncated": 17
  },
  "final_policy_component_evaluation": {
    "angle_hinge_penalty": {
      "episode_sum_mean": -0.16198007876009796,
      "episode_abs_sum_mean": 0.16198007876009796,
      "signed_contribution_share": -0.016707449152182408,
      "magnitude_share": 0.016707449152182408,
      "active_rate": 0.01026438569206843
    },
    "approach_reward": {
      "episode_sum_mean": 6.973723805590998,
      "episode_abs_sum_mean": 7.147307165211532,
      "signed_contribution_share": 0.7193053415898039,
      "magnitude_share": 0.7372096121440881,
      "active_rate": 0.9977190254017626
    },
    "health_gate_modulation": {
      "episode_sum_mean": -0.37567387745120473,
      "episode_abs_sum_mean": 0.37567387745120473,
      "signed_contribution_share": -0.03874891439344928,
      "magnitude_share": 0.03874891439344928,
      "active_rate": 0.910108864696734
    },
    "speed_penalty": {
      "episode_sum_mean": -2.010120233287698,
      "episode_abs_sum_mean": 2.010120233287698,
      "signed_contribution_share": -0.20733402431028022,
      "magnitude_share": 0.20733402431028022,
      "active_rate": 0.9981337480559875
    }
  },
  "final_policy_component_error_count": 0
}