{
  "eval_episodes": 20,
  "eval_seed_offset": 10000,
  "eval_seeds": [
    10000,
    10001,
    10002,
    10003,
    10004,
    10005,
    10006,
    10007,
    10008,
    10009,
    10010,
    10011,
    10012,
    10013,
    10014,
    10015,
    10016,
    10017,
    10018,
    10019
  ],
  "episode_rewards": [
    55.807948985085254,
    81.46057064318842,
    96.53797349911603,
    64.6314810280105,
    218.910711316348,
    42.88775699198064,
    202.93552855723152,
    71.56432387756053,
    199.92932505775627,
    249.03216614847665,
    41.826428268280665,
    71.27467874569783,
    207.66881825269763,
    251.41453042419556,
    55.44652288965526,
    37.23985719533833,
    11.52228113364961,
    246.15815196191022,
    42.73580114612581,
    30.685872851763232
  ],
  "episode_lengths": [
    1000,
    1000,
    1000,
    1000,
    505,
    1000,
    792,
    1000,
    524,
    518,
    171,
    1000,
    269,
    571,
    1000,
    1000,
    1000,
    389,
    1000,
    1000
  ],
  "episode_terminated": [
    false,
    false,
    false,
    false,
    true,
    false,
    true,
    false,
    true,
    true,
    true,
    false,
    true,
    true,
    false,
    false,
    false,
    true,
    false,
    false
  ],
  "mean_eval_reward": 113.9835364487034,
  "mean_episode_length": 786.95,
  "min_eval_reward": 11.52228113364961,
  "max_eval_reward": 251.41453042419556,
  "termination_breakdown": {
    "terminated": 8,
    "truncated": 12
  },
  "final_policy_component_evaluation": {
    "energy_penalty": {
      "episode_sum_mean": -6.076499999999914,
      "episode_abs_sum_mean": 6.076499999999914,
      "signed_contribution_share": -0.007451139044556679,
      "magnitude_share": 0.007451139044556679,
      "active_rate": 0.772158332803863
    },
    "landing_event": {
      "episode_sum_mean": 691.5458687186241,
      "episode_abs_sum_mean": 691.5458687186241,
      "signed_contribution_share": 0.8479888790440682,
      "magnitude_share": 0.8479888790440682,
      "active_rate": 0.08945930491136667
    },
    "proximity": {
      "episode_sum_mean": 1.3335241490975023,
      "episode_abs_sum_mean": 1.3335241490975023,
      "signed_contribution_share": 0.0016351968821196022,
      "magnitude_share": 0.0016351968821196022,
      "active_rate": 0.7109727428680348
    },
    "soft_landing": {
      "episode_sum_mean": 116.55700571910765,
      "episode_abs_sum_mean": 116.55700571910765,
      "signed_contribution_share": 0.14292478502925557,
      "magnitude_share": 0.14292478502925557,
      "active_rate": 0.8217167545587394
    }
  },
  "final_policy_component_error_count": 0
}