{
  "eval_episodes": 20,
  "eval_seed_offset": 10000,
  "eval_seeds": [
    10000,
    10001,
    10002,
    10003,
    10004,
    10005,
    10006,
    10007,
    10008,
    10009,
    10010,
    10011,
    10012,
    10013,
    10014,
    10015,
    10016,
    10017,
    10018,
    10019
  ],
  "episode_rewards": [
    36.24719110110837,
    271.5772441966391,
    265.1864692450109,
    249.14434774614458,
    252.70768629071208,
    242.05644196715798,
    -55.72233032104105,
    185.34011921456255,
    243.9186542667236,
    -77.20183693750184,
    -52.72992356363807,
    -56.03370659150625,
    -76.89872783269922,
    271.41100241537515,
    6.345396347240111,
    260.51741156563855,
    247.30536246107704,
    257.9254738163228,
    268.8709011434272,
    -5.328069153296667
  ],
  "episode_lengths": [
    81,
    335,
    483,
    269,
    309,
    306,
    85,
    764,
    280,
    77,
    56,
    65,
    70,
    424,
    79,
    220,
    174,
    368,
    210,
    94
  ],
  "episode_terminated": [
    true,
    true,
    true,
    true,
    true,
    true,
    true,
    true,
    true,
    true,
    true,
    true,
    true,
    true,
    true,
    true,
    true,
    true,
    true,
    true
  ],
  "mean_eval_reward": 136.73195536887286,
  "mean_episode_length": 237.45,
  "min_eval_reward": -77.20183693750184,
  "max_eval_reward": 271.5772441966391,
  "termination_breakdown": {
    "terminated": 20,
    "truncated": 0
  },
  "final_policy_component_evaluation": {
    "approach_reward": {
      "episode_sum_mean": 3.7687578100332635,
      "episode_abs_sum_mean": 3.9262393332441716,
      "signed_contribution_share": 0.03167199767241542,
      "magnitude_share": 0.032995445526587903,
      "active_rate": 0.9623078542851127
    },
    "soft_landing_proxy": {
      "episode_sum_mean": 114.79037822481743,
      "episode_abs_sum_mean": 114.79037822481743,
      "signed_contribution_share": 0.9646787549662192,
      "magnitude_share": 0.9646787549662192,
      "active_rate": 0.11391871973046958
    },
    "stability_penalty": {
      "episode_sum_mean": -0.2767547266189299,
      "episode_abs_sum_mean": 0.2767547266189299,
      "signed_contribution_share": -0.0023257995071928887,
      "magnitude_share": 0.0023257995071928887,
      "active_rate": 1.0
    }
  },
  "final_policy_component_error_count": 0
}