{
  "eval_episodes": 20,
  "eval_seed_offset": 10000,
  "eval_seeds": [
    10000,
    10001,
    10002,
    10003,
    10004,
    10005,
    10006,
    10007,
    10008,
    10009,
    10010,
    10011,
    10012,
    10013,
    10014,
    10015,
    10016,
    10017,
    10018,
    10019
  ],
  "episode_rewards": [
    238.92785981094968,
    267.84586181227786,
    271.8673492696771,
    223.25868449399576,
    244.8342650212006,
    234.02126330074944,
    263.75525955250305,
    215.79785597284737,
    227.41847181016038,
    260.9627761346781,
    247.6724135357732,
    140.75803101196507,
    252.1761196145209,
    263.6283828270183,
    247.00958640794494,
    233.0856195053216,
    224.28673863308103,
    233.9859715189711,
    249.45160949329428,
    223.34430456669747
  ],
  "episode_lengths": [
    274,
    350,
    455,
    484,
    350,
    312,
    436,
    491,
    379,
    313,
    259,
    1000,
    308,
    401,
    342,
    352,
    316,
    440,
    318,
    374
  ],
  "episode_terminated": [
    true,
    true,
    true,
    true,
    true,
    true,
    true,
    true,
    true,
    true,
    true,
    false,
    true,
    true,
    true,
    true,
    true,
    true,
    true,
    true
  ],
  "mean_eval_reward": 238.20442121468136,
  "mean_episode_length": 397.7,
  "min_eval_reward": 140.75803101196507,
  "max_eval_reward": 271.8673492696771,
  "termination_breakdown": {
    "terminated": 19,
    "truncated": 1
  },
  "final_policy_component_evaluation": {
    "angvel_penalty": {
      "episode_sum_mean": -0.12038370010519805,
      "episode_abs_sum_mean": 0.12038370010519805,
      "signed_contribution_share": -0.0013538636830876145,
      "magnitude_share": 0.0013538636830876145,
      "active_rate": 0.9417902941916018
    },
    "landing_reward": {
      "episode_sum_mean": 77.95,
      "episode_abs_sum_mean": 77.95,
      "signed_contribution_share": 0.8766442134978265,
      "magnitude_share": 0.8766442134978265,
      "active_rate": 0.19600201156650743
    },
    "orientation_penalty": {
      "episode_sum_mean": -0.22451868468296368,
      "episode_abs_sum_mean": 0.22451868468296368,
      "signed_contribution_share": -0.0025249904522060703,
      "magnitude_share": 0.0025249904522060703,
      "active_rate": 1.0
    },
    "target_proximity": {
      "episode_sum_mean": -8.682168008791152,
      "episode_abs_sum_mean": 8.682168008791152,
      "signed_contribution_share": -0.09764172348329325,
      "magnitude_share": 0.09764172348329325,
      "active_rate": 1.0
    },
    "velocity_penalty": {
      "episode_sum_mean": -1.941556798378153,
      "episode_abs_sum_mean": 1.941556798378153,
      "signed_contribution_share": -0.02183520888358658,
      "magnitude_share": 0.02183520888358658,
      "active_rate": 0.971460900176012
    }
  },
  "final_policy_component_error_count": 0
}