{
  "eval_episodes": 20,
  "eval_seed_offset": 10000,
  "eval_seeds": [
    10000,
    10001,
    10002,
    10003,
    10004,
    10005,
    10006,
    10007,
    10008,
    10009,
    10010,
    10011,
    10012,
    10013,
    10014,
    10015,
    10016,
    10017,
    10018,
    10019
  ],
  "episode_rewards": [
    -205.94587906242174,
    -147.20904435802336,
    -123.29278201948945,
    -201.03693268478213,
    -218.51929776674334,
    -224.72305143149384,
    23.66051701196784,
    -151.57386092133783,
    -149.59587277475788,
    28.182914374134498,
    264.24486815037363,
    276.32194274951996,
    1.156618444376491,
    -148.20140245831865,
    -122.54728445331905,
    -214.10015991571092,
    -240.86835948137337,
    -215.0967582326386,
    -234.58639942300414,
    -252.14594260452057
  ],
  "episode_lengths": [
    925,
    674,
    613,
    762,
    951,
    892,
    118,
    630,
    1000,
    99,
    176,
    287,
    90,
    759,
    1000,
    805,
    961,
    921,
    988,
    983
  ],
  "episode_terminated": [
    true,
    true,
    true,
    true,
    true,
    true,
    true,
    true,
    false,
    true,
    true,
    true,
    true,
    true,
    false,
    true,
    true,
    true,
    true,
    true
  ],
  "mean_eval_reward": -112.79380834287812,
  "mean_episode_length": 681.7,
  "min_eval_reward": -252.14594260452057,
  "max_eval_reward": 276.32194274951996,
  "termination_breakdown": {
    "terminated": 18,
    "truncated": 2
  },
  "final_policy_component_evaluation": {
    "angle_penalty": {
      "episode_sum_mean": -1.5859101394311135,
      "episode_abs_sum_mean": 1.5859101394311135,
      "signed_contribution_share": -0.001591366484015589,
      "magnitude_share": 0.001591366484015589,
      "active_rate": 1.0
    },
    "potential_diff": {
      "episode_sum_mean": 0.5877187239935684,
      "episode_abs_sum_mean": 4.985373320864477,
      "signed_contribution_share": 0.0005897407779530742,
      "magnitude_share": 0.005002525563002638,
      "active_rate": 1.0
    },
    "success_bonus": {
      "episode_sum_mean": 990.0,
      "episode_abs_sum_mean": 990.0,
      "signed_contribution_share": 0.9934061079529818,
      "magnitude_share": 0.9934061079529818,
      "active_rate": 0.007261258618160481
    }
  },
  "final_policy_component_error_count": 0
}