{
  "eval_episodes": 20,
  "eval_seed_offset": 10000,
  "eval_seeds": [
    10000,
    10001,
    10002,
    10003,
    10004,
    10005,
    10006,
    10007,
    10008,
    10009,
    10010,
    10011,
    10012,
    10013,
    10014,
    10015,
    10016,
    10017,
    10018,
    10019
  ],
  "episode_rewards": [
    -110.36222373618716,
    -137.45346960697958,
    -113.84969696041739,
    144.66541503538122,
    -146.3869515326756,
    -158.03663069497026,
    -92.16819436779707,
    -152.4053802715523,
    -159.3111845546824,
    -90.69914110706634,
    -62.18930649952803,
    -82.50777579753829,
    -94.13600776308292,
    -87.7438971692444,
    -116.74071469912477,
    -157.6369853567337,
    -153.33777318363227,
    -127.79339859657223,
    -112.9353210194681,
    -150.00665465195635
  ],
  "episode_lengths": [
    438,
    683,
    679,
    411,
    610,
    547,
    416,
    706,
    567,
    418,
    339,
    443,
    435,
    397,
    461,
    612,
    539,
    601,
    445,
    435
  ],
  "episode_terminated": [
    true,
    true,
    true,
    true,
    true,
    true,
    true,
    true,
    true,
    true,
    true,
    true,
    true,
    true,
    true,
    true,
    true,
    true,
    true,
    true
  ],
  "mean_eval_reward": -108.0517646266914,
  "mean_episode_length": 509.1,
  "min_eval_reward": -159.3111845546824,
  "max_eval_reward": 144.66541503538122,
  "termination_breakdown": {
    "terminated": 20,
    "truncated": 0
  },
  "final_policy_component_evaluation": {
    "contact": {
      "episode_sum_mean": 4.536741471290588,
      "episode_abs_sum_mean": 4.536741471290588,
      "signed_contribution_share": 0.008794713951587848,
      "magnitude_share": 0.008794713951587848,
      "active_rate": 0.014535454724022786
    },
    "engine_penalty": {
      "episode_sum_mean": -10.558499999999965,
      "episode_abs_sum_mean": 10.558499999999965,
      "signed_contribution_share": -0.02046821222797691,
      "magnitude_share": 0.02046821222797691,
      "active_rate": 0.691318012178354
    },
    "progress": {
      "episode_sum_mean": 0.18837448772648605,
      "episode_abs_sum_mean": 0.18837448772648605,
      "signed_contribution_share": 0.00036517393504021983,
      "magnitude_share": 0.00036517393504021983,
      "active_rate": 0.4052249066980947
    },
    "stability": {
      "episode_sum_mean": 500.56505134999753,
      "episode_abs_sum_mean": 500.56505134999753,
      "signed_contribution_share": 0.9703718998853951,
      "magnitude_share": 0.9703718998853951,
      "active_rate": 1.0
    }
  },
  "final_policy_component_error_count": 0
}