{
  "eval_episodes": 20,
  "eval_seed_offset": 10000,
  "eval_seeds": [
    10000,
    10001,
    10002,
    10003,
    10004,
    10005,
    10006,
    10007,
    10008,
    10009,
    10010,
    10011,
    10012,
    10013,
    10014,
    10015,
    10016,
    10017,
    10018,
    10019
  ],
  "episode_rewards": [
    303.7259814353036,
    304.549804599886,
    306.0714384592754,
    304.3381351654594,
    305.9951689770767,
    306.1250433548906,
    305.23210371341634,
    303.9701649612494,
    304.67081738525206,
    305.9897780616329,
    304.7633177492649,
    304.8823512392373,
    305.95558731427127,
    304.2067473069584,
    304.580381200512,
    304.23662150105946,
    305.60332495564205,
    303.94723809219334,
    304.262721288351,
    304.5274572495658
  ],
  "episode_lengths": [
    1173,
    1156,
    1137,
    1178,
    1137,
    1141,
    1153,
    1179,
    1180,
    1147,
    1157,
    1124,
    1145,
    1163,
    1148,
    1167,
    1142,
    1161,
    1138,
    1163
  ],
  "episode_terminated": [
    true,
    true,
    true,
    true,
    true,
    true,
    true,
    true,
    true,
    true,
    true,
    true,
    true,
    true,
    true,
    true,
    true,
    true,
    true,
    true
  ],
  "mean_eval_reward": 304.8817092005249,
  "mean_episode_length": 1154.45,
  "min_eval_reward": 303.7259814353036,
  "max_eval_reward": 306.1250433548906,
  "termination_breakdown": {
    "terminated": 20,
    "truncated": 0
  },
  "final_policy_component_evaluation": {
    "double_flight_penalty": {
      "episode_sum_mean": -32.71999999999995,
      "episode_abs_sum_mean": 32.71999999999995,
      "signed_contribution_share": -0.07899925634252071,
      "magnitude_share": 0.07899925634252071,
      "active_rate": 0.1417125037896834
    },
    "forward_velocity_reward": {
      "episode_sum_mean": 347.57920051244,
      "episode_abs_sum_mean": 347.7491633416278,
      "signed_contribution_share": 0.8391961601653636,
      "magnitude_share": 0.8396065188790466,
      "active_rate": 1.0
    },
    "upright_penalty": {
      "episode_sum_mean": -33.71195069486824,
      "episode_abs_sum_mean": 33.71195069486824,
      "signed_contribution_share": -0.08139422477843275,
      "magnitude_share": 0.08139422477843275,
      "active_rate": 1.0
    }
  },
  "final_policy_component_error_count": 0
}