{
  "eval_episodes": 10,
  "episode_rewards": [
    -111.78245466666323,
    -117.29093311024621,
    -107.76280629661093,
    -100.37448746631893,
    -99.84281775015442,
    -126.21723737362697,
    -117.7074325665246,
    -107.82045662034409,
    -104.08270511861708,
    -109.31953936201712
  ],
  "episode_lengths": [
    81,
    76,
    74,
    52,
    60,
    67,
    68,
    60,
    82,
    62
  ],
  "mean_eval_reward": -110.22008703311236,
  "mean_episode_length": 68.2,
  "min_eval_reward": -126.21723737362697,
  "max_eval_reward": -99.84281775015442
}