{
  "eval_episodes": 20,
  "eval_seed_offset": 10000,
  "eval_seeds": [
    10000,
    10001,
    10002,
    10003,
    10004,
    10005,
    10006,
    10007,
    10008,
    10009,
    10010,
    10011,
    10012,
    10013,
    10014,
    10015,
    10016,
    10017,
    10018,
    10019
  ],
  "episode_rewards": [
    299.5510000022553,
    301.23318588252414,
    300.7330115294213,
    299.07095280783983,
    301.0266357103414,
    301.4857508235144,
    300.6708061320651,
    300.25364528102654,
    299.89959265993747,
    300.67400415449487,
    300.3447795811366,
    299.77179981962803,
    299.7464608296739,
    300.6083642314593,
    299.9887967794142,
    299.8631633373453,
    300.74932880591325,
    299.91771065750635,
    299.60557442945503,
    299.30099927586815
  ],
  "episode_lengths": [
    1077,
    1070,
    1069,
    1085,
    1060,
    1048,
    1076,
    1074,
    1088,
    1068,
    1089,
    1084,
    1075,
    1074,
    1089,
    1088,
    1085,
    1080,
    1094,
    1088
  ],
  "episode_terminated": [
    true,
    true,
    true,
    true,
    true,
    true,
    true,
    true,
    true,
    true,
    true,
    true,
    true,
    true,
    true,
    true,
    true,
    true,
    true,
    true
  ],
  "mean_eval_reward": 300.22477813654103,
  "mean_episode_length": 1078.05,
  "min_eval_reward": 299.07095280783983,
  "max_eval_reward": 301.4857508235144,
  "termination_breakdown": {
    "terminated": 20,
    "truncated": 0
  },
  "final_policy_component_evaluation": {
    "energy": {
      "episode_sum_mean": -8.25140737060582,
      "episode_abs_sum_mean": 8.25140737060582,
      "signed_contribution_share": -0.0077821622764159566,
      "magnitude_share": 0.0077821622764159566,
      "active_rate": 1.0
    },
    "forward_velocity": {
      "episode_sum_mean": 1008.7818038481834,
      "episode_abs_sum_mean": 1008.7818038481834,
      "signed_contribution_share": 0.9514139038884694,
      "magnitude_share": 0.9514139038884694,
      "active_rate": 0.9932748944854135
    },
    "stability": {
      "episode_sum_mean": -43.26430989715084,
      "episode_abs_sum_mean": 43.26430989715084,
      "signed_contribution_share": -0.040803933835114596,
      "magnitude_share": 0.040803933835114596,
      "active_rate": 1.0
    }
  },
  "final_policy_component_error_count": 0
}