{
  "eval_episodes": 20,
  "eval_seed_offset": 10000,
  "eval_seeds": [
    10000,
    10001,
    10002,
    10003,
    10004,
    10005,
    10006,
    10007,
    10008,
    10009,
    10010,
    10011,
    10012,
    10013,
    10014,
    10015,
    10016,
    10017,
    10018,
    10019
  ],
  "episode_rewards": [
    -377.4231260973355,
    -337.382678416503,
    -407.5940416215919,
    -353.0508149134688,
    -463.9267331615659,
    -435.76316791940565,
    -403.77561560114225,
    -304.7087000133337,
    -485.46256729996725,
    -376.9094487983529,
    -324.7243908372153,
    -390.1413778671415,
    -357.0176002985754,
    -306.5237284370554,
    -358.28615441608883,
    -499.6541455189774,
    -452.5011814826693,
    -309.00555736648386,
    -421.55375234392966,
    -408.0326461318068
  ],
  "episode_lengths": [
    124,
    101,
    85,
    152,
    110,
    120,
    96,
    108,
    119,
    89,
    85,
    89,
    94,
    83,
    123,
    112,
    141,
    101,
    139,
    119
  ],
  "episode_terminated": [
    true,
    true,
    true,
    true,
    true,
    true,
    true,
    true,
    true,
    true,
    true,
    true,
    true,
    true,
    true,
    true,
    true,
    true,
    true,
    true
  ],
  "mean_eval_reward": -388.6718714271305,
  "mean_episode_length": 109.5,
  "min_eval_reward": -499.6541455189774,
  "max_eval_reward": -304.7087000133337,
  "termination_breakdown": {
    "terminated": 20,
    "truncated": 0
  },
  "final_policy_component_evaluation": {
    "approach_shaping": {
      "episode_sum_mean": -0.9337209582328796,
      "episode_abs_sum_mean": 1.0462386965751649,
      "signed_contribution_share": -0.1253386134402202,
      "magnitude_share": 0.1404425020130353,
      "active_rate": 1.0
    },
    "descent_safety": {
      "episode_sum_mean": -2.805848725885153,
      "episode_abs_sum_mean": 2.805848725885153,
      "signed_contribution_share": -0.37664484846846574,
      "magnitude_share": 0.37664484846846574,
      "active_rate": 0.062100456621004566
    },
    "fuel_penalty": {
      "episode_sum_mean": -3.5974999999999953,
      "episode_abs_sum_mean": 3.5974999999999953,
      "signed_contribution_share": -0.48291264951849894,
      "magnitude_share": 0.48291264951849894,
      "active_rate": 0.6570776255707762
    },
    "stable_landed": {
      "episode_sum_mean": 0.0,
      "episode_abs_sum_mean": 0.0,
      "signed_contribution_share": 0.0,
      "magnitude_share": 0.0,
      "active_rate": 0.0
    },
    "touchdown_bonus": {
      "episode_sum_mean": 0.0,
      "episode_abs_sum_mean": 0.0,
      "signed_contribution_share": 0.0,
      "magnitude_share": 0.0,
      "active_rate": 0.0
    }
  },
  "final_policy_component_error_count": 0
}