{
  "eval_episodes": 10,
  "episode_rewards": [
    120.42571372837985,
    -46.189000987404214,
    -48.40048845016772,
    175.5948071058484,
    222.44697537866702,
    82.87192886361188,
    -48.65117234080633,
    70.4439540821008,
    271.9598572671182,
    56.270502017562336
  ],
  "episode_lengths": [
    1000,
    1000,
    1000,
    603,
    634,
    1000,
    1000,
    1000,
    403,
    1000
  ],
  "mean_eval_reward": 85.67730766649102,
  "mean_episode_length": 864,
  "min_eval_reward": -48.65117234080633,
  "max_eval_reward": 271.9598572671182
}