{
  "eval_episodes": 20,
  "eval_seed_offset": 10000,
  "eval_seeds": [
    10000,
    10001,
    10002,
    10003,
    10004,
    10005,
    10006,
    10007,
    10008,
    10009,
    10010,
    10011,
    10012,
    10013,
    10014,
    10015,
    10016,
    10017,
    10018,
    10019
  ],
  "episode_rewards": [
    -109.4635048033108,
    -118.34189039870935,
    -117.70964556959319,
    -107.81910650266576,
    -107.74137704041499,
    -116.43021990910438,
    -120.95786363529027,
    -112.05992811411664,
    -110.96729290159746,
    -108.51396670048959,
    -95.05909309317079,
    -101.34251437301454,
    -121.6705185174201,
    -116.33745882643325,
    -103.79102505005059,
    -102.01601554398545,
    -111.80662566871285,
    -103.81033827852099,
    -78.93329196449965,
    -123.24209369285714
  ],
  "episode_lengths": [
    57,
    76,
    81,
    61,
    83,
    74,
    78,
    81,
    76,
    74,
    52,
    60,
    67,
    69,
    60,
    82,
    62,
    54,
    55,
    68
  ],
  "episode_terminated": [
    true,
    true,
    true,
    true,
    true,
    true,
    true,
    true,
    true,
    true,
    true,
    true,
    true,
    true,
    true,
    true,
    true,
    true,
    true,
    true
  ],
  "mean_eval_reward": -109.4006885291979,
  "mean_episode_length": 68.5,
  "min_eval_reward": -123.24209369285714,
  "max_eval_reward": -78.93329196449965,
  "termination_breakdown": {
    "terminated": 20,
    "truncated": 0
  },
  "final_policy_component_evaluation": {
    "progress_delta": {
      "episode_sum_mean": 3.361815131083131,
      "episode_abs_sum_mean": 3.481857315078378,
      "signed_contribution_share": 0.29561445522469665,
      "magnitude_share": 0.3061701233510116,
      "active_rate": 1.0
    },
    "soft_landing_reward": {
      "episode_sum_mean": 0.3460063808388201,
      "episode_abs_sum_mean": 0.3460063808388201,
      "signed_contribution_share": 0.030425375515215215,
      "magnitude_share": 0.030425375515215215,
      "active_rate": 0.9605839416058394
    },
    "stability_penalty": {
      "episode_sum_mean": -7.544432454241678,
      "episode_abs_sum_mean": 7.544432454241678,
      "signed_contribution_share": -0.6634045011337731,
      "magnitude_share": 0.6634045011337731,
      "active_rate": 1.0
    }
  },
  "final_policy_component_error_count": 0
}