{
  "eval_episodes": 20,
  "eval_seed_offset": 10000,
  "eval_seeds": [
    10000,
    10001,
    10002,
    10003,
    10004,
    10005,
    10006,
    10007,
    10008,
    10009,
    10010,
    10011,
    10012,
    10013,
    10014,
    10015,
    10016,
    10017,
    10018,
    10019
  ],
  "episode_rewards": [
    233.4576013553192,
    229.80633739361627,
    239.84552050757063,
    213.68094591554532,
    219.10839216557054,
    73.08709617319283,
    245.45955708143381,
    202.92048615447325,
    188.58623111697074,
    234.0808277641972,
    134.65800589180205,
    260.8020756748376,
    241.03824237339873,
    33.308422370175805,
    221.74129033950865,
    99.73394169256386,
    194.910202824524,
    -18.948540916954187,
    223.95621288484608,
    201.59473859295093
  ],
  "episode_lengths": [
    342,
    374,
    283,
    351,
    349,
    1000,
    365,
    313,
    380,
    362,
    1000,
    363,
    334,
    239,
    354,
    1000,
    453,
    198,
    324,
    345
  ],
  "episode_terminated": [
    true,
    true,
    true,
    true,
    true,
    false,
    true,
    true,
    true,
    true,
    false,
    true,
    true,
    true,
    true,
    false,
    true,
    true,
    true,
    true
  ],
  "mean_eval_reward": 183.64137936777718,
  "mean_episode_length": 436.45,
  "min_eval_reward": -18.948540916954187,
  "max_eval_reward": 260.8020756748376,
  "termination_breakdown": {
    "terminated": 17,
    "truncated": 3
  },
  "final_policy_component_evaluation": {
    "distance_penalty": {
      "episode_sum_mean": -191.1215438897023,
      "episode_abs_sum_mean": 191.1215438897023,
      "signed_contribution_share": -0.16661663539409097,
      "magnitude_share": 0.16661663539409097,
      "active_rate": 1.0
    },
    "landing_proxy": {
      "episode_sum_mean": 946.3829639196396,
      "episode_abs_sum_mean": 946.3829639196396,
      "signed_contribution_share": 0.8250411860087206,
      "magnitude_share": 0.8250411860087206,
      "active_rate": 1.0
    },
    "orientation_penalty": {
      "episode_sum_mean": -5.758461796378424,
      "episode_abs_sum_mean": 5.758461796378424,
      "signed_contribution_share": -0.005020132791056225,
      "magnitude_share": 0.005020132791056225,
      "active_rate": 1.0
    },
    "velocity_penalty": {
      "episode_sum_mean": -3.8106310443645235,
      "episode_abs_sum_mean": 3.8106310443645235,
      "signed_contribution_share": -0.0033220458061321537,
      "magnitude_share": 0.0033220458061321537,
      "active_rate": 0.9926681177683584
    }
  },
  "final_policy_component_error_count": 0
}