{
  "eval_episodes": 20,
  "eval_seed_offset": 10000,
  "eval_seeds": [
    10000,
    10001,
    10002,
    10003,
    10004,
    10005,
    10006,
    10007,
    10008,
    10009,
    10010,
    10011,
    10012,
    10013,
    10014,
    10015,
    10016,
    10017,
    10018,
    10019
  ],
  "episode_rewards": [
    -120.97226532670871,
    -126.31116275686176,
    -112.82140587772021,
    -119.34753041171399,
    -118.10527976704722,
    -135.3320366715119,
    -137.8112057089146,
    -126.27442641231573,
    -143.19934465847646,
    -125.71568822331525,
    -118.03819448493695,
    -105.25942784256722,
    -138.84232124797143,
    -126.43732524115805,
    -117.19276868766713,
    -110.29924809036052,
    -111.80662566871285,
    -99.64212784757851,
    -109.96365117000809,
    -137.26191155035093
  ],
  "episode_lengths": [
    57,
    76,
    81,
    61,
    83,
    74,
    78,
    80,
    75,
    74,
    51,
    60,
    67,
    69,
    60,
    82,
    62,
    54,
    54,
    68
  ],
  "episode_terminated": [
    true,
    true,
    true,
    true,
    true,
    true,
    true,
    true,
    true,
    true,
    true,
    true,
    true,
    true,
    true,
    true,
    true,
    true,
    true,
    true
  ],
  "mean_eval_reward": -122.03169738229488,
  "mean_episode_length": 68.3,
  "min_eval_reward": -143.19934465847646,
  "max_eval_reward": -99.64212784757851,
  "termination_breakdown": {
    "terminated": 20,
    "truncated": 0
  },
  "final_policy_component_evaluation": {
    "engine_penalty": {
      "episode_sum_mean": -0.195,
      "episode_abs_sum_mean": 0.195,
      "signed_contribution_share": -0.01844429169207844,
      "magnitude_share": 0.01844429169207844,
      "active_rate": 0.05710102489019034
    },
    "landing_reward": {
      "episode_sum_mean": 6.0,
      "episode_abs_sum_mean": 6.0,
      "signed_contribution_share": 0.5675166674485673,
      "magnitude_share": 0.5675166674485673,
      "active_rate": 0.004392386530014641
    },
    "lateral_penalty": {
      "episode_sum_mean": -2.1081714616317186,
      "episode_abs_sum_mean": 2.1081714616317186,
      "signed_contribution_share": -0.1994037403859014,
      "magnitude_share": 0.1994037403859014,
      "active_rate": 1.0
    },
    "progress_reward": {
      "episode_sum_mean": 2.2692052528262137,
      "episode_abs_sum_mean": 2.2692052528262137,
      "signed_contribution_share": 0.21463530047345275,
      "magnitude_share": 0.21463530047345275,
      "active_rate": 0.9216691068814056
    }
  },
  "final_policy_component_error_count": 0
}