{
  "eval_episodes": 10,
  "episode_rewards": [
    -111.14554631349299,
    -116.58446446854632,
    -122.28180221237798,
    -121.2105436240193,
    -137.89814011995307,
    -109.33856358844889,
    -95.70363918420857,
    -101.56638600783121,
    -120.90761487324998,
    -121.42354002206176
  ],
  "episode_lengths": [
    83,
    74,
    78,
    80,
    75,
    74,
    52,
    60,
    67,
    69
  ],
  "mean_eval_reward": -115.80602404141901,
  "mean_episode_length": 71.2,
  "min_eval_reward": -137.89814011995307,
  "max_eval_reward": -95.70363918420857
}