{
  "eval_episodes": 20,
  "eval_seed_offset": 10000,
  "eval_seeds": [
    10000,
    10001,
    10002,
    10003,
    10004,
    10005,
    10006,
    10007,
    10008,
    10009,
    10010,
    10011,
    10012,
    10013,
    10014,
    10015,
    10016,
    10017,
    10018,
    10019
  ],
  "episode_rewards": [
    48.5306188285931,
    88.38151008549036,
    -9.845876051557966,
    76.18869610936237,
    89.24733076873589,
    243.52099826468213,
    87.72765252416252,
    273.4236341941836,
    75.48769806840049,
    175.12520009665792,
    165.267094227726,
    100.02655173525028,
    98.61525493413028,
    302.23581117572564,
    69.93484379632285,
    56.6478219689655,
    34.9107701276896,
    61.68574918482043,
    63.85835747473684,
    95.9239402254993
  ],
  "episode_lengths": [
    1000,
    1000,
    132,
    1000,
    1000,
    210,
    1000,
    253,
    1000,
    1000,
    1000,
    1000,
    1000,
    260,
    1000,
    1000,
    1000,
    1000,
    1000,
    1000
  ],
  "episode_terminated": [
    false,
    false,
    true,
    false,
    false,
    true,
    false,
    true,
    false,
    false,
    false,
    false,
    false,
    true,
    false,
    false,
    false,
    false,
    false,
    false
  ],
  "mean_eval_reward": 109.84468288697886,
  "mean_episode_length": 842.75,
  "min_eval_reward": -9.845876051557966,
  "max_eval_reward": 302.23581117572564,
  "termination_breakdown": {
    "terminated": 4,
    "truncated": 16
  },
  "final_policy_component_evaluation": {
    "contact_bonus": {
      "episode_sum_mean": 66.4,
      "episode_abs_sum_mean": 66.4,
      "signed_contribution_share": 0.8384705650415148,
      "magnitude_share": 0.8384705650415148,
      "active_rate": 0.07878967665381192
    },
    "orientation_penalty": {
      "episode_sum_mean": -2.2276794675459244,
      "episode_abs_sum_mean": 2.2276794675459244,
      "signed_contribution_share": -0.02813017563079235,
      "magnitude_share": 0.02813017563079235,
      "active_rate": 1.0
    },
    "proximity_reward": {
      "episode_sum_mean": -9.382857315495613,
      "episode_abs_sum_mean": 9.382857315495613,
      "signed_contribution_share": -0.11848267582872768,
      "magnitude_share": 0.11848267582872768,
      "active_rate": 1.0
    },
    "velocity_penalty": {
      "episode_sum_mean": -1.1812712164585597,
      "episode_abs_sum_mean": 1.1812712164585597,
      "signed_contribution_share": -0.014916583498965153,
      "magnitude_share": 0.014916583498965153,
      "active_rate": 0.9976268169682587
    }
  },
  "final_policy_component_error_count": 0
}