{
  "eval_episodes": 10,
  "episode_rewards": [
    -108.14182376625467,
    -116.49364442560514,
    -105.59293110806053,
    -107.11093605835313,
    -105.25108783573654,
    -113.98108954301719,
    -120.62312861874685,
    -108.46072830712629,
    -110.80942943027586,
    -109.18872095726937
  ],
  "episode_lengths": [
    57,
    76,
    81,
    61,
    83,
    74,
    78,
    81,
    76,
    74
  ],
  "mean_eval_reward": -110.56535200504456,
  "mean_episode_length": 74.1,
  "min_eval_reward": -120.62312861874685,
  "max_eval_reward": -105.25108783573654
}