{
  "eval_episodes": 10,
  "episode_rewards": [
    9.46362160153858,
    -35.45540168962022,
    -34.7761785309909,
    -38.53038843994831,
    -10.693151104397453,
    -13.359920523754448,
    -55.329804197311184,
    -9.21952670704864,
    10.010217675764604,
    2.968858499603065
  ],
  "episode_lengths": [
    1000,
    1000,
    1000,
    1000,
    1000,
    1000,
    1000,
    1000,
    1000,
    1000
  ],
  "mean_eval_reward": -17.49216734161649,
  "mean_episode_length": 1000,
  "min_eval_reward": -55.329804197311184,
  "max_eval_reward": 10.010217675764604
}