{
  "eval_episodes": 20,
  "eval_seed_offset": 10000,
  "eval_seeds": [
    10000,
    10001,
    10002,
    10003,
    10004,
    10005,
    10006,
    10007,
    10008,
    10009,
    10010,
    10011,
    10012,
    10013,
    10014,
    10015,
    10016,
    10017,
    10018,
    10019
  ],
  "episode_rewards": [
    -25.104596548312895,
    -5.375308178187493,
    21.597106035433217,
    -27.549967436104627,
    -35.59540808484099,
    -35.05411961835568,
    -10.789544156993859,
    -13.493224172636246,
    -45.55127064490884,
    10.432476480014351,
    5.819169146144647,
    6.802025180268697,
    -8.859794321554093,
    -0.5376788000132602,
    -33.1892101586498,
    -30.048804779262053,
    -39.384934278893994,
    -20.90572873864652,
    -22.760265720591704,
    -47.28919222996522
  ],
  "episode_lengths": [
    1000,
    1000,
    1000,
    1000,
    1000,
    1000,
    1000,
    1000,
    1000,
    1000,
    1000,
    1000,
    1000,
    1000,
    1000,
    1000,
    1000,
    1000,
    1000,
    1000
  ],
  "episode_terminated": [
    false,
    false,
    false,
    false,
    false,
    false,
    false,
    false,
    false,
    false,
    false,
    false,
    false,
    false,
    false,
    false,
    false,
    false,
    false,
    false
  ],
  "mean_eval_reward": -17.841913551302817,
  "mean_episode_length": 1000,
  "min_eval_reward": -47.28919222996522,
  "max_eval_reward": 21.597106035433217,
  "termination_breakdown": {
    "terminated": 0,
    "truncated": 20
  },
  "final_policy_component_evaluation": {
    "distance_reward": {
      "episode_sum_mean": 6.10965528758368,
      "episode_abs_sum_mean": 7.275112139535857,
      "signed_contribution_share": 0.01127434198858558,
      "magnitude_share": 0.01342499673150576,
      "active_rate": 1.0
    },
    "landing_quality": {
      "episode_sum_mean": 532.3938517895552,
      "episode_abs_sum_mean": 532.3938517895552,
      "signed_contribution_share": 0.982443374488594,
      "magnitude_share": 0.982443374488594,
      "active_rate": 0.7879
    },
    "stability_penalty": {
      "episode_sum_mean": -2.2389623844129964,
      "episode_abs_sum_mean": 2.2389623844129964,
      "signed_contribution_share": -0.004131628779900359,
      "magnitude_share": 0.004131628779900359,
      "active_rate": 1.0
    }
  },
  "final_policy_component_error_count": 0
}