{
  "metadata": {
    "distribution": "deterministic_policy_evaluation",
    "not_training_distribution": true,
    "env_id": "LunarLander-v2",
    "episodes": 10,
    "seed_base": 10007
  },
  "evaluation": {
    "original_return": {
      "count": 10,
      "mean": -109.07679298435367,
      "std": 8.957798773774142,
      "median": -108.21349716986886,
      "min": -123.23428525754008,
      "max": -95.05909309317079
    },
    "generated_return": {
      "count": 10,
      "mean": -70.93143454298814,
      "std": 15.130269317446544,
      "median": -76.01543095106156,
      "min": -96.15028557066867,
      "max": -47.573612184201764
    },
    "episode_length": {
      "count": 10,
      "mean": 68.3,
      "std": 9.413288479590966,
      "median": 68.0,
      "min": 52.0,
      "max": 82.0
    },
    "termination_rate": 1.0,
    "truncation_rate": 0.0
  },
  "additive_term_inference": {
    "status": "exact",
    "reward_terms": [
      "angle_penalty",
      "angular_vel_penalty",
      "distance_reward",
      "energy_penalty",
      "time_penalty"
    ],
    "diagnostics": [],
    "mean_abs_residual": 0.0,
    "relative_residual": 0.0
  },
  "step_component_stats": {
    "angle_penalty": {
      "count": 683,
      "mean": -0.021144055233831366,
      "abs_mean": 0.021144055233831366,
      "nonzero_rate": 1.0,
      "mean_when_active": -0.021144055233831366,
      "abs_mean_when_active": 0.021144055233831366,
      "min": -0.2908976078033447,
      "max": -7.628418097738177e-05
    },
    "angular_vel_penalty": {
      "count": 683,
      "mean": -0.037277115895297364,
      "abs_mean": 0.037277115895297364,
      "nonzero_rate": 1.0,
      "mean_when_active": -0.037277115895297364,
      "abs_mean_when_active": 0.037277115895297364,
      "min": -5.834162712097168,
      "max": -4.257308461319553e-08
    },
    "distance_reward": {
      "count": 683,
      "mean": -0.9679102277433184,
      "abs_mean": 0.9679102277433184,
      "nonzero_rate": 1.0,
      "mean_when_active": -0.9679102277433184,
      "abs_mean_when_active": 0.9679102277433184,
      "min": -1.4570627389963564,
      "max": -0.04869221063501373
    },
    "energy_penalty": {
      "count": 683,
      "mean": -0.0021961932650073207,
      "abs_mean": 0.0021961932650073207,
      "nonzero_rate": 0.043923865300146414,
      "mean_when_active": -0.05,
      "abs_mean_when_active": 0.05,
      "min": -0.05,
      "max": 0.0
    },
    "generated_reward": {
      "count": 683,
      "mean": -1.0385275921374544,
      "abs_mean": 1.0385275921374544,
      "nonzero_rate": 1.0,
      "mean_when_active": -1.0385275921374544,
      "abs_mean_when_active": 1.0385275921374544,
      "min": -6.614271791535897,
      "max": -0.07495624828120054
    },
    "time_penalty": {
      "count": 683,
      "mean": -0.01,
      "abs_mean": 0.01,
      "nonzero_rate": 1.0,
      "mean_when_active": -0.01,
      "abs_mean_when_active": 0.01,
      "min": -0.01,
      "max": -0.01
    }
  },
  "episode_component_sum_stats": {
    "angle_penalty": {
      "count": 10,
      "mean": -1.4441389724706823,
      "std": 0.6242778773081288,
      "median": -1.376153663622972,
      "min": -2.468294521793723,
      "max": -0.4642944154329598
    },
    "angular_vel_penalty": {
      "count": 10,
      "mean": -2.54602701564881,
      "std": 2.3186015174517247,
      "median": -1.2380715495499324,
      "min": -6.499189349473454,
      "max": -0.6156805435714148
    },
    "distance_reward": {
      "count": 10,
      "mean": -66.10826855486866,
      "std": 13.831231191215686,
      "median": -68.72350550027761,
      "min": -87.4179272142059,
      "max": -45.46693979883357
    },
    "energy_penalty": {
      "count": 10,
      "mean": -0.15,
      "std": 0.08944271909999159,
      "median": -0.2,
      "min": -0.3,
      "max": 0.0
    },
    "time_penalty": {
      "count": 10,
      "mean": -0.6830000000000004,
      "std": 0.09413288479590974,
      "median": -0.6800000000000004,
      "min": -0.8200000000000005,
      "max": -0.5200000000000002
    }
  },
  "episodes": [
    {
      "episode": 0,
      "seed": 10007,
      "original_return": -108.46072830712629,
      "generated_return": -96.15028557066867,
      "length": 81,
      "terminated": true,
      "truncated": false,
      "component_sums": {
        "distance_reward": -87.4179272142059,
        "angle_penalty": -1.3862937127705663,
        "angular_vel_penalty": -6.336064643692225,
        "energy_penalty": -0.2,
        "time_penalty": -0.8100000000000005
      },
      "behavior": {
        "source": "derived_from_declared_observation_and_action",
        "outcome": "terminated_unclassified",
        "final_distance": 0.38609160175419754,
        "final_speed": 0.9615636262445035,
        "final_abs_angle": 0.28240060806274414,
        "left_contact_rate": 0.037037037037037035,
        "right_contact_rate": 0.012345679012345678,
        "both_contact_rate": 0.012345679012345678,
        "action_rates": {
          "0": 0.9506172839506173,
          "1": 0.037037037037037035,
          "2": 0.0,
          "3": 0.012345679012345678
        },
        "termination_reason": "unknown"
      }
    },
    {
      "episode": 1,
      "seed": 10008,
      "original_return": -119.79091111306334,
      "generated_return": -77.30105499799569,
      "length": 76,
      "terminated": true,
      "truncated": false,
      "component_sums": {
        "distance_reward": -73.3090732095387,
        "angle_penalty": -2.154243691271404,
        "angular_vel_penalty": -1.0277380971856473,
        "energy_penalty": -0.05,
        "time_penalty": -0.7600000000000005
      },
      "behavior": {
        "source": "derived_from_declared_observation_and_action",
        "outcome": "terminated_unclassified",
        "final_distance": 0.17661046339773148,
        "final_speed": 0.04354748518198047,
        "final_abs_angle": 0.00018421877757646143,
        "left_contact_rate": 0.013157894736842105,
        "right_contact_rate": 0.02631578947368421,
        "both_contact_rate": 0.013157894736842105,
        "action_rates": {
          "0": 0.9868421052631579,
          "1": 0.013157894736842105,
          "2": 0.0,
          "3": 0.0
        },
        "termination_reason": "unknown"
      }
    },
    {
      "episode": 2,
      "seed": 10009,
      "original_return": -107.96626603261143,
      "generated_return": -80.04931941717733,
      "length": 74,
      "terminated": true,
      "truncated": false,
      "component_sums": {
        "distance_reward": -77.01073767206925,
        "angle_penalty": -1.0754324849622208,
        "angular_vel_penalty": -1.0231492601458285,
        "energy_penalty": -0.2,
        "time_penalty": -0.7400000000000004
      },
      "behavior": {
        "source": "derived_from_declared_observation_and_action",
        "outcome": "terminated_unclassified",
        "final_distance": 0.4764487032756492,
        "final_speed": 0.16441636435182483,
        "final_abs_angle": 0.06691613048315048,
        "left_contact_rate": 0.02702702702702703,
        "right_contact_rate": 0.02702702702702703,
        "both_contact_rate": 0.02702702702702703,
        "action_rates": {
          "0": 0.9459459459459459,
          "1": 0.0,
          "2": 0.0,
          "3": 0.05405405405405406
        },
        "termination_reason": "unknown"
      }
    },
    {
      "episode": 3,
      "seed": 10010,
      "original_return": -95.05909309317079,
      "generated_return": -47.573612184201764,
      "length": 52,
      "terminated": true,
      "truncated": false,
      "component_sums": {
        "distance_reward": -45.46693979883357,
        "angle_penalty": -0.7709918417967856,
        "angular_vel_penalty": -0.6156805435714148,
        "energy_penalty": -0.2,
        "time_penalty": -0.5200000000000002
      },
      "behavior": {
        "source": "derived_from_declared_observation_and_action",
        "outcome": "terminated_unclassified",