{
  "eval_episodes": 10,
  "episode_rewards": [
    -108.46072830712629,
    -119.79091111306334,
    -107.96626603261143,
    -95.05909309317079,
    -98.05724253030002,
    -123.23428525754008,
    -119.12299383732588,
    -103.79102505005059,
    -103.47875895363543,
    -111.80662566871285
  ],
  "episode_lengths": [
    81,
    76,
    74,
    52,
    60,
    67,
    69,
    60,
    82,
    62
  ],
  "mean_eval_reward": -109.07679298435367,
  "mean_episode_length": 68.3,
  "min_eval_reward": -123.23428525754008,
  "max_eval_reward": -95.05909309317079,
  "terminated_count": 10,
  "truncated_count": 0,
  "eval_seed_base": 10007
}