{
  "eval_episodes": 20,
  "eval_seed_offset": 10000,
  "eval_seeds": [
    10000,
    10001,
    10002,
    10003,
    10004,
    10005,
    10006,
    10007,
    10008,
    10009,
    10010,
    10011,
    10012,
    10013,
    10014,
    10015,
    10016,
    10017,
    10018,
    10019
  ],
  "episode_rewards": [
    220.25944534040465,
    237.22874519271778,
    262.0061440208734,
    208.27179845641012,
    218.78366479189208,
    202.3966562344678,
    230.34001081480426,
    234.12014850516243,
    75.63306413759057,
    249.18689910708198,
    251.87948435382162,
    127.40518052238629,
    238.32535325783581,
    281.04134005283754,
    226.4380111190273,
    201.50516331969476,
    196.45330086636284,
    241.65081624053215,
    227.00245154536654,
    206.8521942734425
  ],
  "episode_lengths": [
    461,
    468,
    457,
    451,
    453,
    480,
    483,
    480,
    1000,
    458,
    482,
    1000,
    914,
    333,
    407,
    509,
    458,
    413,
    423,
    413
  ],
  "episode_terminated": [
    true,
    true,
    true,
    true,
    true,
    true,
    true,
    true,
    false,
    true,
    true,
    false,
    true,
    true,
    true,
    true,
    true,
    true,
    true,
    true
  ],
  "mean_eval_reward": 216.83899360763562,
  "mean_episode_length": 527.15,
  "min_eval_reward": 75.63306413759057,
  "max_eval_reward": 281.04134005283754,
  "termination_breakdown": {
    "terminated": 18,
    "truncated": 2
  }
}