{
  "eval_episodes": 10,
  "episode_rewards": [
    -117.74021372624262,
    -106.29586164943358,
    -105.72179175186774,
    -107.0229681754772,
    -113.92661058025396,
    -123.25460753163058,
    -110.13681797633329,
    -114.84965415252606,
    -108.04999877048905,
    -97.36554235303593
  ],
  "episode_lengths": [
    76,
    81,
    61,
    83,
    74,
    78,
    81,
    76,
    74,
    52
  ],
  "mean_eval_reward": -110.436406666729,
  "mean_episode_length": 73.6,
  "min_eval_reward": -123.25460753163058,
  "max_eval_reward": -97.36554235303593
}