#{"t_start": 1783049628.0126467, "env_id": "CartPole-v1"}
r,l,t,original_env_reward,generated_reward,reward_error_count
13.064642,14,1.871292,1.0,0.7225748074497914,0
17.159089,19,1.985507,1.0,0.7525827896862266,0
19.348843,21,2.020104,1.0,0.7228945089921677,0
39.337088,41,2.183391,1.0,0.7596885544566049,0
37.454409,40,2.409629,1.0,0.760694946359161,0
32.414409,36,2.546811,1.0,0.7573575954505143,0
73.908697,82,2.847174,1.0,0.7149724955166733,0
48.865133,51,3.092822,1.0,0.7208493046756117,0
71.251343,73,3.384764,1.0,0.7664855209895045,0
115.864055,132,3.961564,1.0,0.33616102576782686,0
26.862488,30,4.098185,1.0,0.758217934295181,0
30.355227,32,4.245082,1.0,0.7693673711335308,0
191.535743,237,5.355495,1.0,0.24739784109339194,0
345.299153,382,7.016292,1.0,0.31940670696232487,0
287.283197,303,8.29476,1.0,0.7213951287280729,0
59.847649,63,8.567952,1.0,0.7618257934906512,0
55.260177,63,8.827471,1.0,0.7021214870842923,0
139.019612,163,9.537237,1.0,0.2824563320051625,0
229.341391,252,10.658342,1.0,0.3758650394732785,0
413.37333,500,12.828905,1.0,0.9464970540497852,0
491.940999,500,14.948908,1.0,0.9921680591675616,0
497.833137,500,17.091698,1.0,0.9981755007886569,0
498.067746,500,19.283101,1.0,0.9963509803018605,0
498.350801,500,21.408723,1.0,0.9983186456285804,0
498.224552,500,23.532258,1.0,0.9981930916859779,0
498.196441,500,25.612055,1.0,0.9994527151554379,0
497.91932,500,27.768028,1.0,0.9953614415937234,0
498.216316,500,29.975791,1.0,0.9984216259714607,0
497.97611,500,32.047612,1.0,0.9987275335815684,0
498.091504,500,34.197695,1.0,0.9982948557503645,0
498.450617,500,36.314455,1.0,0.9988478610200373,0
497.862999,500,38.430576,1.0,0.9972047576937689,0
498.015847,500,40.577113,1.0,0.9990410212401816,0
498.229693,500,42.640268,1.0,0.9989061887976057,0
498.503307,500,44.772731,1.0,0.9992474864199689,0
498.427509,500,46.919022,1.0,0.9984616265215203,0
498.547977,500,48.994639,1.0,0.9991271619344089,0
498.138028,500,51.179229,1.0,0.9972797547335713,0
498.534786,500,53.342578,1.0,0.9983590951225055,0
