#{"t_start": 1783049628.1791697, "env_id": "CartPole-v1"}
r,l,t,original_env_reward,generated_reward,reward_error_count
35.89887,38,1.828547,1.0,0.735749721279671,0
8.124693,9,1.843271,1.0,0.7241044329689283,0
14.022183,15,1.86793,1.0,0.7432686520728129,0
11.751048,13,1.982867,1.0,0.763832477484445,0
14.49174,16,2.010703,1.0,0.7582463219717157,0
82.326461,89,2.395879,1.0,0.6775144200956439,0
43.999175,46,2.639399,1.0,0.7622615895850366,0
55.317555,62,2.821593,1.0,0.6630778229365126,0
73.523485,80,3.203249,1.0,0.6991179337033576,0
115.512431,126,3.77168,1.0,0.5348295631679534,0
92.572,112,4.231567,1.0,0.3912983796559842,0
312.967942,370,5.873917,1.0,0.2958347006908496,0
261.227563,282,7.139829,1.0,0.1524264233860394,0
228.80182,235,8.128237,1.0,0.7558160581014564,0
156.776007,178,8.926989,1.0,0.3037577115775339,0
231.885383,258,10.071397,1.0,0.3365437104976679,0
475.213925,500,12.151737,1.0,0.9711059255695476,0
491.371693,500,14.368664,1.0,0.9824088456683936,0
497.84198,500,16.515224,1.0,0.9973909504675537,0
498.193417,500,18.615433,1.0,0.9981777102755559,0
498.263071,500,20.806925,1.0,0.9984812883842276,0
498.182284,500,22.942588,1.0,0.9952747017361823,0
497.507127,500,25.008668,1.0,0.9973388078282432,0
498.464203,500,27.168589,1.0,0.9990995980733028,0
498.01887,500,29.275773,1.0,0.9989734793263745,0
498.404229,500,31.469911,1.0,0.9985926100750191,0
498.367047,500,33.603719,1.0,0.9992220491389951,0
498.376693,500,35.654002,1.0,0.9992657432878966,0
497.863205,500,37.768062,1.0,0.9976675023378216,0
498.30857,500,39.991021,1.0,0.9992147383047741,0
498.424336,500,42.027482,1.0,0.9989158267053189,0
498.387669,500,44.189888,1.0,0.9992059857388799,0
498.293304,500,46.273937,1.0,0.9993175992581336,0
498.565823,500,48.407408,1.0,0.9995024481989288,0
498.289304,500,50.563806,1.0,0.9981572788023241,0
498.257263,500,52.669869,1.0,0.9974654722835122,0
497.808428,500,54.831041,1.0,0.997103282612617,0
