{
  "eval_episodes": 20,
  "eval_seed_offset": 10000,
  "eval_seeds": [
    10000,
    10001,
    10002,
    10003,
    10004,
    10005,
    10006,
    10007,
    10008,
    10009,
    10010,
    10011,
    10012,
    10013,
    10014,
    10015,
    10016,
    10017,
    10018,
    10019
  ],
  "episode_rewards": [
    -96.80670231599808,
    -115.32106335415097,
    -113.20890489246523,
    -106.13148841151857,
    -105.67077302784449,
    -113.241781696549,
    -122.59337707077465,
    -108.8905590821146,
    -114.34895410040949,
    -110.0868211891366,
    -96.24048409144837,
    -103.97079170878807,
    -123.56726287845142,
    -116.28886242503877,
    -104.31621381093274,
    -100.95374776276532,
    -106.41279211795668,
    -86.28370070820804,
    -78.93329196449965,
    -123.92733582354339
  ],
  "episode_lengths": [
    57,
    76,
    81,
    61,
    83,
    74,
    78,
    81,
    76,
    74,
    52,
    60,
    67,
    69,
    60,
    82,
    62,
    54,
    55,
    68
  ],
  "episode_terminated": [
    true,
    true,
    true,
    true,
    true,
    true,
    true,
    true,
    true,
    true,
    true,
    true,
    true,
    true,
    true,
    true,
    true,
    true,
    true,
    true
  ],
  "mean_eval_reward": -107.35974542162971,
  "mean_episode_length": 68.5,
  "min_eval_reward": -123.92733582354339,
  "max_eval_reward": -78.93329196449965,
  "termination_breakdown": {
    "terminated": 20,
    "truncated": 0
  }
}