#{"t_start": 1783432284.786497, "env_id": "LunarLander-v3"}
r,l,t
-310.374456,112,3.816868
-117.787291,115,4.213438
-32.741952,114,4.72017
-82.859724,109,5.063945
-224.683252,115,5.335595
-181.109283,86,5.509954
-86.317086,128,5.876499
-76.469069,92,6.162645
-155.657993,69,6.352456
-107.604563,58,6.505726
