#{"t_start": 1783432284.843887, "env_id": "LunarLander-v3"}
r,l,t
-234.529508,100,3.71428
-95.862654,90,4.028445
-101.752237,64,4.246739
-116.14609,96,4.706233
-173.93654,62,4.890443
-333.457524,90,5.141151
-97.762728,61,5.274219
-77.393813,61,5.39607
-115.481091,114,5.710515
-238.644963,60,5.878524
-55.121534,67,6.089136
-113.9866,76,6.2987
