#{"t_start": 1783432284.8964145, "env_id": "LunarLander-v3"}
r,l,t
-66.609825,57,3.499413
-90.901386,57,3.713787
-405.758178,100,4.058927
-118.15584,99,4.468664
-225.050053,82,4.784239
-158.361381,140,5.170505
-115.567823,107,5.38143
-281.546119,113,5.712034
-278.599971,92,5.974897
-103.895828,68,6.161797
-236.31714,76,6.375536
