#{"t_start": 1783432284.8418941, "env_id": "LunarLander-v3"}
r,l,t
-61.850119,109,3.748125
-94.796999,70,3.990873
-264.311052,84,4.282057
-118.654055,93,4.729073
-113.92296,137,5.108959
-393.2154,89,5.314598
-287.822325,112,5.560855
-145.606688,90,5.835247
-156.684095,95,6.127563
-141.392412,116,6.443017
