{
  "eval_episodes": 20,
  "eval_seed_offset": 10000,
  "eval_seeds": [
    10000,
    10001,
    10002,
    10003,
    10004,
    10005,
    10006,
    10007,
    10008,
    10009,
    10010,
    10011,
    10012,
    10013,
    10014,
    10015,
    10016,
    10017,
    10018,
    10019
  ],
  "episode_rewards": [
    -128.61124225519526,
    -124.89602066820385,
    -121.60462565512165,
    -122.83347125192714,
    -117.36696461990147,
    -130.74661246230815,
    -139.43221264915223,
    -108.46072830712629,
    -147.8253724977344,
    -136.21422490296357,
    -119.90715974275935,
    -110.96935373421536,
    -138.14146041602643,
    -121.21922812959869,
    -121.18499914833916,
    -110.63283231780022,
    -111.80662566871285,
    -100.78700706092599,
    -111.02888515715506,
    -144.39876344372195
  ],
  "episode_lengths": [
    57,
    76,
    82,
    61,
    83,
    74,
    78,
    81,
    75,
    74,
    51,
    60,
    68,
    68,
    60,
    82,
    62,
    54,
    54,
    68
  ],
  "episode_terminated": [
    true,
    true,
    true,
    true,
    true,
    true,
    true,
    true,
    true,
    true,
    true,
    true,
    true,
    true,
    true,
    true,
    true,
    true,
    true,
    true
  ],
  "mean_eval_reward": -123.40338950444445,
  "mean_episode_length": 68.4,
  "min_eval_reward": -147.8253724977344,
  "max_eval_reward": -100.78700706092599,
  "termination_breakdown": {
    "terminated": 20,
    "truncated": 0
  },
  "final_policy_component_evaluation": {
    "energy_penalty": {
      "episode_sum_mean": -0.029,
      "episode_abs_sum_mean": 0.029,
      "signed_contribution_share": -0.01621429975841626,
      "magnitude_share": 0.01621429975841626,
      "active_rate": 0.04239766081871345
    },
    "landing_event": {
      "episode_sum_mean": 0.6247255206108093,
      "episode_abs_sum_mean": 0.6247255206108093,
      "signed_contribution_share": 0.34929265027297646,
      "magnitude_share": 0.34929265027297646,
      "active_rate": 0.0014619883040935672
    },
    "proximity": {
      "episode_sum_mean": 1.1348191857337953,
      "episode_abs_sum_mean": 1.1348191857337953,
      "signed_contribution_share": 0.6344930499686073,
      "magnitude_share": 0.6344930499686073,
      "active_rate": 0.9195906432748538
    }
  },
  "final_policy_component_error_count": 0
}