{
  "eval_episodes": 10,
  "episode_rewards": [
    -113.0447853367277,
    -120.77033570778373,
    -110.25013604609703,
    -115.38816301950048,
    -108.83479539847808,
    -96.24527351477748,
    -104.19712988387198,
    -121.74932489971089,
    -120.38246228368162,
    -103.79102505005059
  ],
  "episode_lengths": [
    74,
    78,
    81,
    76,
    74,
    52,
    60,
    67,
    69,
    60
  ],
  "mean_eval_reward": -111.46534311406796,
  "mean_episode_length": 69.1,
  "min_eval_reward": -121.74932489971089,
  "max_eval_reward": -96.24527351477748
}