{
  "eval_episodes": 20,
  "eval_seed_offset": 10000,
  "eval_seeds": [
    10000,
    10001,
    10002,
    10003,
    10004,
    10005,
    10006,
    10007,
    10008,
    10009,
    10010,
    10011,
    10012,
    10013,
    10014,
    10015,
    10016,
    10017,
    10018,
    10019
  ],
  "episode_rewards": [
    205.90826302012937,
    225.24064095138274,
    286.4820640307089,
    80.5380885638658,
    82.91344624176581,
    185.75790647627247,
    112.07524437413012,
    101.67371053004028,
    181.95577406253193,
    227.49023035018325,
    250.89311404495865,
    239.4750273028225,
    231.54156061700772,
    59.35593339202359,
    205.05657658089734,
    182.97675775155676,
    178.09016286998866,
    114.68186508482486,
    212.95773765319586,
    183.08544444411154
  ],
  "episode_lengths": [
    553,
    547,
    381,
    1000,
    1000,
    613,
    1000,
    1000,
    615,
    597,
    457,
    527,
    555,
    237,
    582,
    638,
    614,
    1000,
    541,
    588
  ],
  "episode_terminated": [
    true,
    true,
    true,
    false,
    false,
    true,
    false,
    false,
    true,
    true,
    true,
    true,
    true,
    true,
    true,
    true,
    true,
    false,
    true,
    true
  ],
  "mean_eval_reward": 177.4074774171199,
  "mean_episode_length": 652.25,
  "min_eval_reward": 59.35593339202359,
  "max_eval_reward": 286.4820640307089,
  "termination_breakdown": {
    "terminated": 15,
    "truncated": 5
  },
  "final_policy_component_evaluation": {
    "angle_stability": {
      "episode_sum_mean": -5.35172096021966,
      "episode_abs_sum_mean": 5.35172096021966,
      "signed_contribution_share": -0.04470661358406877,
      "magnitude_share": 0.04470661358406877,
      "active_rate": 1.0
    },
    "approach_progress": {
      "episode_sum_mean": 2.7406392821110783,
      "episode_abs_sum_mean": 2.7965267589781435,
      "signed_contribution_share": 0.022894448770668086,
      "magnitude_share": 0.02336131538255921,
      "active_rate": 0.9840551935607512
    },
    "landing_quality": {
      "episode_sum_mean": 40.61619911203161,
      "episode_abs_sum_mean": 40.61619911203161,
      "signed_contribution_share": 0.33929510384649514,
      "magnitude_share": 0.33929510384649514,
      "active_rate": 1.0
    },
    "velocity_penalty": {
      "episode_sum_mean": -70.94314296767115,
      "episode_abs_sum_mean": 70.94314296767115,
      "signed_contribution_share": -0.5926369671868769,
      "magnitude_share": 0.5926369671868769,
      "active_rate": 0.10893062476044461
    }
  },
  "final_policy_component_error_count": 0
}