{
  "eval_episodes": 20,
  "eval_seed_offset": 10000,
  "eval_seeds": [
    10000,
    10001,
    10002,
    10003,
    10004,
    10005,
    10006,
    10007,
    10008,
    10009,
    10010,
    10011,
    10012,
    10013,
    10014,
    10015,
    10016,
    10017,
    10018,
    10019
  ],
  "episode_rewards": [
    7.966294901656141,
    -26.454397480334634,
    -29.955268499013144,
    -2.9162616979488973,
    0.6068848700746798,
    -26.08527301598933,
    -43.26851520332963,
    -43.13814542547355,
    5.409567383253517,
    -21.294373823362093,
    -63.610930233092716,
    -28.750986508680754,
    -48.04489572027495,
    -91.68116527026982,
    12.003396454096162,
    31.492266848265217,
    20.512110698139338,
    -19.765768417774083,
    23.040280223855078,
    -31.86527224172103
  ],
  "episode_lengths": [
    117,
    122,
    113,
    146,
    164,
    151,
    113,
    126,
    160,
    106,
    92,
    95,
    103,
    131,
    112,
    167,
    140,
    110,
    124,
    133
  ],
  "episode_terminated": [
    true,
    true,
    true,
    true,
    true,
    true,
    true,
    true,
    true,
    true,
    true,
    true,
    true,
    true,
    true,
    true,
    true,
    true,
    true,
    true
  ],
  "mean_eval_reward": -18.790022607896226,
  "mean_episode_length": 126.25,
  "min_eval_reward": -91.68116527026982,
  "max_eval_reward": 31.492266848265217,
  "termination_breakdown": {
    "terminated": 20,
    "truncated": 0
  },
  "final_policy_component_evaluation": {
    "angle_penalty": {
      "episode_sum_mean": -0.027651213801718068,
      "episode_abs_sum_mean": 0.027651213801718068,
      "signed_contribution_share": -0.03191442628317671,
      "magnitude_share": 0.03191442628317671,
      "active_rate": 1.0
    },
    "angular_vel_penalty": {
      "episode_sum_mean": -0.05158564178646379,
      "episode_abs_sum_mean": 0.05158564178646379,
      "signed_contribution_share": -0.05953901965642343,
      "magnitude_share": 0.05953901965642343,
      "active_rate": 0.9988118811881188
    },
    "gated_progress": {
      "episode_sum_mean": 0.7244665581202205,
      "episode_abs_sum_mean": 0.7871805305922509,
      "signed_contribution_share": 0.8361634584850647,
      "magnitude_share": 0.9085465540603999,
      "active_rate": 1.0
    }
  },
  "final_policy_component_error_count": 0
}