{
  "eval_episodes": 10,
  "episode_rewards": [
    -74.69646125125374,
    -66.13538991161941,
    -32.83866446117696,
    -87.37237721685035,
    -87.80579433420515,
    -84.71566535095731,
    -63.28463589286444,
    -62.62630397718894,
    -89.97861577747624,
    -49.35594028782335
  ],
  "episode_lengths": [
    1000,
    1000,
    1000,
    1000,
    1000,
    1000,
    1000,
    1000,
    1000,
    1000
  ],
  "mean_eval_reward": -69.88098484614159,
  "mean_episode_length": 1000,
  "min_eval_reward": -89.97861577747624,
  "max_eval_reward": -32.83866446117696
}