{
  "eval_episodes": 20,
  "eval_seed_offset": 10000,
  "eval_seeds": [
    10000,
    10001,
    10002,
    10003,
    10004,
    10005,
    10006,
    10007,
    10008,
    10009,
    10010,
    10011,
    10012,
    10013,
    10014,
    10015,
    10016,
    10017,
    10018,
    10019
  ],
  "episode_rewards": [
    -34.18963319363849,
    -15.21528162714509,
    19.512293337685527,
    -27.325309015441075,
    -25.47317538786297,
    -34.81168304332693,
    -3.62499560621593,
    -1.847301708897615,
    -51.58863508316002,
    5.244945609109244,
    18.94476807245585,
    -3.267262921385307,
    4.446357654692729,
    7.901116118465915,
    -14.803571185846213,
    -28.865781952440216,
    -48.19037458299625,
    -14.679082173889542,
    -21.83057692175056,
    -38.65969994652391
  ],
  "episode_lengths": [
    1000,
    1000,
    1000,
    1000,
    1000,
    1000,
    1000,
    1000,
    1000,
    1000,
    1000,
    1000,
    1000,
    1000,
    1000,
    1000,
    1000,
    1000,
    1000,
    1000
  ],
  "episode_terminated": [
    false,
    false,
    false,
    false,
    false,
    false,
    false,
    false,
    false,
    false,
    false,
    false,
    false,
    false,
    false,
    false,
    false,
    false,
    false,
    false
  ],
  "mean_eval_reward": -15.416144177905542,
  "mean_episode_length": 1000,
  "min_eval_reward": -51.58863508316002,
  "max_eval_reward": 19.512293337685527,
  "termination_breakdown": {
    "terminated": 0,
    "truncated": 20
  },
  "final_policy_component_evaluation": {
    "orientation_penalty": {
      "episode_sum_mean": -2.0408244123628987,
      "episode_abs_sum_mean": 2.0408244123628987,
      "signed_contribution_share": -0.16515912365105576,
      "magnitude_share": 0.16515912365105576,
      "active_rate": 1.0
    },
    "progress": {
      "episode_sum_mean": 6.258317444473505,
      "episode_abs_sum_mean": 7.164319023489952,
      "signed_contribution_share": 0.506470923416003,
      "magnitude_share": 0.5797915020558773,
      "active_rate": 1.0
    },
    "settling_quality": {
      "episode_sum_mean": 0.0,
      "episode_abs_sum_mean": 0.0,
      "signed_contribution_share": 0.0,
      "magnitude_share": 0.0,
      "active_rate": 0.0
    },
    "velocity_penalty": {
      "episode_sum_mean": -3.151572725191353,
      "episode_abs_sum_mean": 3.151572725191353,
      "signed_contribution_share": -0.255049374293067,
      "magnitude_share": 0.255049374293067,
      "active_rate": 1.0
    }
  },
  "final_policy_component_error_count": 0
}