{
  "eval_episodes": 20,
  "eval_seed_offset": 10000,
  "eval_seeds": [
    10000,
    10001,
    10002,
    10003,
    10004,
    10005,
    10006,
    10007,
    10008,
    10009,
    10010,
    10011,
    10012,
    10013,
    10014,
    10015,
    10016,
    10017,
    10018,
    10019
  ],
  "episode_rewards": [
    -108.8581131870231,
    -116.94305315621386,
    -107.04004510006112,
    -105.97940542086785,
    -106.47468497164232,
    -114.48917843469076,
    -122.34347523610771,
    -110.54088183198431,
    -116.80291141928438,
    -109.6340346715418,
    -96.0445865505484,
    -102.93685728003656,
    -121.84545182080737,
    -116.01774970547955,
    -103.97728931328865,
    -102.05299436207794,
    -108.37162680011646,
    -93.08673504910615,
    -89.48794314912755,
    -124.44556127119753
  ],
  "episode_lengths": [
    57,
    76,
    81,
    61,
    83,
    74,
    78,
    81,
    76,
    74,
    52,
    60,
    67,
    68,
    60,
    82,
    62,
    54,
    54,
    68
  ],
  "episode_terminated": [
    true,
    true,
    true,
    true,
    true,
    true,
    true,
    true,
    true,
    true,
    true,
    true,
    true,
    true,
    true,
    true,
    true,
    true,
    true,
    true
  ],
  "mean_eval_reward": -108.86862893656017,
  "mean_episode_length": 68.4,
  "min_eval_reward": -124.44556127119753,
  "max_eval_reward": -89.48794314912755,
  "termination_breakdown": {
    "terminated": 20,
    "truncated": 0
  },
  "final_policy_component_evaluation": {
    "landing_improvement": {
      "episode_sum_mean": 11.70949447460703,
      "episode_abs_sum_mean": 13.944089523888712,
      "signed_contribution_share": 0.2032505506945163,
      "magnitude_share": 0.24203810683800936,
      "active_rate": 1.0
    },
    "progress_reward": {
      "episode_sum_mean": 1.1204211138244378,
      "episode_abs_sum_mean": 1.1593041247976985,
      "signed_contribution_share": 0.01944799657136546,
      "magnitude_share": 0.020122918397419903,
      "active_rate": 1.0
    },
    "speed_tracking_reward": {
      "episode_sum_mean": -42.507739185124656,
      "episode_abs_sum_mean": 42.507739185124656,
      "signed_contribution_share": -0.7378389747645707,
      "magnitude_share": 0.7378389747645707,
      "active_rate": 1.0
    }
  },
  "final_policy_component_error_count": 0
}