{
  "eval_episodes": 20,
  "eval_seed_offset": 10000,
  "eval_seeds": [
    10000,
    10001,
    10002,
    10003,
    10004,
    10005,
    10006,
    10007,
    10008,
    10009,
    10010,
    10011,
    10012,
    10013,
    10014,
    10015,
    10016,
    10017,
    10018,
    10019
  ],
  "episode_rewards": [
    305.13307333479327,
    305.4927633034612,
    305.5501515078547,
    305.5797158096516,
    306.2922172382349,
    306.0517010808479,
    305.4266392376687,
    306.1647818177042,
    303.6175156487145,
    304.35339214020087,
    304.3333282912094,
    304.73203104793686,
    306.05893017212424,
    304.4031404918285,
    305.26807401021034,
    306.26148380925997,
    305.12969834056935,
    304.7268999331464,
    306.6874603888725,
    304.95599409678164
  ],
  "episode_lengths": [
    961,
    952,
    935,
    935,
    932,
    942,
    948,
    942,
    964,
    964,
    954,
    951,
    946,
    963,
    950,
    934,
    953,
    944,
    937,
    946
  ],
  "episode_terminated": [
    true,
    true,
    true,
    true,
    true,
    true,
    true,
    true,
    true,
    true,
    true,
    true,
    true,
    true,
    true,
    true,
    true,
    true,
    true,
    true
  ],
  "mean_eval_reward": 305.31094958505355,
  "mean_episode_length": 947.65,
  "min_eval_reward": 303.6175156487145,
  "max_eval_reward": 306.6874603888725,
  "termination_breakdown": {
    "terminated": 20,
    "truncated": 0
  },
  "final_policy_component_evaluation": {
    "energy_penalty": {
      "episode_sum_mean": -78.55854957485336,
      "episode_abs_sum_mean": 78.55854957485336,
      "signed_contribution_share": -0.09734566700954933,
      "magnitude_share": 0.09734566700954933,
      "active_rate": 1.0
    },
    "forward_reward": {
      "episode_sum_mean": 655.2764940760604,
      "episode_abs_sum_mean": 655.4123143233643,
      "signed_contribution_share": 0.8119845355690196,
      "magnitude_share": 0.8121528369523667,
      "active_rate": 1.0
    },
    "stability_penalty": {
      "episode_sum_mean": -73.03526167640075,
      "episode_abs_sum_mean": 73.03526167640075,
      "signed_contribution_share": -0.09050149603808388,
      "magnitude_share": 0.09050149603808388,
      "active_rate": 1.0
    }
  },
  "final_policy_component_error_count": 0
}