{
  "eval_episodes": 20,
  "eval_seed_offset": 10000,
  "eval_seeds": [
    10000,
    10001,
    10002,
    10003,
    10004,
    10005,
    10006,
    10007,
    10008,
    10009,
    10010,
    10011,
    10012,
    10013,
    10014,
    10015,
    10016,
    10017,
    10018,
    10019
  ],
  "episode_rewards": [
    133.539239043196,
    149.8463840850709,
    176.43681958603722,
    117.96758802101601,
    127.62138526214865,
    112.45457130337533,
    145.83670906630573,
    144.46496102747554,
    112.20795122664519,
    157.18968727356057,
    173.51520970221878,
    158.12814382527898,
    155.4541025945078,
    171.95082097441747,
    125.72811181840862,
    118.58492585690931,
    104.90961497926214,
    147.956958120681,
    135.1347999742063,
    111.7349266449449
  ],
  "episode_lengths": [
    1000,
    1000,
    1000,
    1000,
    1000,
    1000,
    1000,
    1000,
    1000,
    1000,
    1000,
    1000,
    1000,
    1000,
    1000,
    1000,
    1000,
    1000,
    1000,
    1000
  ],
  "episode_terminated": [
    false,
    false,
    false,
    false,
    false,
    false,
    false,
    false,
    false,
    false,
    false,
    false,
    false,
    false,
    false,
    false,
    false,
    false,
    false,
    false
  ],
  "mean_eval_reward": 139.03314551928332,
  "mean_episode_length": 1000,
  "min_eval_reward": 104.90961497926214,
  "max_eval_reward": 176.43681958603722,
  "termination_breakdown": {
    "terminated": 0,
    "truncated": 20
  }
}