{
  "eval_episodes": 10,
  "episode_rewards": [
    -107.11093605835313,
    -106.85901459787186,
    -114.42971929672692,
    -121.03739806098014,
    -105.76744351322729,
    -116.14770476234779,
    -107.6081344650195,
    -96.60570414967928,
    -95.81071121874449,
    -121.36625844859681
  ],
  "episode_lengths": [
    61,
    83,
    74,
    78,
    81,
    76,
    74,
    52,
    60,
    67
  ],
  "mean_eval_reward": -109.27430245715472,
  "mean_episode_length": 70.6,
  "min_eval_reward": -121.36625844859681,
  "max_eval_reward": -95.81071121874449
}