{
  "eval_episodes": 20,
  "eval_seed_offset": 10000,
  "eval_seeds": [
    10000,
    10001,
    10002,
    10003,
    10004,
    10005,
    10006,
    10007,
    10008,
    10009,
    10010,
    10011,
    10012,
    10013,
    10014,
    10015,
    10016,
    10017,
    10018,
    10019
  ],
  "episode_rewards": [
    -125.46138311129988,
    26.530166857484772,
    -41.34258320395797,
    -5.476035845880048,
    -44.56438652274149,
    -37.51623978946661,
    -133.9060150494427,
    32.416632894590236,
    -35.49964448616207,
    -133.44851443550056,
    -115.03669629651446,
    -111.22478254012358,
    -145.00125286010686,
    -122.98846216848983,
    -122.57526939786433,
    4.249598255593696,
    -103.88000590380646,
    -52.85741191270834,
    -104.5651029699366,
    -142.12206990401734
  ],
  "episode_lengths": [
    57,
    172,
    237,
    100,
    139,
    123,
    78,
    245,
    121,
    74,
    51,
    60,
    67,
    157,
    60,
    98,
    62,
    123,
    54,
    68
  ],
  "episode_terminated": [
    true,
    true,
    true,
    true,
    true,
    true,
    true,
    true,
    true,
    true,
    true,
    true,
    true,
    true,
    true,
    true,
    true,
    true,
    true,
    true
  ],
  "mean_eval_reward": -75.71347291951753,
  "mean_episode_length": 107.3,
  "min_eval_reward": -145.00125286010686,
  "max_eval_reward": 32.416632894590236,
  "termination_breakdown": {
    "terminated": 20,
    "truncated": 0
  },
  "final_policy_component_evaluation": {
    "distance_progress": {
      "episode_sum_mean": 2.425953550816551,
      "episode_abs_sum_mean": 2.7246054043292687,
      "signed_contribution_share": 0.013771219107752173,
      "magnitude_share": 0.01546655252016463,
      "active_rate": 1.0
    },
    "landing_guidance": {
      "episode_sum_mean": 167.93384008957133,
      "episode_abs_sum_mean": 172.06615991042867,
      "signed_contribution_share": 0.9532967796111708,
      "magnitude_share": 0.9767543934872399,
      "active_rate": 0.9920782851817335
    },
    "tilt_penalty": {
      "episode_sum_mean": -1.3703669593570884,
      "episode_abs_sum_mean": 1.3703669593570884,
      "signed_contribution_share": -0.007779053992595443,
      "magnitude_share": 0.007779053992595443,
      "active_rate": 1.0
    }
  },
  "final_policy_component_error_count": 0
}