{
  "eval_episodes": 20,
  "eval_seed_offset": 10000,
  "eval_seeds": [
    10000,
    10001,
    10002,
    10003,
    10004,
    10005,
    10006,
    10007,
    10008,
    10009,
    10010,
    10011,
    10012,
    10013,
    10014,
    10015,
    10016,
    10017,
    10018,
    10019
  ],
  "episode_rewards": [
    154.7941846729528,
    59.86523936320872,
    190.46115639785967,
    146.36741099465013,
    38.58271290721942,
    142.58722829869686,
    59.07478349675865,
    57.177065884439095,
    142.98248506957685,
    176.30061780002103,
    204.51920756808298,
    59.41523168013677,
    168.53053660094002,
    191.44234863163052,
    150.1226617894595,
    113.52293293431347,
    118.15785212635566,
    175.54378344623905,
    58.782498549239236,
    29.151419471327163
  ],
  "episode_lengths": [
    712,
    1000,
    796,
    747,
    1000,
    622,
    1000,
    1000,
    721,
    726,
    661,
    1000,
    666,
    710,
    789,
    968,
    990,
    649,
    1000,
    1000
  ],
  "episode_terminated": [
    true,
    false,
    true,
    true,
    false,
    true,
    false,
    false,
    true,
    true,
    true,
    false,
    true,
    true,
    true,
    true,
    true,
    true,
    false,
    false
  ],
  "mean_eval_reward": 121.86906788415538,
  "mean_episode_length": 837.85,
  "min_eval_reward": 29.151419471327163,
  "max_eval_reward": 204.51920756808298,
  "termination_breakdown": {
    "terminated": 13,
    "truncated": 7
  },
  "final_policy_component_evaluation": {
    "distance_reward": {
      "episode_sum_mean": 629.0481292501092,
      "episode_abs_sum_mean": 629.0481292501092,
      "signed_contribution_share": 0.47494679143185875,
      "magnitude_share": 0.47494679143185875,
      "active_rate": 1.0
    },
    "landing_proxy": {
      "episode_sum_mean": 689.2240373204387,
      "episode_abs_sum_mean": 689.2240373204387,
      "signed_contribution_share": 0.5203810803686564,
      "magnitude_share": 0.5203810803686564,
      "active_rate": 0.7540729247478666
    },
    "stability_penalty": {
      "episode_sum_mean": -6.188047917203948,
      "episode_abs_sum_mean": 6.188047917203948,
      "signed_contribution_share": -0.004672128199484827,
      "magnitude_share": 0.004672128199484827,
      "active_rate": 1.0
    }
  },
  "final_policy_component_error_count": 0
}