{
  "eval_episodes": 20,
  "eval_seed_offset": 10000,
  "eval_seeds": [
    10000,
    10001,
    10002,
    10003,
    10004,
    10005,
    10006,
    10007,
    10008,
    10009,
    10010,
    10011,
    10012,
    10013,
    10014,
    10015,
    10016,
    10017,
    10018,
    10019
  ],
  "episode_rewards": [
    64.4236315001736,
    103.10535036701125,
    -247.66779089476384,
    29.190357623824823,
    46.236868651500274,
    38.180385882881055,
    73.153617885326,
    52.70343223381395,
    34.463634188126186,
    65.62819801500557,
    91.30587790669185,
    66.24207871998114,
    72.37394412809942,
    -330.786399428732,
    52.13628257391663,
    37.18897273302401,
    36.609809564224584,
    62.44226684429526,
    45.81952506962548,
    21.391347947129006
  ],
  "episode_lengths": [
    1000,
    1000,
    153,
    1000,
    1000,
    1000,
    1000,
    1000,
    1000,
    1000,
    1000,
    1000,
    1000,
    108,
    1000,
    1000,
    1000,
    1000,
    1000,
    1000
  ],
  "episode_terminated": [
    false,
    false,
    true,
    false,
    false,
    false,
    false,
    false,
    false,
    false,
    false,
    false,
    false,
    true,
    false,
    false,
    false,
    false,
    false,
    false
  ],
  "mean_eval_reward": 20.70706957555771,
  "mean_episode_length": 913.05,
  "min_eval_reward": -330.786399428732,
  "max_eval_reward": 103.10535036701125,
  "termination_breakdown": {
    "terminated": 2,
    "truncated": 18
  },
  "final_policy_component_evaluation": {
    "landing_quality_reward": {
      "episode_sum_mean": 702.8373099087534,
      "episode_abs_sum_mean": 702.8373099087534,
      "signed_contribution_share": 0.968726528914387,
      "magnitude_share": 0.968726528914387,
      "active_rate": 0.4130113356333169
    },
    "progress_reward": {
      "episode_sum_mean": 13.16033794333489,
      "episode_abs_sum_mean": 16.04277623953676,
      "signed_contribution_share": 0.01813900360076535,
      "magnitude_share": 0.022111892356275573,
      "active_rate": 0.9999452384863917
    },
    "stability_penalty": {
      "episode_sum_mean": -6.64697327517265,
      "episode_abs_sum_mean": 6.64697327517265,
      "signed_contribution_share": -0.00916157872933732,
      "magnitude_share": 0.00916157872933732,
      "active_rate": 1.0
    }
  },
  "final_policy_component_error_count": 0
}