{
  "eval_episodes": 10,
  "episode_rewards": [
    78.00392567832473,
    17.620647434309994,
    10.65344989577584,
    20.866558693793788,
    44.05201999182986,
    34.59232176140422,
    8.806032279865775,
    37.32917075411484,
    64.00657853603079,
    39.64859821211784
  ],
  "episode_lengths": [
    1000,
    1000,
    1000,
    1000,
    1000,
    1000,
    1000,
    1000,
    1000,
    1000
  ],
  "mean_eval_reward": 35.557930323756764,
  "mean_episode_length": 1000,
  "min_eval_reward": 8.806032279865775,
  "max_eval_reward": 78.00392567832473
}