{
  "runner_env_id": "LunarLander-v3",
  "reward_path": "runs\\env_001\\exp_v6\\seed_2\\iter_10\\generation\\reward_v10.py",
  "run_name": "exp_v6/seed_2/iter_10/training",
  "n_envs": 4,
  "total_timesteps": 1000000,
  "reward_clip": 20.0,
  "error_fallback": "zero",
  "ppo_args": {
    "policy": "MlpPolicy",
    "verbose": "1",
    "device": "auto",
    "seed": "2",
    "n_steps": "1024",
    "batch_size": "64",
    "gae_lambda": "0.98",
    "gamma": "0.999",
    "n_epochs": "4",
    "ent_coef": "0.01",
    "tensorboard_log": "runs/env_001/tensorboard"
  },
  "model_path": "runs\\env_001\\exp_v6\\seed_2\\iter_10\\training\\model.zip",
  "monitor_dir": "runs\\env_001\\exp_v6\\seed_2\\iter_10\\training\\monitor",
  "tensorboard_log": "runs/env_001/tensorboard",
  "external_eval": {
    "eval_episodes": 10,
    "episode_rewards": [
      78.00392567832473,
      17.620647434309994,
      10.65344989577584,
      20.866558693793788,
      44.05201999182986,
      34.59232176140422,
      8.806032279865775,
      37.32917075411484,
      64.00657853603079,
      39.64859821211784
    ],
    "episode_lengths": [
      1000,
      1000,
      1000,
      1000,
      1000,
      1000,
      1000,
      1000,
      1000,
      1000
    ],
    "mean_eval_reward": 35.557930323756764,
    "mean_episode_length": 1000,
    "min_eval_reward": 8.806032279865775,
    "max_eval_reward": 78.00392567832473
  },
  "component_summary": {
    "steps_seen": 1003520,
    "reward_error_count_max": 0,
    "component_stats": {
      "component.landing_quality": {
        "count": 1003520,
        "mean": 0.5755537576300271,
        "abs_mean": 0.5755537576300271,
        "nonzero_rate": 0.9551199776785714,
        "min": 0.0,
        "max": 0.9988076090812683
      },
      "component.progress_signal": {
        "count": 1003520,
        "mean": 1.2409443620914131,
        "abs_mean": 1.2409443620914131,
        "nonzero_rate": 1.0,
        "min": 0.20376965403556824,
        "max": 2.9310266971588135
      },
      "component.proximity": {
        "count": 1003520,
        "mean": 0.4816388399614026,
        "abs_mean": 0.4816388399614026,
        "nonzero_rate": 1.0,
        "min": 0.06886997073888779,
        "max": 0.999784529209137
      },
      "component.quality_signal": {
        "count": 1003520,
        "mean": 0.24444539362515838,
        "abs_mean": 0.24444539362515838,
        "nonzero_rate": 0.9551199776785714,
        "min": 0.0,
        "max": 0.7485238313674927
      },
      "component.stability_penalty": {
        "count": 1003520,
        "mean": -0.002659180635532878,
        "abs_mean": 0.002659180635532878,
        "nonzero_rate": 0.999999003507653,
        "min": -0.14162863790988922,
        "max": -6.566585654139284e-15
      },
      "component.total_reward": {
        "count": 1003520,
        "mean": 1.4827305751339959,
        "abs_mean": 1.4827305751339959,
        "nonzero_rate": 1.0,
        "min": 0.19394631683826447,
        "max": 2.996490001678467
      },
      "generated_reward": {
        "count": 1003520,
        "mean": 1.4827305751339959,
        "abs_mean": 1.4827305751339959,
        "nonzero_rate": 1.0,
        "min": 0.19394631683826447,
        "max": 2.996490001678467
      },
      "original_env_reward": {
        "count": 1003520,
        "mean": -0.154352892626831,
        "abs_mean": 3.320165431620051,
        "nonzero_rate": 1.0,
        "min": -100.0,
        "max": 136.13769224867775
      }
    }
  }
}