{
  "eval_episodes": 20,
  "eval_seed_offset": 10000,
  "eval_seeds": [
    10000,
    10001,
    10002,
    10003,
    10004,
    10005,
    10006,
    10007,
    10008,
    10009,
    10010,
    10011,
    10012,
    10013,
    10014,
    10015,
    10016,
    10017,
    10018,
    10019
  ],
  "episode_rewards": [
    244.60549971619272,
    243.82149430863535,
    246.63465088231393,
    244.78313997369654,
    247.5019144664831,
    246.08470157757122,
    244.23840469645185,
    245.28378432028444,
    244.22697685225472,
    245.94943931206194,
    242.12934689287053,
    245.34192872547308,
    243.7709706047465,
    246.27663884810843,
    244.77310143913869,
    245.1558579567026,
    244.76809080123877,
    244.6307938968684,
    244.52911084882683,
    244.41249688819573
  ],
  "episode_lengths": [
    1389,
    1389,
    1380,
    1380,
    1370,
    1367,
    1400,
    1384,
    1396,
    1369,
    1408,
    1385,
    1399,
    1376,
    1384,
    1379,
    1388,
    1392,
    1386,
    1394
  ],
  "episode_terminated": [
    true,
    true,
    true,
    true,
    true,
    true,
    true,
    true,
    true,
    true,
    true,
    true,
    true,
    true,
    true,
    true,
    true,
    true,
    true,
    true
  ],
  "mean_eval_reward": 244.94591715040576,
  "mean_episode_length": 1385.75,
  "min_eval_reward": 242.12934689287053,
  "max_eval_reward": 247.5019144664831,
  "termination_breakdown": {
    "terminated": 20,
    "truncated": 0
  }
}