{
  "runner_env_id": "LunarLander-v3",
  "reward_path": "runs\\env_001\\exp_v6\\seed_2\\iter_09\\generation\\reward_v9.py",
  "run_name": "exp_v6/seed_2/iter_09/training",
  "n_envs": 4,
  "total_timesteps": 1000000,
  "reward_clip": 20.0,
  "error_fallback": "zero",
  "ppo_args": {
    "policy": "MlpPolicy",
    "verbose": "1",
    "device": "auto",
    "seed": "2",
    "n_steps": "1024",
    "batch_size": "64",
    "gae_lambda": "0.98",
    "gamma": "0.999",
    "n_epochs": "4",
    "ent_coef": "0.01",
    "tensorboard_log": "runs/env_001/tensorboard"
  },
  "model_path": "runs\\env_001\\exp_v6\\seed_2\\iter_09\\training\\model.zip",
  "monitor_dir": "runs\\env_001\\exp_v6\\seed_2\\iter_09\\training\\monitor",
  "tensorboard_log": "runs/env_001/tensorboard",
  "external_eval": {
    "eval_episodes": 10,
    "episode_rewards": [
      270.9840557594565,
      228.94427309925817,
      236.2308125885793,
      217.66519589622447,
      263.7041465894343,
      244.3338484194738,
      224.9632962251028,
      274.8418882665205,
      274.94427946468824,
      276.9693348397295
    ],
    "episode_lengths": [
      452,
      377,
      398,
      411,
      342,
      439,
      380,
      339,
      299,
      320
    ],
    "mean_eval_reward": 251.35811311484676,
    "mean_episode_length": 375.7,
    "min_eval_reward": 217.66519589622447,
    "max_eval_reward": 276.9693348397295
  },
  "component_summary": {
    "steps_seen": 1003520,
    "reward_error_count_max": 0,
    "component_stats": {
      "component.landing_quality": {
        "count": 1003520,
        "mean": 0.31864231831174056,
        "abs_mean": 0.31864231831174056,
        "nonzero_rate": 0.5835160235969388,
        "min": 0.0,
        "max": 0.9977292418479919
      },
      "component.progress_signal": {
        "count": 1003520,
        "mean": 1.186551278471152,
        "abs_mean": 1.186551278471152,
        "nonzero_rate": 1.0,
        "min": 0.13117322325706482,
        "max": 2.933748483657837
      },
      "component.proximity": {
        "count": 1003520,
        "mean": 0.46116558406288927,
        "abs_mean": 0.46116558406288927,
        "nonzero_rate": 1.0,
        "min": 0.045466504991054535,
        "max": 0.9997652173042297
      },
      "component.quality_signal": {
        "count": 1003520,
        "mean": 0.20409999404885562,
        "abs_mean": 0.20409999404885562,
        "nonzero_rate": 0.5835160235969388,
        "min": 0.0,
        "max": 0.9972254633903503
      },
      "component.stability_penalty": {
        "count": 1003520,
        "mean": -0.002367386385040796,
        "abs_mean": 0.002367386385040796,
        "nonzero_rate": 0.999999003507653,
        "min": -0.16810384392738342,
        "max": -2.0617739083400068e-14
      },
      "component.total_reward": {
        "count": 1003520,
        "mean": 1.3882838864320455,
        "abs_mean": 1.3882838864320455,
        "nonzero_rate": 1.0,
        "min": 0.12735134363174438,
        "max": 3.2376632690429688
      },
      "generated_reward": {
        "count": 1003520,
        "mean": 1.3882838864320455,
        "abs_mean": 1.3882838864320455,
        "nonzero_rate": 1.0,
        "min": 0.12735134363174438,
        "max": 3.2376632690429688
      },
      "original_env_reward": {
        "count": 1003520,
        "mean": -0.1603883264544443,
        "abs_mean": 3.418529445619158,
        "nonzero_rate": 1.0,
        "min": -100.0,
        "max": 136.13769224867775
      }
    }
  }
}