{
  "eval_episodes": 20,
  "eval_seed_offset": 10000,
  "eval_seeds": [
    10000,
    10001,
    10002,
    10003,
    10004,
    10005,
    10006,
    10007,
    10008,
    10009,
    10010,
    10011,
    10012,
    10013,
    10014,
    10015,
    10016,
    10017,
    10018,
    10019
  ],
  "episode_rewards": [
    -114.91763048254012,
    -118.75893427496467,
    -118.13104121026556,
    -106.28016423368763,
    -106.90169354967105,
    -114.09853518904117,
    -117.40091038808072,
    -113.44034767238253,
    -111.01911768869098,
    -122.78876668410766,
    -103.42911635831251,
    -114.31338528497776,
    -135.214739281656,
    -117.3026263457009,
    -106.59306174095525,
    -101.27354840886679,
    -109.67699742745862,
    -102.99436741503895,
    -98.86978743176181,
    -129.40766527137842
  ],
  "episode_lengths": [
    57,
    76,
    81,
    61,
    83,
    74,
    79,
    81,
    76,
    74,
    52,
    59,
    67,
    68,
    60,
    82,
    62,
    54,
    54,
    68
  ],
  "episode_terminated": [
    true,
    true,
    true,
    true,
    true,
    true,
    true,
    true,
    true,
    true,
    true,
    true,
    true,
    true,
    true,
    true,
    true,
    true,
    true,
    true
  ],
  "mean_eval_reward": -113.14062181697696,
  "mean_episode_length": 68.4,
  "min_eval_reward": -135.214739281656,
  "max_eval_reward": -98.86978743176181,
  "termination_breakdown": {
    "terminated": 20,
    "truncated": 0
  }
}