{
  "eval_episodes": 20,
  "eval_seed_offset": 10000,
  "eval_seeds": [
    10000,
    10001,
    10002,
    10003,
    10004,
    10005,
    10006,
    10007,
    10008,
    10009,
    10010,
    10011,
    10012,
    10013,
    10014,
    10015,
    10016,
    10017,
    10018,
    10019
  ],
  "episode_rewards": [
    41.73869989797388,
    47.93108902949512,
    62.31381266720704,
    13.535611463759107,
    16.83934598900323,
    124.6684280607314,
    28.026832354135628,
    154.9228164362015,
    15.387254488533229,
    40.79810370804765,
    5.3863988728763275,
    33.09607547458011,
    178.8039454577692,
    53.63035747325187,
    161.69337144393256,
    -7.434875387147363,
    57.93897230563315,
    39.48223824788076,
    193.94470271905848,
    168.18455250071685
  ],
  "episode_lengths": [
    1000,
    1000,
    1000,
    1000,
    1000,
    984,
    1000,
    973,
    1000,
    1000,
    378,
    1000,
    798,
    1000,
    900,
    1000,
    1000,
    1000,
    739,
    601
  ],
  "episode_terminated": [
    false,
    false,
    false,
    false,
    false,
    true,
    false,
    true,
    false,
    false,
    true,
    false,
    true,
    false,
    true,
    false,
    false,
    false,
    true,
    true
  ],
  "mean_eval_reward": 71.54438666018198,
  "mean_episode_length": 918.65,
  "min_eval_reward": -7.434875387147363,
  "max_eval_reward": 193.94470271905848,
  "termination_breakdown": {
    "terminated": 7,
    "truncated": 13
  },
  "final_policy_component_evaluation": {
    "attitude_penalty": {
      "episode_sum_mean": -0.05155782996909875,
      "episode_abs_sum_mean": 0.05155782996909875,
      "signed_contribution_share": -9.309837926509577e-06,
      "magnitude_share": 9.309837926509577e-06,
      "active_rate": 1.0
    },
    "contact_bonus": {
      "episode_sum_mean": 2862.5,
      "episode_abs_sum_mean": 2862.5,
      "signed_contribution_share": 0.5168838773975946,
      "magnitude_share": 0.5168838773975946,
      "active_rate": 0.06231970826756654
    },
    "descent_quality": {
      "episode_sum_mean": 1971.595051768422,
      "episode_abs_sum_mean": 1971.595051768422,
      "signed_contribution_share": 0.35601246987457574,
      "magnitude_share": 0.35601246987457574,
      "active_rate": 1.0
    },
    "proximity": {
      "episode_sum_mean": 703.6182739585638,
      "episode_abs_sum_mean": 703.6182739585638,
      "signed_contribution_share": 0.12705290538043856,
      "magnitude_share": 0.12705290538043856,
      "active_rate": 1.0
    },
    "velocity_penalty": {
      "episode_sum_mean": -0.22948069388402478,
      "episode_abs_sum_mean": 0.22948069388402478,
      "signed_contribution_share": -4.1437509464686526e-05,
      "magnitude_share": 4.1437509464686526e-05,
      "active_rate": 0.9947205137974201
    }
  },
  "final_policy_component_error_count": 0
}