{
  "eval_episodes": 20,
  "eval_seed_offset": 10000,
  "eval_seeds": [
    10000,
    10001,
    10002,
    10003,
    10004,
    10005,
    10006,
    10007,
    10008,
    10009,
    10010,
    10011,
    10012,
    10013,
    10014,
    10015,
    10016,
    10017,
    10018,
    10019
  ],
  "episode_rewards": [
    -110.31073079240332,
    -23.631269598194507,
    -36.27963545484019,
    230.41331494167824,
    237.7752663597192,
    -3.201606857309173,
    -81.52262231697239,
    -39.68729433515925,
    172.1614775022678,
    -71.7294188022419,
    -75.70408931678206,
    -89.68127682224271,
    -62.86756184089484,
    -109.81975880383843,
    -62.05193998712332,
    190.12382036837306,
    96.35704053915647,
    -19.613747799957565,
    91.78827370709858,
    135.26668468958496
  ],
  "episode_lengths": [
    308,
    100,
    92,
    624,
    216,
    150,
    187,
    96,
    270,
    169,
    147,
    168,
    252,
    102,
    331,
    766,
    1000,
    81,
    1000,
    373
  ],
  "episode_terminated": [
    true,
    true,
    true,
    true,
    true,
    true,
    true,
    true,
    true,
    true,
    true,
    true,
    true,
    true,
    true,
    true,
    false,
    true,
    false,
    true
  ],
  "mean_eval_reward": 18.389246268995933,
  "mean_episode_length": 321.6,
  "min_eval_reward": -110.31073079240332,
  "max_eval_reward": 237.7752663597192,
  "termination_breakdown": {
    "terminated": 18,
    "truncated": 2
  },
  "final_policy_component_evaluation": {
    "distance_progress": {
      "episode_sum_mean": 0.7721279673695428,
      "episode_abs_sum_mean": 1.200937163811685,
      "signed_contribution_share": 0.0064835033931066495,
      "magnitude_share": 0.010084183588125876,
      "active_rate": 0.9956467661691543
    },
    "landing_support": {
      "episode_sum_mean": 116.1,
      "episode_abs_sum_mean": 116.1,
      "signed_contribution_share": 0.9748834076093255,
      "magnitude_share": 0.9748834076093255,
      "active_rate": 0.18050373134328357
    },
    "tilt_penalty": {
      "episode_sum_mean": -1.7902270654659602,
      "episode_abs_sum_mean": 1.7902270654659602,
      "signed_contribution_share": -0.015032408802548651,
      "magnitude_share": 0.015032408802548651,
      "active_rate": 1.0
    }
  },
  "final_policy_component_error_count": 0
}