{
  "eval_episodes": 20,
  "eval_seed_offset": 10000,
  "eval_seeds": [
    10000,
    10001,
    10002,
    10003,
    10004,
    10005,
    10006,
    10007,
    10008,
    10009,
    10010,
    10011,
    10012,
    10013,
    10014,
    10015,
    10016,
    10017,
    10018,
    10019
  ],
  "episode_rewards": [
    139.03240866529438,
    156.87504346586707,
    178.00231362096318,
    126.15220999514857,
    133.45861866727043,
    122.10251436103779,
    153.31031988621723,
    153.4080988748086,
    120.10031201319751,
    162.73922328593142,
    178.943226622737,
    163.42095543458592,
    163.89472289453226,
    176.44508989347625,
    140.07242673226446,
    126.62358540402388,
    115.34160452738865,
    155.5390203404131,
    140.6592952568379,
    121.10849013993092
  ],
  "episode_lengths": [
    1000,
    1000,
    1000,
    1000,
    1000,
    1000,
    1000,
    1000,
    1000,
    1000,
    1000,
    1000,
    1000,
    1000,
    1000,
    1000,
    1000,
    1000,
    1000,
    1000
  ],
  "episode_terminated": [
    false,
    false,
    false,
    false,
    false,
    false,
    false,
    false,
    false,
    false,
    false,
    false,
    false,
    false,
    false,
    false,
    false,
    false,
    false,
    false
  ],
  "mean_eval_reward": 146.36147400409632,
  "mean_episode_length": 1000,
  "min_eval_reward": 115.34160452738865,
  "max_eval_reward": 178.943226622737,
  "termination_breakdown": {
    "terminated": 0,
    "truncated": 20
  }
}