{
  "eval_episodes": 10,
  "episode_rewards": [
    -106.50346130481321,
    -107.91034528314086,
    -115.61469257436835,
    -121.60926734341831,
    -113.31388529817701,
    -111.26801704600197,
    -108.0677423413893,
    -95.05909309317079,
    -95.96344286422611,
    -120.89754288730117
  ],
  "episode_lengths": [
    61,
    83,
    74,
    78,
    81,
    76,
    74,
    52,
    60,
    67
  ],
  "mean_eval_reward": -109.62074900360071,
  "mean_episode_length": 70.6,
  "min_eval_reward": -121.60926734341831,
  "max_eval_reward": -95.05909309317079
}