{
  "eval_episodes": 20,
  "eval_seed_offset": 10000,
  "eval_seeds": [
    10000,
    10001,
    10002,
    10003,
    10004,
    10005,
    10006,
    10007,
    10008,
    10009,
    10010,
    10011,
    10012,
    10013,
    10014,
    10015,
    10016,
    10017,
    10018,
    10019
  ],
  "episode_rewards": [
    -57.20343659253674,
    1.612074563574149,
    19.132478966839198,
    -32.705988302048034,
    -35.29067754763787,
    -43.57500859460467,
    -15.59824452832137,
    -3.299419363155722,
    -54.41191110542587,
    -17.743778171204532,
    -65.64617487817752,
    -32.74017788297876,
    -36.214129962387425,
    24.871863329799993,
    -37.54641462715408,
    -23.64303884249882,
    -61.819826226012474,
    -100.9452800468663,
    -45.75530170434472,
    -67.25209560387862
  ],
  "episode_lengths": [
    1000,
    1000,
    1000,
    1000,
    1000,
    1000,
    1000,
    1000,
    1000,
    1000,
    1000,
    1000,
    1000,
    1000,
    1000,
    1000,
    1000,
    611,
    1000,
    1000
  ],
  "episode_terminated": [
    false,
    false,
    false,
    false,
    false,
    false,
    false,
    false,
    false,
    false,
    false,
    false,
    false,
    false,
    false,
    false,
    false,
    true,
    false,
    false
  ],
  "mean_eval_reward": -34.28872435595101,
  "mean_episode_length": 980.55,
  "min_eval_reward": -100.9452800468663,
  "max_eval_reward": 24.871863329799993,
  "termination_breakdown": {
    "terminated": 1,
    "truncated": 19
  },
  "final_policy_component_evaluation": {
    "attitude_penalty": {
      "episode_sum_mean": -0.06000230366742526,
      "episode_abs_sum_mean": 0.06000230366742526,
      "signed_contribution_share": -0.00039842678417991443,
      "magnitude_share": 0.00039842678417991443,
      "active_rate": 1.0
    },
    "contact_quality": {
      "episode_sum_mean": 0.4495298206806183,
      "episode_abs_sum_mean": 0.4495298206806183,
      "signed_contribution_share": 0.0029849640747041314,
      "magnitude_share": 0.0029849640747041314,
      "active_rate": 0.00025495895160879096
    },
    "descent_quality": {
      "episode_sum_mean": 96.67646779660136,
      "episode_abs_sum_mean": 96.67646779660136,
      "signed_contribution_share": 0.6419502555030117,
      "magnitude_share": 0.6419502555030117,
      "active_rate": 1.0
    },
    "proximity": {
      "episode_sum_mean": 36.745226085186005,
      "episode_abs_sum_mean": 53.1996214389801,
      "signed_contribution_share": 0.243995336316273,
      "magnitude_share": 0.35325567176563066,
      "active_rate": 1.0
    },
    "velocity_penalty": {
      "episode_sum_mean": -0.21244596360288143,
      "episode_abs_sum_mean": 0.21244596360288143,
      "signed_contribution_share": -0.0014106818724737029,
      "magnitude_share": 0.0014106818724737029,
      "active_rate": 1.0
    }
  },
  "final_policy_component_error_count": 0
}