{
  "eval_episodes": 20,
  "eval_seed_offset": 10000,
  "eval_seeds": [
    10000,
    10001,
    10002,
    10003,
    10004,
    10005,
    10006,
    10007,
    10008,
    10009,
    10010,
    10011,
    10012,
    10013,
    10014,
    10015,
    10016,
    10017,
    10018,
    10019
  ],
  "episode_rewards": [
    253.02954123415387,
    260.9612335125595,
    286.1546888932927,
    213.65651283931703,
    240.63570459805,
    209.39683407057527,
    271.51764899224077,
    238.0067304766691,
    221.9726656576721,
    281.39148842981695,
    298.0373949655799,
    279.9684593272216,
    275.4726430041727,
    280.6921390725394,
    258.2390557405681,
    107.0329010547062,
    81.92305144595595,
    270.73067886596937,
    261.78511277746986,
    237.68548306762634
  ],
  "episode_lengths": [
    280,
    325,
    328,
    387,
    329,
    313,
    316,
    651,
    297,
    312,
    289,
    285,
    308,
    313,
    296,
    1000,
    1000,
    282,
    284,
    285
  ],
  "episode_terminated": [
    true,
    true,
    true,
    true,
    true,
    true,
    true,
    true,
    true,
    true,
    true,
    true,
    true,
    true,
    true,
    false,
    false,
    true,
    true,
    true
  ],
  "mean_eval_reward": 241.41449840130784,
  "mean_episode_length": 394,
  "min_eval_reward": 81.92305144595595,
  "max_eval_reward": 298.0373949655799,
  "termination_breakdown": {
    "terminated": 18,
    "truncated": 2
  }
}