{
  "eval_episodes": 20,
  "eval_seed_offset": 10000,
  "eval_seeds": [
    10000,
    10001,
    10002,
    10003,
    10004,
    10005,
    10006,
    10007,
    10008,
    10009,
    10010,
    10011,
    10012,
    10013,
    10014,
    10015,
    10016,
    10017,
    10018,
    10019
  ],
  "episode_rewards": [
    -72.53312329482142,
    -68.101870032955,
    -34.23461626276912,
    -83.00411967875003,
    -73.63108720053363,
    -87.09653743922041,
    -57.57872972742254,
    -61.0287504733276,
    -97.02566458270418,
    -51.26620447362145,
    -53.74440199606349,
    -51.33288668463862,
    -64.80822347033983,
    -48.72490590649035,
    -84.9252947957816,
    -79.39450651088374,
    -99.08448410970566,
    -57.8379880668337,
    -87.30920152555048,
    -94.4109310326726
  ],
  "episode_lengths": [
    1000,
    1000,
    1000,
    1000,
    1000,
    1000,
    1000,
    1000,
    1000,
    1000,
    1000,
    1000,
    1000,
    1000,
    1000,
    1000,
    1000,
    1000,
    1000,
    1000
  ],
  "episode_terminated": [
    false,
    false,
    false,
    false,
    false,
    false,
    false,
    false,
    false,
    false,
    false,
    false,
    false,
    false,
    false,
    false,
    false,
    false,
    false,
    false
  ],
  "mean_eval_reward": -70.35367636325427,
  "mean_episode_length": 1000,
  "min_eval_reward": -99.08448410970566,
  "max_eval_reward": -34.23461626276912,
  "termination_breakdown": {
    "terminated": 0,
    "truncated": 20
  },
  "final_policy_component_evaluation": {
    "fuel_penalty": {
      "episode_sum_mean": -49.9999999999993,
      "episode_abs_sum_mean": 49.9999999999993,
      "signed_contribution_share": -0.03337734532207686,
      "magnitude_share": 0.03337734532207686,
      "active_rate": 1.0
    },
    "landing_reward": {
      "episode_sum_mean": 0.0,
      "episode_abs_sum_mean": 0.0,
      "signed_contribution_share": 0.0,
      "magnitude_share": 0.0,
      "active_rate": 0.0
    },
    "proximity": {
      "episode_sum_mean": 1448.0220720827579,
      "episode_abs_sum_mean": 1448.0220720827579,
      "signed_contribution_share": 0.9666226546779231,
      "magnitude_share": 0.9666226546779231,
      "active_rate": 1.0
    }
  },
  "final_policy_component_error_count": 0
}