{
  "eval_episodes": 20,
  "eval_seed_offset": 10000,
  "eval_seeds": [
    10000,
    10001,
    10002,
    10003,
    10004,
    10005,
    10006,
    10007,
    10008,
    10009,
    10010,
    10011,
    10012,
    10013,
    10014,
    10015,
    10016,
    10017,
    10018,
    10019
  ],
  "episode_rewards": [
    -54.70931141072834,
    -120.92914946865628,
    -118.35630441132517,
    -107.52085243089746,
    -108.78225723580744,
    -116.48373690918379,
    -83.60120386332827,
    -117.32524487677205,
    -112.4616295479467,
    -71.21019703265652,
    -2.5983236822891485,
    -35.20050885484953,
    -61.51134540602919,
    -119.02989351950995,
    -60.867555893700974,
    -101.64673710375516,
    -78.32859809654241,
    -101.83705744270846,
    -52.70628041757075,
    -89.91244508063251
  ],
  "episode_lengths": [
    91,
    76,
    81,
    61,
    83,
    74,
    128,
    81,
    76,
    124,
    98,
    107,
    118,
    68,
    104,
    82,
    79,
    54,
    88,
    106
  ],
  "episode_terminated": [
    true,
    true,
    true,
    true,
    true,
    true,
    true,
    true,
    true,
    true,
    true,
    true,
    true,
    true,
    true,
    true,
    true,
    true,
    true,
    true
  ],
  "mean_eval_reward": -85.75093163424451,
  "mean_episode_length": 88.95,
  "min_eval_reward": -120.92914946865628,
  "max_eval_reward": -2.5983236822891485,
  "termination_breakdown": {
    "terminated": 20,
    "truncated": 0
  },
  "final_policy_component_evaluation": {
    "distance_reward": {
      "episode_sum_mean": 6.148047027976178,
      "episode_abs_sum_mean": 6.386425011378017,
      "signed_contribution_share": 0.7722671926878767,
      "magnitude_share": 0.8022102778989433,
      "active_rate": 1.0
    },
    "soft_landing_proxy": {
      "episode_sum_mean": 0.5,
      "episode_abs_sum_mean": 0.5,
      "signed_contribution_share": 0.06280589504063151,
      "magnitude_share": 0.06280589504063151,
      "active_rate": 0.005621135469364812
    },
    "stability_penalty": {
      "episode_sum_mean": -1.074611125063173,
      "episode_abs_sum_mean": 1.074611125063173,
      "signed_contribution_share": -0.13498382706042517,
      "magnitude_share": 0.13498382706042517,
      "active_rate": 1.0
    }
  },
  "final_policy_component_error_count": 0
}