{
  "eval_episodes": 10,
  "episode_rewards": [
    280.1484300421149,
    186.01576114185426,
    248.37428575919358,
    255.3321692828134,
    238.17715601501908,
    265.0068018299365,
    267.1748314566329,
    241.6548778975127,
    276.8079043383425,
    299.55738601818
  ],
  "episode_lengths": [
    321,
    1000,
    282,
    312,
    630,
    653,
    313,
    308,
    313,
    272
  ],
  "mean_eval_reward": 255.82496037815997,
  "mean_episode_length": 440.4,
  "min_eval_reward": 186.01576114185426,
  "max_eval_reward": 299.55738601818
}