{
  "eval_episodes": 10,
  "episode_rewards": [
    -133.56815392651896,
    -177.61037111069587,
    -142.9818136312987,
    -178.53606219172644,
    -167.36926662249908,
    -169.78232204521638,
    -125.3245596867596,
    -170.77428924633787,
    -174.54820631847025,
    -112.61021069406762
  ],
  "episode_lengths": [
    1000,
    1000,
    1000,
    1000,
    1000,
    1000,
    1000,
    1000,
    1000,
    1000
  ],
  "mean_eval_reward": -155.31052554735908,
  "mean_episode_length": 1000,
  "min_eval_reward": -178.53606219172644,
  "max_eval_reward": -112.61021069406762
}