{
  "eval_episodes": 20,
  "eval_seed_offset": 10000,
  "eval_seeds": [
    10000,
    10001,
    10002,
    10003,
    10004,
    10005,
    10006,
    10007,
    10008,
    10009,
    10010,
    10011,
    10012,
    10013,
    10014,
    10015,
    10016,
    10017,
    10018,
    10019
  ],
  "episode_rewards": [
    -510.2756312398699,
    -579.5798099747393,
    -633.4291682426001,
    -483.8211980234951,
    -650.1823079599932,
    -602.5223486950576,
    -551.829719548685,
    -632.6158563116478,
    -607.722621961726,
    -643.1451505283488,
    -473.01070284997604,
    -527.2093948930661,
    -618.9784188698864,
    -471.38773379364994,
    -555.3037597258266,
    -650.8034561755429,
    -559.2763404026415,
    -373.2755758097099,
    -455.12633937128334,
    -615.2027738283516
  ],
  "episode_lengths": [
    54,
    70,
    74,
    57,
    72,
    66,
    69,
    73,
    67,
    65,
    49,
    54,
    61,
    64,
    56,
    72,
    58,
    53,
    51,
    62
  ],
  "episode_terminated": [
    true,
    true,
    true,
    true,
    true,
    true,
    true,
    true,
    true,
    true,
    true,
    true,
    true,
    true,
    true,
    true,
    true,
    true,
    true,
    true
  ],
  "mean_eval_reward": -559.7349154103049,
  "mean_episode_length": 62.35,
  "min_eval_reward": -650.8034561755429,
  "max_eval_reward": -373.2755758097099,
  "termination_breakdown": {
    "terminated": 20,
    "truncated": 0
  },
  "final_policy_component_evaluation": {
    "contact_encouragement": {
      "episode_sum_mean": 7.0,
      "episode_abs_sum_mean": 7.0,
      "signed_contribution_share": 0.0005795307287274489,
      "magnitude_share": 0.0005795307287274489,
      "active_rate": 0.011226944667201283
    },
    "goal_proximity": {
      "episode_sum_mean": -1890.3787579387426,
      "episode_abs_sum_mean": 1890.3787579387426,
      "signed_contribution_share": -0.1565046541655899,
      "magnitude_share": 0.1565046541655899,
      "active_rate": 1.0
    },
    "orientation_stability": {
      "episode_sum_mean": -6750.584478696238,
      "episode_abs_sum_mean": 6750.584478696238,
      "signed_contribution_share": -0.5588815917535767,
      "magnitude_share": 0.5588815917535767,
      "active_rate": 1.0
    },
    "soft_landing_velocity": {
      "episode_sum_mean": -3430.775047650328,
      "episode_abs_sum_mean": 3430.775047650328,
      "signed_contribution_share": -0.2840342233521061,
      "magnitude_share": 0.2840342233521061,
      "active_rate": 1.0
    }
  },
  "final_policy_component_error_count": 0
}