{
  "eval_episodes": 20,
  "eval_seed_offset": 10000,
  "eval_seeds": [
    10000,
    10001,
    10002,
    10003,
    10004,
    10005,
    10006,
    10007,
    10008,
    10009,
    10010,
    10011,
    10012,
    10013,
    10014,
    10015,
    10016,
    10017,
    10018,
    10019
  ],
  "episode_rewards": [
    59.13340448565644,
    262.0390267263805,
    109.6020532381672,
    67.51043985806014,
    55.694456943371,
    54.75436004985771,
    88.90806585271369,
    82.14798114679434,
    64.29680613235053,
    88.7916584521416,
    93.8606750022876,
    86.02616270153652,
    272.04715328223193,
    113.64955910210185,
    59.72969366648542,
    69.80432433788522,
    48.311039002653004,
    74.0016092544219,
    73.68342869970087,
    40.7690133417762
  ],
  "episode_lengths": [
    1000,
    336,
    1000,
    1000,
    1000,
    1000,
    1000,
    1000,
    1000,
    1000,
    1000,
    1000,
    293,
    1000,
    1000,
    1000,
    1000,
    1000,
    1000,
    1000
  ],
  "episode_terminated": [
    false,
    true,
    false,
    false,
    false,
    false,
    false,
    false,
    false,
    false,
    false,
    false,
    true,
    false,
    false,
    false,
    false,
    false,
    false,
    false
  ],
  "mean_eval_reward": 93.23804556382868,
  "mean_episode_length": 931.45,
  "min_eval_reward": 40.7690133417762,
  "max_eval_reward": 272.04715328223193,
  "termination_breakdown": {
    "terminated": 2,
    "truncated": 18
  },
  "final_policy_component_evaluation": {
    "angvel_penalty": {
      "episode_sum_mean": -0.3390966314567733,
      "episode_abs_sum_mean": 0.3390966314567733,
      "signed_contribution_share": -0.002316303619208271,
      "magnitude_share": 0.002316303619208271,
      "active_rate": 0.992699554458103
    },
    "engine_penalty": {
      "episode_sum_mean": -0.4648500000000003,
      "episode_abs_sum_mean": 0.4648500000000003,
      "signed_contribution_share": -0.003175300600195503,
      "magnitude_share": 0.003175300600195503,
      "active_rate": 0.49906060443394706
    },
    "landing_reward": {
      "episode_sum_mean": 135.5,
      "episode_abs_sum_mean": 135.5,
      "signed_contribution_share": 0.9255743386608375,
      "magnitude_share": 0.9255743386608375,
      "active_rate": 0.14547211337162488
    },
    "orientation_penalty": {
      "episode_sum_mean": -0.33227283283904196,
      "episode_abs_sum_mean": 0.33227283283904196,
      "signed_contribution_share": -0.002269691568339183,
      "magnitude_share": 0.002269691568339183,
      "active_rate": 0.999194803800526
    },
    "target_proximity": {
      "episode_sum_mean": -7.4758404461967345,
      "episode_abs_sum_mean": 7.4758404461967345,
      "signed_contribution_share": -0.05106602270791501,
      "magnitude_share": 0.05106602270791501,
      "active_rate": 1.0
    },
    "velocity_penalty": {
      "episode_sum_mean": -2.283528580052126,
      "episode_abs_sum_mean": 2.283528580052126,
      "signed_contribution_share": -0.015598342843504559,
      "magnitude_share": 0.015598342843504559,
      "active_rate": 0.998550646840947
    }
  },
  "final_policy_component_error_count": 0
}