{
  "eval_episodes": 20,
  "eval_seed_offset": 10000,
  "eval_seeds": [
    10000,
    10001,
    10002,
    10003,
    10004,
    10005,
    10006,
    10007,
    10008,
    10009,
    10010,
    10011,
    10012,
    10013,
    10014,
    10015,
    10016,
    10017,
    10018,
    10019
  ],
  "episode_rewards": [
    -27.182211256650476,
    -12.44122692727598,
    57.30713135612271,
    -42.91277244430562,
    -34.00436603596908,
    -36.774599327932215,
    -4.617475245486274,
    -10.94485445512896,
    -40.401048373540085,
    -12.978254123238923,
    -6.2735385325204325,
    -1.9535655444094042,
    -13.061554410828336,
    10.676561742837322,
    -31.33391574293252,
    -32.117816255382905,
    -45.84039298670209,
    -12.827419442000929,
    -26.026968244777972,
    -41.889495553265306
  ],
  "episode_lengths": [
    1000,
    1000,
    134,
    1000,
    1000,
    1000,
    1000,
    1000,
    1000,
    1000,
    1000,
    1000,
    1000,
    98,
    1000,
    1000,
    1000,
    1000,
    1000,
    1000
  ],
  "episode_terminated": [
    false,
    false,
    true,
    false,
    false,
    false,
    false,
    false,
    false,
    false,
    false,
    false,
    false,
    true,
    false,
    false,
    false,
    false,
    false,
    false
  ],
  "mean_eval_reward": -18.279889090169373,
  "mean_episode_length": 911.6,
  "min_eval_reward": -45.84039298670209,
  "max_eval_reward": 57.30713135612271,
  "termination_breakdown": {
    "terminated": 2,
    "truncated": 18
  },
  "final_policy_component_evaluation": {
    "descent_safety": {
      "episode_sum_mean": -92.52717166533839,
      "episode_abs_sum_mean": 92.52717166533839,
      "signed_contribution_share": -0.11751551781269973,
      "magnitude_share": 0.11751551781269973,
      "active_rate": 0.6565928038613427
    },
    "fuel_penalty": {
      "episode_sum_mean": -31.375000000000167,
      "episode_abs_sum_mean": 31.375000000000167,
      "signed_contribution_share": -0.039848287859799346,
      "magnitude_share": 0.039848287859799346,
      "active_rate": 0.6883501535761298
    },
    "safe_proximity": {
      "episode_sum_mean": 662.4220721676945,
      "episode_abs_sum_mean": 662.4220721676945,
      "signed_contribution_share": 0.841319057097145,
      "magnitude_share": 0.841319057097145,
      "active_rate": 1.0
    },
    "stable_landed": {
      "episode_sum_mean": 0.50969228297472,
      "episode_abs_sum_mean": 0.50969228297472,
      "signed_contribution_share": 0.0006473423047615885,
      "magnitude_share": 0.0006473423047615885,
      "active_rate": 0.0012066695919262834
    },
    "touchdown_bonus": {
      "episode_sum_mean": 0.5273706078529358,
      "episode_abs_sum_mean": 0.5273706078529358,
      "signed_contribution_share": 0.0006697949255942958,
      "magnitude_share": 0.0006697949255942958,
      "active_rate": 0.0001645458534444932
    }
  },
  "final_policy_component_error_count": 0
}