{
  "eval_episodes": 20,
  "eval_seed_offset": 10000,
  "eval_seeds": [
    10000,
    10001,
    10002,
    10003,
    10004,
    10005,
    10006,
    10007,
    10008,
    10009,
    10010,
    10011,
    10012,
    10013,
    10014,
    10015,
    10016,
    10017,
    10018,
    10019
  ],
  "episode_rewards": [
    -25.87001823415884,
    -13.705453365657108,
    21.253825950897806,
    -31.47460377051837,
    -25.54052436733535,
    -31.969036806289235,
    -4.824425859642401,
    -11.525578013810994,
    -46.7684101542723,
    4.369204193408991,
    9.329857253394259,
    2.8951107040682302,
    -12.142353191536994,
    8.458380039147483,
    -29.516049352321886,
    -27.221481057191497,
    -42.01829296522371,
    -12.993445574040212,
    -19.72978280615143,
    -48.401739495647575
  ],
  "episode_lengths": [
    1000,
    1000,
    1000,
    1000,
    1000,
    1000,
    1000,
    1000,
    1000,
    1000,
    1000,
    1000,
    1000,
    1000,
    1000,
    1000,
    1000,
    1000,
    1000,
    1000
  ],
  "episode_terminated": [
    false,
    false,
    false,
    false,
    false,
    false,
    false,
    false,
    false,
    false,
    false,
    false,
    false,
    false,
    false,
    false,
    false,
    false,
    false,
    false
  ],
  "mean_eval_reward": -16.869740843644056,
  "mean_episode_length": 1000,
  "min_eval_reward": -48.401739495647575,
  "max_eval_reward": 21.253825950897806,
  "termination_breakdown": {
    "terminated": 0,
    "truncated": 20
  },
  "final_policy_component_evaluation": {
    "angular_vel_penalty": {
      "episode_sum_mean": -0.14384934533863422,
      "episode_abs_sum_mean": 0.14384934533863422,
      "signed_contribution_share": -0.024744911341294938,
      "magnitude_share": 0.024744911341294938,
      "active_rate": 0.99995
    },
    "landing_quality": {
      "episode_sum_mean": 0.0,
      "episode_abs_sum_mean": 0.0,
      "signed_contribution_share": 0.0,
      "magnitude_share": 0.0,
      "active_rate": 0.0
    },
    "shaped_progress": {
      "episode_sum_mean": 4.607872144774816,
      "episode_abs_sum_mean": 5.669440642028375,
      "signed_contribution_share": 0.7926444672101831,
      "magnitude_share": 0.975255088658705,
      "active_rate": 1.0
    }
  },
  "final_policy_component_error_count": 0
}