{
  "eval_episodes": 10,
  "episode_rewards": [
    -106.86875768877464,
    -107.30658717513703,
    -107.34285787765884,
    -113.38673938122011,
    -120.79634648567472,
    -110.25334626654923,
    -116.23425517613705,
    -108.47662432890155,
    -95.05909309317079,
    -101.75727073150526
  ],
  "episode_lengths": [
    81,
    61,
    83,
    74,
    78,
    81,
    76,
    74,
    52,
    60
  ],
  "mean_eval_reward": -108.74818782047292,
  "mean_episode_length": 72,
  "min_eval_reward": -120.79634648567472,
  "max_eval_reward": -95.05909309317079
}