{
  "eval_episodes": 20,
  "eval_seed_offset": 10000,
  "eval_seeds": [
    10000,
    10001,
    10002,
    10003,
    10004,
    10005,
    10006,
    10007,
    10008,
    10009,
    10010,
    10011,
    10012,
    10013,
    10014,
    10015,
    10016,
    10017,
    10018,
    10019
  ],
  "episode_rewards": [
    -109.4635048033108,
    -117.9268875433397,
    -117.89286468765592,
    -107.11093605835313,
    -109.75339933042491,
    -114.4183276029303,
    -124.07914894482107,
    -110.00687285192004,
    -113.3340971186573,
    -112.6580984781962,
    -98.38888957424231,
    -98.05724253030002,
    -124.83957022608257,
    -118.23598518304446,
    -103.79102505005059,
    -103.47875895363543,
    -111.80662566871285,
    -103.81033827852099,
    -98.86978743176181,
    -141.58236723614857
  ],
  "episode_lengths": [
    57,
    76,
    81,
    61,
    83,
    74,
    78,
    81,
    76,
    74,
    52,
    60,
    67,
    68,
    60,
    82,
    62,
    54,
    54,
    68
  ],
  "episode_terminated": [
    true,
    true,
    true,
    true,
    true,
    true,
    true,
    true,
    true,
    true,
    true,
    true,
    true,
    true,
    true,
    true,
    true,
    true,
    true,
    true
  ],
  "mean_eval_reward": -111.97523637760546,
  "mean_episode_length": 68.4,
  "min_eval_reward": -141.58236723614857,
  "max_eval_reward": -98.05724253030002,
  "termination_breakdown": {
    "terminated": 20,
    "truncated": 0
  },
  "final_policy_component_evaluation": {
    "distance_reward": {
      "episode_sum_mean": -50.9334490810948,
      "episode_abs_sum_mean": 50.9334490810948,
      "signed_contribution_share": -0.6950502239547548,
      "magnitude_share": 0.6950502239547548,
      "active_rate": 1.0
    },
    "landing_quality": {
      "episode_sum_mean": 6.711743968135275,
      "episode_abs_sum_mean": 14.04506720310387,
      "signed_contribution_share": 0.09159008927025376,
      "magnitude_share": 0.19166240027126577,
      "active_rate": 1.0
    },
    "stability_penalty": {
      "episode_sum_mean": -8.301726388466648,
      "episode_abs_sum_mean": 8.301726388466648,
      "signed_contribution_share": -0.11328737577397957,
      "magnitude_share": 0.11328737577397957,
      "active_rate": 1.0
    }
  },
  "final_policy_component_error_count": 0
}