{
  "eval_episodes": 20,
  "eval_seed_offset": 10000,
  "eval_seeds": [
    10000,
    10001,
    10002,
    10003,
    10004,
    10005,
    10006,
    10007,
    10008,
    10009,
    10010,
    10011,
    10012,
    10013,
    10014,
    10015,
    10016,
    10017,
    10018,
    10019
  ],
  "episode_rewards": [
    -208.36552018397478,
    -299.85840376300393,
    -318.0974784809768,
    -207.30313619354405,
    -257.46167487002754,
    -243.68695192872602,
    -225.11996641927624,
    -314.8162973982843,
    -250.93802113158972,
    -238.23326152632836,
    -148.92483674808128,
    -170.22854044545608,
    -211.61285998000628,
    -265.8903442286741,
    -206.98342698224644,
    -163.57275035432716,
    -35.53368896285103,
    -216.19055511309492,
    -185.04898599970494,
    -250.60883111892346
  ],
  "episode_lengths": [
    61,
    85,
    92,
    64,
    85,
    76,
    83,
    86,
    78,
    83,
    67,
    70,
    79,
    83,
    63,
    83,
    65,
    64,
    57,
    70
  ],
  "episode_terminated": [
    true,
    true,
    true,
    true,
    true,
    true,
    true,
    true,
    true,
    true,
    true,
    true,
    true,
    true,
    true,
    true,
    true,
    true,
    true,
    true
  ],
  "mean_eval_reward": -220.92377659145487,
  "mean_episode_length": 74.7,
  "min_eval_reward": -318.0974784809768,
  "max_eval_reward": -35.53368896285103,
  "termination_breakdown": {
    "terminated": 20,
    "truncated": 0
  }
}