{
  "eval_episodes": 20,
  "eval_seed_offset": 10000,
  "eval_seeds": [
    10000,
    10001,
    10002,
    10003,
    10004,
    10005,
    10006,
    10007,
    10008,
    10009,
    10010,
    10011,
    10012,
    10013,
    10014,
    10015,
    10016,
    10017,
    10018,
    10019
  ],
  "episode_rewards": [
    -98.10341331436473,
    -92.73822447066951,
    -92.96993861677585,
    -104.79638007926796,
    -97.77625898013457,
    -112.15464107102825,
    -121.73367849681969,
    -98.21817865732878,
    -108.21168545763408,
    -108.63873948280228,
    -96.83547318469097,
    -101.48053833307196,
    -122.1271345044915,
    -103.2278778362417,
    -104.79146551042666,
    -101.1527084602726,
    -106.86338457555328,
    -87.10823160501157,
    -100.76052230077767,
    -123.79965703664901
  ],
  "episode_lengths": [
    57,
    77,
    81,
    61,
    83,
    74,
    78,
    81,
    76,
    74,
    52,
    60,
    67,
    70,
    60,
    82,
    62,
    54,
    54,
    68
  ],
  "episode_terminated": [
    true,
    true,
    true,
    true,
    true,
    true,
    true,
    true,
    true,
    true,
    true,
    true,
    true,
    true,
    true,
    true,
    true,
    true,
    true,
    true
  ],
  "mean_eval_reward": -104.17440659870063,
  "mean_episode_length": 68.55,
  "min_eval_reward": -123.79965703664901,
  "max_eval_reward": -87.10823160501157,
  "termination_breakdown": {
    "terminated": 20,
    "truncated": 0
  },
  "final_policy_component_evaluation": {
    "landing_bonus": {
      "episode_sum_mean": 0.05,
      "episode_abs_sum_mean": 0.05,
      "signed_contribution_share": 0.0247822559982002,
      "magnitude_share": 0.0247822559982002,
      "active_rate": 0.0014587892049598833
    },
    "progress_reward": {
      "episode_sum_mean": 1.119208810850978,
      "episode_abs_sum_mean": 1.159934038668871,
      "signed_contribution_share": 0.5547303853190031,
      "magnitude_share": 0.5749156457463641,
      "active_rate": 1.0
    },
    "stability_penalty": {
      "episode_sum_mean": -0.8076385343701304,
      "episode_abs_sum_mean": 0.8076385343701304,
      "signed_contribution_share": -0.4003020982554356,
      "magnitude_share": 0.4003020982554356,
      "active_rate": 1.0
    }
  },
  "final_policy_component_error_count": 0
}