{
  "eval_episodes": 20,
  "eval_seed_offset": 10000,
  "eval_seeds": [
    10000,
    10001,
    10002,
    10003,
    10004,
    10005,
    10006,
    10007,
    10008,
    10009,
    10010,
    10011,
    10012,
    10013,
    10014,
    10015,
    10016,
    10017,
    10018,
    10019
  ],
  "episode_rewards": [
    -18.35107752588008,
    229.8893966121254,
    235.95739563059573,
    -20.78800144534257,
    -19.006122324366803,
    -21.75552457764611,
    192.35281216140353,
    -23.760185290009716,
    -33.52533119823714,
    9.119885624946415,
    33.177850045297376,
    13.792816468326707,
    10.512938505765277,
    -13.509905919301715,
    -16.215650089644573,
    -30.999273564284334,
    -39.17078577352483,
    11.488368521020647,
    186.19988416167072,
    -28.812743184077426
  ],
  "episode_lengths": [
    1000,
    293,
    247,
    1000,
    1000,
    1000,
    360,
    171,
    1000,
    1000,
    1000,
    1000,
    296,
    212,
    1000,
    1000,
    1000,
    175,
    330,
    1000
  ],
  "episode_terminated": [
    false,
    true,
    true,
    false,
    false,
    false,
    true,
    true,
    false,
    false,
    false,
    false,
    true,
    true,
    false,
    false,
    false,
    true,
    true,
    false
  ],
  "mean_eval_reward": 32.829837341941825,
  "mean_episode_length": 704.2,
  "min_eval_reward": -39.17078577352483,
  "max_eval_reward": 235.95739563059573,
  "termination_breakdown": {
    "terminated": 8,
    "truncated": 12
  },
  "final_policy_component_evaluation": {
    "distance_progress": {
      "episode_sum_mean": 1.169573239207516,
      "episode_abs_sum_mean": 1.404213562951826,
      "signed_contribution_share": 0.03940599913582222,
      "magnitude_share": 0.04731164889313235,
      "active_rate": 0.999928997443908
    },
    "landing_guidance": {
      "episode_sum_mean": 20.137015472118293,
      "episode_abs_sum_mean": 24.46298452788171,
      "signed_contribution_share": 0.6784690241630426,
      "magnitude_share": 0.8242223016478403,
      "active_rate": 0.999857994887816
    },
    "tilt_penalty": {
      "episode_sum_mean": -3.8128827307769426,
      "episode_abs_sum_mean": 3.8128827307769426,
      "signed_contribution_share": -0.12846604945902743,
      "magnitude_share": 0.12846604945902743,
      "active_rate": 1.0
    }
  },
  "final_policy_component_error_count": 0
}