{
  "eval_episodes": 10,
  "episode_rewards": [
    -107.11093605835313,
    -106.97548168101994,
    -115.74495114146009,
    -124.07914894482107,
    -108.46072830712629,
    -115.45897753571396,
    -121.70542768732571,
    -95.05909309317079,
    -100.7391727216125,
    -124.48528382651986
  ],
  "episode_lengths": [
    61,
    83,
    74,
    78,
    81,
    76,
    74,
    52,
    60,
    67
  ],
  "mean_eval_reward": -111.98192009971234,
  "mean_episode_length": 70.6,
  "min_eval_reward": -124.48528382651986,
  "max_eval_reward": -95.05909309317079
}