{
  "eval_episodes": 20,
  "eval_seed_offset": 10000,
  "eval_seeds": [
    10000,
    10001,
    10002,
    10003,
    10004,
    10005,
    10006,
    10007,
    10008,
    10009,
    10010,
    10011,
    10012,
    10013,
    10014,
    10015,
    10016,
    10017,
    10018,
    10019
  ],
  "episode_rewards": [
    -85.48301733829575,
    -115.99268897855224,
    -113.77373584231755,
    -107.11093605835313,
    -106.15401328174697,
    -115.0842288413554,
    -119.52005538979823,
    -108.36104071521117,
    -116.5650142534132,
    -101.59200184059101,
    -91.87295155638199,
    -90.77840349269815,
    -126.59844969507628,
    -115.94769806410129,
    -101.52595361464171,
    -102.67927468687753,
    -109.04717214771458,
    -86.51323640235266,
    -102.15257273695612,
    -116.72886566847485
  ],
  "episode_lengths": [
    58,
    76,
    81,
    61,
    83,
    74,
    78,
    81,
    76,
    74,
    52,
    60,
    67,
    69,
    60,
    82,
    62,
    54,
    54,
    68
  ],
  "episode_terminated": [
    true,
    true,
    true,
    true,
    true,
    true,
    true,
    true,
    true,
    true,
    true,
    true,
    true,
    true,
    true,
    true,
    true,
    true,
    true,
    true
  ],
  "mean_eval_reward": -106.67406553024549,
  "mean_episode_length": 68.5,
  "min_eval_reward": -126.59844969507628,
  "max_eval_reward": -85.48301733829575,
  "termination_breakdown": {
    "terminated": 20,
    "truncated": 0
  },
  "final_policy_component_evaluation": {
    "progress_delta": {
      "episode_sum_mean": 3.3616901338100433,
      "episode_abs_sum_mean": 3.4817005693912506,
      "signed_contribution_share": 0.4062565307785196,
      "magnitude_share": 0.42075965904905493,
      "active_rate": 1.0
    },
    "soft_landing_reward": {
      "episode_sum_mean": 0.32978447978983083,
      "episode_abs_sum_mean": 0.32978447978983083,
      "signed_contribution_share": 0.039854089261989675,
      "magnitude_share": 0.039854089261989675,
      "active_rate": 0.9605839416058394
    },
    "stability_penalty": {
      "episode_sum_mean": -4.46331148730278,
      "episode_abs_sum_mean": 4.46331148730278,
      "signed_contribution_share": -0.5393862516889554,
      "magnitude_share": 0.5393862516889554,
      "active_rate": 1.0
    }
  },
  "final_policy_component_error_count": 0
}