{
  "eval_episodes": 20,
  "eval_seed_offset": 10000,
  "eval_seeds": [
    10000,
    10001,
    10002,
    10003,
    10004,
    10005,
    10006,
    10007,
    10008,
    10009,
    10010,
    10011,
    10012,
    10013,
    10014,
    10015,
    10016,
    10017,
    10018,
    10019
  ],
  "episode_rewards": [
    -13.654099449863104,
    156.4104598176919,
    25.624926729366006,
    -10.129560817565022,
    -2.225553190073902,
    143.38702062200622,
    -4.494978727316816,
    -1.2022703709991682,
    -33.167326573563855,
    171.30216278409534,
    143.76690722686465,
    12.104727661868576,
    188.29949737599136,
    12.18215439119564,
    -17.3581045657714,
    -30.47131814695597,
    -32.14498185507382,
    2.0798070616760786,
    -16.796404683190364,
    -31.988504253685104
  ],
  "episode_lengths": [
    1000,
    851,
    1000,
    1000,
    1000,
    415,
    1000,
    1000,
    1000,
    746,
    948,
    1000,
    734,
    1000,
    1000,
    1000,
    1000,
    1000,
    1000,
    1000
  ],
  "episode_terminated": [
    false,
    true,
    false,
    false,
    false,
    true,
    false,
    false,
    false,
    true,
    true,
    false,
    true,
    false,
    false,
    false,
    false,
    false,
    false,
    false
  ],
  "mean_eval_reward": 33.07622805183486,
  "mean_episode_length": 934.7,
  "min_eval_reward": -33.167326573563855,
  "max_eval_reward": 188.29949737599136,
  "termination_breakdown": {
    "terminated": 5,
    "truncated": 15
  },
  "final_policy_component_evaluation": {
    "angular_penalty": {
      "episode_sum_mean": -0.02195505971123467,
      "episode_abs_sum_mean": 0.02195505971123467,
      "signed_contribution_share": -0.0009097944148414605,
      "magnitude_share": 0.0009097944148414605,
      "active_rate": 0.994597196961592
    },
    "landing_quality": {
      "episode_sum_mean": 21.264300907403232,
      "episode_abs_sum_mean": 21.264300907403232,
      "signed_contribution_share": 0.8811701018132054,
      "magnitude_share": 0.8811701018132054,
      "active_rate": 0.014550123034128597
    },
    "progress": {
      "episode_sum_mean": 1.3705599145963787,
      "episode_abs_sum_mean": 1.3705599145963787,
      "signed_contribution_share": 0.05679455086461488,
      "magnitude_share": 0.05679455086461488,
      "active_rate": 0.7262223173210656
    },
    "velocity_penalty": {
      "episode_sum_mean": -1.4750751840971696,
      "episode_abs_sum_mean": 1.4750751840971696,
      "signed_contribution_share": -0.06112555290733819,
      "magnitude_share": 0.06112555290733819,
      "active_rate": 0.9974858243286616
    }
  },
  "final_policy_component_error_count": 0
}