{
  "eval_episodes": 20,
  "eval_seed_offset": 10000,
  "eval_seeds": [
    10000,
    10001,
    10002,
    10003,
    10004,
    10005,
    10006,
    10007,
    10008,
    10009,
    10010,
    10011,
    10012,
    10013,
    10014,
    10015,
    10016,
    10017,
    10018,
    10019
  ],
  "episode_rewards": [
    -96.1754694114752,
    -118.04759860832499,
    -104.90784119681388,
    -108.78200298700278,
    -109.13541464707956,
    -117.48359930004798,
    -121.22286353058652,
    -109.34975068766829,
    -118.98284541339049,
    -108.7969442173341,
    -95.05909309317079,
    -101.86677710744286,
    -124.83957022608257,
    -118.52813722768434,
    -104.2810970819234,
    -107.04453520661167,
    -108.37625224220156,
    -93.01799861985697,
    -99.67667896487217,
    -123.17930648228128
  ],
  "episode_lengths": [
    57,
    76,
    81,
    61,
    83,
    74,
    78,
    81,
    76,
    74,
    52,
    60,
    67,
    69,
    60,
    82,
    62,
    54,
    54,
    68
  ],
  "episode_terminated": [
    true,
    true,
    true,
    true,
    true,
    true,
    true,
    true,
    true,
    true,
    true,
    true,
    true,
    true,
    true,
    true,
    true,
    true,
    true,
    true
  ],
  "mean_eval_reward": -109.43768881259257,
  "mean_episode_length": 68.45,
  "min_eval_reward": -124.83957022608257,
  "max_eval_reward": -93.01799861985697,
  "termination_breakdown": {
    "terminated": 20,
    "truncated": 0
  },
  "final_policy_component_evaluation": {
    "fuel_penalty": {
      "episode_sum_mean": -0.066,
      "episode_abs_sum_mean": 0.066,
      "signed_contribution_share": -0.007789756050157898,
      "magnitude_share": 0.007789756050157898,
      "active_rate": 0.04821037253469686
    },
    "progress_delta": {
      "episode_sum_mean": 3.3586300782859326,
      "episode_abs_sum_mean": 3.4780427768826483,
      "signed_contribution_share": 0.3964077117056081,
      "magnitude_share": 0.41050158733226644,
      "active_rate": 1.0
    },
    "soft_landing_reward": {
      "episode_sum_mean": 0.4372900822351241,
      "episode_abs_sum_mean": 0.4372900822351241,
      "signed_contribution_share": 0.051611864602501556,
      "magnitude_share": 0.051611864602501556,
      "active_rate": 1.0
    },
    "stability_penalty": {
      "episode_sum_mean": -4.4913329824090855,
      "episode_abs_sum_mean": 4.4913329824090855,
      "signed_contribution_share": -0.5300967920150741,
      "magnitude_share": 0.5300967920150741,
      "active_rate": 1.0
    }
  },
  "final_policy_component_error_count": 0
}