{
  "eval_episodes": 20,
  "eval_seed_offset": 10000,
  "eval_seeds": [
    10000,
    10001,
    10002,
    10003,
    10004,
    10005,
    10006,
    10007,
    10008,
    10009,
    10010,
    10011,
    10012,
    10013,
    10014,
    10015,
    10016,
    10017,
    10018,
    10019
  ],
  "episode_rewards": [
    -97.00261637437038,
    -81.11296743962671,
    -80.22767732442449,
    -89.55511320100642,
    -73.44345436172159,
    -90.31600486344723,
    -120.90941696695077,
    -88.31639442379999,
    -79.60240838883273,
    -109.08765334432378,
    -96.10595812142068,
    -97.28286188112617,
    -121.39438750162437,
    -96.1517303764551,
    -101.57355932649602,
    -86.54722754280101,
    -100.93395371762006,
    -85.97778665166956,
    -85.67892781664705,
    -123.70338423610124
  ],
  "episode_lengths": [
    57,
    77,
    82,
    61,
    84,
    75,
    78,
    81,
    77,
    74,
    52,
    60,
    67,
    70,
    60,
    82,
    62,
    54,
    55,
    68
  ],
  "episode_terminated": [
    true,
    true,
    true,
    true,
    true,
    true,
    true,
    true,
    true,
    true,
    true,
    true,
    true,
    true,
    true,
    true,
    true,
    true,
    true,
    true
  ],
  "mean_eval_reward": -95.24617419302326,
  "mean_episode_length": 68.8,
  "min_eval_reward": -123.70338423610124,
  "max_eval_reward": -73.44345436172159,
  "termination_breakdown": {
    "terminated": 20,
    "truncated": 0
  },
  "final_policy_component_evaluation": {
    "approach_reward": {
      "episode_sum_mean": 1.1181379269084735,
      "episode_abs_sum_mean": 1.1585593413878794,
      "signed_contribution_share": 0.2691195274112471,
      "magnitude_share": 0.2788483736476581,
      "active_rate": 1.0
    },
    "soft_landing_proxy": {
      "episode_sum_mean": 1.7804951109846043,
      "episode_abs_sum_mean": 1.7804951109846043,
      "signed_contribution_share": 0.4285392627285734,
      "magnitude_share": 0.4285392627285734,
      "active_rate": 0.0188953488372093
    },
    "stability_penalty": {
      "episode_sum_mean": -1.2157459727925906,
      "episode_abs_sum_mean": 1.2157459727925906,
      "signed_contribution_share": -0.29261236362376847,
      "magnitude_share": 0.29261236362376847,
      "active_rate": 1.0
    }
  },
  "final_policy_component_error_count": 0
}