{
  "eval_episodes": 10,
  "episode_rewards": [
    -41.91392563085011,
    -53.34668481102585,
    -63.603311519324194,
    -1.8678115694461184,
    -41.32262211790929,
    -15.631153385321795,
    -62.959163117493794,
    50.306779412855064,
    171.02565332170272,
    178.8184314484112
  ],
  "episode_lengths": [
    494,
    454,
    364,
    929,
    542,
    850,
    381,
    1419,
    1600,
    1600
  ],
  "mean_eval_reward": 11.950619203159782,
  "mean_episode_length": 863.3,
  "min_eval_reward": -63.603311519324194,
  "max_eval_reward": 178.8184314484112
}