{
  "eval_episodes": 20,
  "eval_seed_offset": 10000,
  "eval_seeds": [
    10000,
    10001,
    10002,
    10003,
    10004,
    10005,
    10006,
    10007,
    10008,
    10009,
    10010,
    10011,
    10012,
    10013,
    10014,
    10015,
    10016,
    10017,
    10018,
    10019
  ],
  "episode_rewards": [
    318.4925426027303,
    318.342331924975,
    318.3761406144481,
    317.578938565787,
    318.68019585072983,
    319.74389449583947,
    319.2469209252068,
    318.40180809408344,
    316.96915043126194,
    318.83745395170797,
    316.70998601647455,
    317.7362388933268,
    317.7797033890697,
    319.2682343438498,
    317.0243863804582,
    318.7568205488794,
    319.42873514201926,
    319.0186095249741,
    317.70649219795524,
    318.2644425924863
  ],
  "episode_lengths": [
    1279,
    1275,
    1278,
    1264,
    1264,
    1272,
    1268,
    1257,
    1288,
    1264,
    1269,
    1276,
    1285,
    1270,
    1276,
    1250,
    1251,
    1255,
    1263,
    1273
  ],
  "episode_terminated": [
    true,
    true,
    true,
    true,
    true,
    true,
    true,
    true,
    true,
    true,
    true,
    true,
    true,
    true,
    true,
    true,
    true,
    true,
    true,
    true
  ],
  "mean_eval_reward": 318.31815132431313,
  "mean_episode_length": 1268.85,
  "min_eval_reward": 316.70998601647455,
  "max_eval_reward": 319.74389449583947,
  "termination_breakdown": {
    "terminated": 20,
    "truncated": 0
  },
  "final_policy_component_evaluation": {
    "energy_penalty": {
      "episode_sum_mean": -42.227721497738926,
      "episode_abs_sum_mean": 42.227721497738926,
      "signed_contribution_share": -0.0685529585047478,
      "magnitude_share": 0.0685529585047478,
      "active_rate": 1.0
    },
    "forward_reward": {
      "episode_sum_mean": 504.5166046651255,
      "episode_abs_sum_mean": 504.6162963104609,
      "signed_contribution_share": 0.8190379361675126,
      "magnitude_share": 0.8191997767069391,
      "active_rate": 1.0
    },
    "stability_penalty": {
      "episode_sum_mean": -69.14283992623838,
      "episode_abs_sum_mean": 69.14283992623838,
      "signed_contribution_share": -0.11224726478831301,
      "magnitude_share": 0.11224726478831301,
      "active_rate": 1.0
    }
  },
  "final_policy_component_error_count": 0
}