{
  "eval_episodes": 10,
  "episode_rewards": [
    -26.72396156295317,
    -25.104193619456396,
    -30.17639300953478,
    -3.4215481768346887,
    0.8880310405802048,
    -39.59604733884584,
    6.033125222743381,
    19.088343404083595,
    5.595429095936807,
    3.386635887178355
  ],
  "episode_lengths": [
    1000,
    1000,
    1000,
    1000,
    1000,
    1000,
    1000,
    1000,
    1000,
    1000
  ],
  "mean_eval_reward": -9.003057905710254,
  "mean_episode_length": 1000,
  "min_eval_reward": -39.59604733884584,
  "max_eval_reward": 19.088343404083595
}