{
  "eval_episodes": 20,
  "eval_seed_offset": 10000,
  "eval_seeds": [
    10000,
    10001,
    10002,
    10003,
    10004,
    10005,
    10006,
    10007,
    10008,
    10009,
    10010,
    10011,
    10012,
    10013,
    10014,
    10015,
    10016,
    10017,
    10018,
    10019
  ],
  "episode_rewards": [
    -127.87332613474504,
    -116.0896863681279,
    -115.81503082142224,
    -121.28325820611127,
    -119.40853672300108,
    -136.2970135521624,
    -144.16438162423293,
    -112.90499199823509,
    -145.3258776886254,
    -125.75464730341602,
    -110.22908736940974,
    -108.47302011468906,
    -132.39080974961118,
    -113.36047524459998,
    -119.78888033057387,
    -110.63283231780022,
    -111.80662566871285,
    -96.93907753953232,
    -111.02888515715506,
    -144.39876344372195
  ],
  "episode_lengths": [
    57,
    76,
    81,
    61,
    83,
    74,
    78,
    81,
    75,
    74,
    51,
    60,
    68,
    69,
    60,
    82,
    62,
    54,
    54,
    68
  ],
  "episode_terminated": [
    true,
    true,
    true,
    true,
    true,
    true,
    true,
    true,
    true,
    true,
    true,
    true,
    true,
    true,
    true,
    true,
    true,
    true,
    true,
    true
  ],
  "mean_eval_reward": -121.19826036779428,
  "mean_episode_length": 68.4,
  "min_eval_reward": -145.3258776886254,
  "max_eval_reward": -96.93907753953232,
  "termination_breakdown": {
    "terminated": 20,
    "truncated": 0
  },
  "final_policy_component_evaluation": {
    "distance_penalty": {
      "episode_sum_mean": -33.30111790681258,
      "episode_abs_sum_mean": 33.30111790681258,
      "signed_contribution_share": -0.5216654405915382,
      "magnitude_share": 0.5216654405915382,
      "active_rate": 1.0
    },
    "engine_penalty": {
      "episode_sum_mean": -0.1825,
      "episode_abs_sum_mean": 0.1825,
      "signed_contribution_share": -0.0028588812896422127,
      "magnitude_share": 0.0028588812896422127,
      "active_rate": 0.0533625730994152
    },
    "orientation_penalty": {
      "episode_sum_mean": -0.6362677708854108,
      "episode_abs_sum_mean": 0.6362677708854108,
      "signed_contribution_share": -0.009967200139104982,
      "magnitude_share": 0.009967200139104982,
      "active_rate": 1.0
    },
    "progress_delta": {
      "episode_sum_mean": 3.344923413544893,
      "episode_abs_sum_mean": 3.464371955394745,
      "signed_contribution_share": 0.05239856965627209,
      "magnitude_share": 0.05426974336240681,
      "active_rate": 1.0
    },
    "settle_delta": {
      "episode_sum_mean": 5.716837105154991,
      "episode_abs_sum_mean": 6.043372735381126,
      "signed_contribution_share": 0.08955484184032853,
      "magnitude_share": 0.09467005610693141,
      "active_rate": 1.0
    },
    "velocity_damping": {
      "episode_sum_mean": -20.208528432943094,
      "episode_abs_sum_mean": 20.208528432943094,
      "signed_contribution_share": -0.3165686785103763,
      "magnitude_share": 0.3165686785103763,
      "active_rate": 1.0
    }
  },
  "final_policy_component_error_count": 0
}