{
  "eval_episodes": 20,
  "eval_seed_offset": 10000,
  "eval_seeds": [
    10000,
    10001,
    10002,
    10003,
    10004,
    10005,
    10006,
    10007,
    10008,
    10009,
    10010,
    10011,
    10012,
    10013,
    10014,
    10015,
    10016,
    10017,
    10018,
    10019
  ],
  "episode_rewards": [
    83.3732365212481,
    89.80007253847192,
    124.13285201356604,
    54.999304994863344,
    80.38617583110506,
    46.731784423210385,
    93.76308438435106,
    86.27344581885744,
    68.33064529488789,
    112.9344299037289,
    118.73710428859692,
    84.8667929395655,
    102.36319544409422,
    250.3200337662179,
    83.0652721195907,
    74.2331766920715,
    44.43700832717896,
    94.66657579536097,
    84.99589692108313,
    59.02864600601924
  ],
  "episode_lengths": [
    1000,
    1000,
    1000,
    1000,
    1000,
    1000,
    1000,
    1000,
    1000,
    1000,
    1000,
    1000,
    1000,
    576,
    1000,
    1000,
    1000,
    1000,
    1000,
    1000
  ],
  "episode_terminated": [
    false,
    false,
    false,
    false,
    false,
    false,
    false,
    false,
    false,
    false,
    false,
    false,
    false,
    true,
    false,
    false,
    false,
    false,
    false,
    false
  ],
  "mean_eval_reward": 91.87193670120345,
  "mean_episode_length": 978.8,
  "min_eval_reward": 44.43700832717896,
  "max_eval_reward": 250.3200337662179,
  "termination_breakdown": {
    "terminated": 1,
    "truncated": 19
  },
  "final_policy_component_evaluation": {
    "contact_bonus": {
      "episode_sum_mean": 639.3537160749876,
      "episode_abs_sum_mean": 639.3537160749876,
      "signed_contribution_share": 0.7031371690903906,
      "magnitude_share": 0.7031371690903906,
      "active_rate": 0.1371577441765427
    },
    "landing_progress": {
      "episode_sum_mean": 4.609947072713951,
      "episode_abs_sum_mean": 269.93360961437094,
      "signed_contribution_share": 0.005069846397802817,
      "magnitude_share": 0.29686283090960935,
      "active_rate": 1.0
    }
  },
  "final_policy_component_error_count": 0
}