{
  "eval_episodes": 20,
  "eval_seed_offset": 10000,
  "eval_seeds": [
    10000,
    10001,
    10002,
    10003,
    10004,
    10005,
    10006,
    10007,
    10008,
    10009,
    10010,
    10011,
    10012,
    10013,
    10014,
    10015,
    10016,
    10017,
    10018,
    10019
  ],
  "episode_rewards": [
    -80.86810810018889,
    -84.41607505929834,
    -67.95090752620101,
    -102.89684904324587,
    -83.55703259586188,
    -94.43125736549509,
    -71.05694388475104,
    -75.23187992089795,
    -112.7653174373485,
    -70.52584163121718,
    -51.83355265325615,
    -58.04211757838969,
    -64.40133804837006,
    -79.23428215311505,
    -83.52158419337468,
    -99.15637406931856,
    -104.20854131118404,
    -82.5653332543895,
    -86.9346852456076,
    -103.22841968586292
  ],
  "episode_lengths": [
    1000,
    1000,
    1000,
    1000,
    1000,
    1000,
    1000,
    1000,
    1000,
    1000,
    1000,
    1000,
    1000,
    1000,
    1000,
    1000,
    1000,
    1000,
    1000,
    1000
  ],
  "episode_terminated": [
    false,
    false,
    false,
    false,
    false,
    false,
    false,
    false,
    false,
    false,
    false,
    false,
    false,
    false,
    false,
    false,
    false,
    false,
    false,
    false
  ],
  "mean_eval_reward": -82.8413220378687,
  "mean_episode_length": 1000,
  "min_eval_reward": -112.7653174373485,
  "max_eval_reward": -51.83355265325615,
  "termination_breakdown": {
    "terminated": 0,
    "truncated": 20
  },
  "final_policy_component_evaluation": {
    "angle_penalty": {
      "episode_sum_mean": -14.313431054353714,
      "episode_abs_sum_mean": 14.313431054353714,
      "signed_contribution_share": -0.7899824665168833,
      "magnitude_share": 0.7899824665168833,
      "active_rate": 0.0361
    },
    "contact_reward": {
      "episode_sum_mean": 0.0,
      "episode_abs_sum_mean": 0.0,
      "signed_contribution_share": 0.0,
      "magnitude_share": 0.0,
      "active_rate": 0.0
    },
    "progress": {
      "episode_sum_mean": 0.002245693321506437,
      "episode_abs_sum_mean": 0.002245693321506437,
      "signed_contribution_share": 0.00012394361229165472,
      "magnitude_share": 0.00012394361229165472,
      "active_rate": 0.71285
    },
    "speed_penalty": {
      "episode_sum_mean": -3.8029925405979155,
      "episode_abs_sum_mean": 3.8029925405979155,
      "signed_contribution_share": -0.20989358987082507,
      "magnitude_share": 0.20989358987082507,
      "active_rate": 0.0153
    }
  },
  "final_policy_component_error_count": 0
}