{
  "eval_episodes": 10,
  "episode_rewards": [
    -117.47477204320714,
    -107.11093605835313,
    -112.5422305685309,
    -130.74661246230815,
    -122.83477788519505,
    -108.46072830712629,
    -119.79091111306334,
    -110.34417374685935,
    -95.05909309317079,
    -98.05724253030002
  ],
  "episode_lengths": [
    81,
    61,
    83,
    74,
    78,
    81,
    76,
    74,
    52,
    60
  ],
  "mean_eval_reward": -112.24214778081142,
  "mean_episode_length": 72,
  "min_eval_reward": -130.74661246230815,
  "max_eval_reward": -95.05909309317079
}