{
  "eval_episodes": 20,
  "eval_seed_offset": 10000,
  "eval_seeds": [
    10000,
    10001,
    10002,
    10003,
    10004,
    10005,
    10006,
    10007,
    10008,
    10009,
    10010,
    10011,
    10012,
    10013,
    10014,
    10015,
    10016,
    10017,
    10018,
    10019
  ],
  "episode_rewards": [
    -96.27849986722308,
    -115.83803539993988,
    -104.30916430662607,
    -107.86413359252865,
    -107.47544857734985,
    -114.75943161168891,
    -120.74744898642675,
    -109.0929228502084,
    -117.50716333930995,
    -111.33971108847987,
    -95.36200118436668,
    -101.25898101149612,
    -124.24414958117669,
    -118.52515068552712,
    -103.1763107146941,
    -104.11360071642702,
    -107.04544714940965,
    -91.3215552534322,
    -84.82835332108749,
    -124.76150174899652
  ],
  "episode_lengths": [
    57,
    76,
    81,
    61,
    83,
    74,
    78,
    81,
    76,
    74,
    52,
    60,
    67,
    69,
    60,
    82,
    62,
    54,
    55,
    68
  ],
  "episode_terminated": [
    true,
    true,
    true,
    true,
    true,
    true,
    true,
    true,
    true,
    true,
    true,
    true,
    true,
    true,
    true,
    true,
    true,
    true,
    true,
    true
  ],
  "mean_eval_reward": -107.99245054931976,
  "mean_episode_length": 68.5,
  "min_eval_reward": -124.76150174899652,
  "max_eval_reward": -84.82835332108749,
  "termination_breakdown": {
    "terminated": 20,
    "truncated": 0
  },
  "final_policy_component_evaluation": {
    "progress_reward": {
      "episode_sum_mean": 2.279766951464774,
      "episode_abs_sum_mean": 2.279766951464774,
      "signed_contribution_share": 0.5635817075198246,
      "magnitude_share": 0.5635817075198246,
      "active_rate": 0.9204379562043795
    },
    "soft_landing_bonus": {
      "episode_sum_mean": 0.8165652584920781,
      "episode_abs_sum_mean": 0.8165652584920781,
      "signed_contribution_share": 0.2018632836074092,
      "magnitude_share": 0.2018632836074092,
      "active_rate": 0.00948905109489051
    },
    "stability_penalty": {
      "episode_sum_mean": -0.9488078665325549,
      "episode_abs_sum_mean": 0.9488078665325549,
      "signed_contribution_share": -0.23455500887276617,
      "magnitude_share": 0.23455500887276617,
      "active_rate": 1.0
    }
  },
  "final_policy_component_error_count": 0
}