{
  "eval_episodes": 10,
  "episode_rewards": [
    -109.4635048033108,
    -116.20009888150037,
    -105.15002333930958,
    -107.11093605835313,
    -105.24069918859752,
    -113.32525435642754,
    -122.042301947265,
    -109.83985461024675,
    -111.25228181607767,
    -108.72671144150172
  ],
  "episode_lengths": [
    57,
    76,
    81,
    61,
    83,
    74,
    78,
    81,
    76,
    74
  ],
  "mean_eval_reward": -110.835166644259,
  "mean_episode_length": 74.1,
  "min_eval_reward": -122.042301947265,
  "max_eval_reward": -105.15002333930958
}