{
  "eval_episodes": 20,
  "eval_seed_offset": 10000,
  "eval_seeds": [
    10000,
    10001,
    10002,
    10003,
    10004,
    10005,
    10006,
    10007,
    10008,
    10009,
    10010,
    10011,
    10012,
    10013,
    10014,
    10015,
    10016,
    10017,
    10018,
    10019
  ],
  "episode_rewards": [
    -79.37918031115375,
    -122.12480567233351,
    -120.12468634310332,
    -108.62554783301216,
    -109.83976064738141,
    -117.26850682397011,
    -96.04626790446648,
    -116.87916445654119,
    -117.6105610343156,
    -86.68977292205916,
    -98.84467114992303,
    -82.33619817802011,
    -119.40833438973499,
    -118.84228589456815,
    -106.37378148278583,
    -103.59599528054854,
    -106.29835126135379,
    -105.22520893294963,
    -95.07148599033152,
    -114.81330768898789
  ],
  "episode_lengths": [
    58,
    76,
    81,
    61,
    83,
    74,
    79,
    81,
    76,
    75,
    52,
    60,
    67,
    68,
    60,
    82,
    62,
    54,
    54,
    68
  ],
  "episode_terminated": [
    true,
    true,
    true,
    true,
    true,
    true,
    true,
    true,
    true,
    true,
    true,
    true,
    true,
    true,
    true,
    true,
    true,
    true,
    true,
    true
  ],
  "mean_eval_reward": -106.26989370987701,
  "mean_episode_length": 68.55,
  "min_eval_reward": -122.12480567233351,
  "max_eval_reward": -79.37918031115375,
  "termination_breakdown": {
    "terminated": 20,
    "truncated": 0
  },
  "final_policy_component_evaluation": {
    "progress_reward": {
      "episode_sum_mean": 2.282647633364337,
      "episode_abs_sum_mean": 2.282647633364337,
      "signed_contribution_share": 0.6545327261079132,
      "magnitude_share": 0.6545327261079132,
      "active_rate": 0.9197665937272064
    },
    "soft_landing_bonus": {
      "episode_sum_mean": 0.25,
      "episode_abs_sum_mean": 0.25,
      "signed_contribution_share": 0.07168569477620315,
      "magnitude_share": 0.07168569477620315,
      "active_rate": 0.0036469730123997084
    },
    "stability_penalty": {
      "episode_sum_mean": -0.9547985130457591,
      "episode_abs_sum_mean": 0.9547985130457591,
      "signed_contribution_share": -0.27378157911588363,
      "magnitude_share": 0.27378157911588363,
      "active_rate": 1.0
    }
  },
  "final_policy_component_error_count": 0
}