{
  "eval_episodes": 10,
  "episode_rewards": [
    -106.41774028092692,
    -105.92669610719676,
    -113.1112915638445,
    -123.56688392568313,
    -109.03305473622441,
    -115.50906376339535,
    -110.73256004592324,
    -97.56995932447067,
    -100.96219899051265,
    -124.59275111662745
  ],
  "episode_lengths": [
    61,
    83,
    74,
    78,
    81,
    76,
    74,
    52,
    60,
    67
  ],
  "mean_eval_reward": -110.7422199854805,
  "mean_episode_length": 70.6,
  "min_eval_reward": -124.59275111662745,
  "max_eval_reward": -97.56995932447067
}