{
  "eval_episodes": 20,
  "eval_seed_offset": 10000,
  "eval_seeds": [
    10000,
    10001,
    10002,
    10003,
    10004,
    10005,
    10006,
    10007,
    10008,
    10009,
    10010,
    10011,
    10012,
    10013,
    10014,
    10015,
    10016,
    10017,
    10018,
    10019
  ],
  "episode_rewards": [
    -56.44728872008648,
    -40.79877255676876,
    -7.11184849719317,
    -67.76860879163357,
    -58.82043395148105,
    -69.76865706700231,
    -74.05737389716255,
    -14.63657006959733,
    -69.16686113530905,
    -33.58007533812558,
    -13.039556880298665,
    -35.92840271419435,
    -33.34582185669715,
    -28.42392058261734,
    -55.90253298958357,
    -88.00667316130392,
    -93.3872142137275,
    -52.02100435779846,
    -60.49810085174127,
    -67.60286017346351
  ],
  "episode_lengths": [
    1000,
    1000,
    1000,
    1000,
    1000,
    1000,
    495,
    1000,
    1000,
    1000,
    1000,
    1000,
    1000,
    1000,
    1000,
    1000,
    1000,
    1000,
    1000,
    1000
  ],
  "episode_terminated": [
    false,
    false,
    false,
    false,
    false,
    false,
    true,
    false,
    false,
    false,
    false,
    false,
    false,
    false,
    false,
    false,
    false,
    false,
    false,
    false
  ],
  "mean_eval_reward": -51.01562889028928,
  "mean_episode_length": 974.75,
  "min_eval_reward": -93.3872142137275,
  "max_eval_reward": -7.11184849719317,
  "termination_breakdown": {
    "terminated": 1,
    "truncated": 19
  },
  "final_policy_component_evaluation": {
    "contact_reward": {
      "episode_sum_mean": 6.831230849027634,
      "episode_abs_sum_mean": 6.831230849027634,
      "signed_contribution_share": 0.024410650776892417,
      "magnitude_share": 0.024410650776892417,
      "active_rate": 0.004873044370351372
    },
    "goal_proximity": {
      "episode_sum_mean": -258.1140020798659,
      "episode_abs_sum_mean": 258.1140020798659,
      "signed_contribution_share": -0.9223419475414952,
      "magnitude_share": 0.9223419475414952,
      "active_rate": 1.0
    },
    "orientation_penalty": {
      "episode_sum_mean": -0.8843654699616738,
      "episode_abs_sum_mean": 0.8843654699616738,
      "signed_contribution_share": -0.0031601825678969136,
      "magnitude_share": 0.0031601825678969136,
      "active_rate": 1.0
    },
    "velocity_penalty": {
      "episode_sum_mean": -14.016724071752819,
      "episode_abs_sum_mean": 14.016724071752819,
      "signed_contribution_share": -0.05008721911371546,
      "magnitude_share": 0.05008721911371546,
      "active_rate": 1.0
    }
  },
  "final_policy_component_error_count": 0
}