{
  "eval_episodes": 10,
  "episode_rewards": [
    -20.980554625239574,
    10.904470639989242,
    -34.50597961331945,
    -36.34521988420358,
    -47.65697842290001,
    -13.409123211062443,
    -13.257420470477628,
    -59.37065631590113,
    -7.157273756159711,
    3.544717236864283
  ],
  "episode_lengths": [
    1000,
    1000,
    1000,
    1000,
    1000,
    1000,
    1000,
    1000,
    1000,
    1000
  ],
  "mean_eval_reward": -21.823401842241,
  "mean_episode_length": 1000,
  "min_eval_reward": -59.37065631590113,
  "max_eval_reward": 10.904470639989242
}