{
  "eval_episodes": 20,
  "eval_seed_offset": 10000,
  "eval_seeds": [
    10000,
    10001,
    10002,
    10003,
    10004,
    10005,
    10006,
    10007,
    10008,
    10009,
    10010,
    10011,
    10012,
    10013,
    10014,
    10015,
    10016,
    10017,
    10018,
    10019
  ],
  "episode_rewards": [
    -106.19269191837563,
    -116.8518977160563,
    -117.70933782283211,
    -108.23055292211677,
    -107.67173000156387,
    -115.90878690500656,
    -123.1509364613294,
    -111.49219948290778,
    -105.13307106169503,
    -108.82534248232179,
    -95.88984866262975,
    -95.31709782019854,
    -121.22356924942491,
    -112.31423881365437,
    -99.34821911447095,
    -103.47862692526485,
    -110.26376473399418,
    -103.81052038160527,
    -78.63610242137895,
    -124.88317035906164
  ],
  "episode_lengths": [
    57,
    76,
    81,
    61,
    83,
    74,
    78,
    81,
    76,
    74,
    52,
    60,
    67,
    69,
    60,
    82,
    62,
    54,
    55,
    68
  ],
  "episode_terminated": [
    true,
    true,
    true,
    true,
    true,
    true,
    true,
    true,
    true,
    true,
    true,
    true,
    true,
    true,
    true,
    true,
    true,
    true,
    true,
    true
  ],
  "mean_eval_reward": -108.31658526279443,
  "mean_episode_length": 68.5,
  "min_eval_reward": -124.88317035906164,
  "max_eval_reward": -78.63610242137895,
  "termination_breakdown": {
    "terminated": 20,
    "truncated": 0
  },
  "final_policy_component_evaluation": {
    "progress_reward": {
      "episode_sum_mean": 2.280888344429644,
      "episode_abs_sum_mean": 2.280888344429644,
      "signed_contribution_share": 0.19025844882846407,
      "magnitude_share": 0.19025844882846407,
      "active_rate": 0.918978102189781
    },
    "soft_landing_bonus": {
      "episode_sum_mean": 0.25,
      "episode_abs_sum_mean": 0.25,
      "signed_contribution_share": 0.02085354696264624,
      "magnitude_share": 0.02085354696264624,
      "active_rate": 0.0036496350364963502
    },
    "stability_penalty": {
      "episode_sum_mean": -9.457479890854772,
      "episode_abs_sum_mean": 9.457479890854772,
      "signed_contribution_share": -0.7888880042088898,
      "magnitude_share": 0.7888880042088898,
      "active_rate": 1.0
    }
  },
  "final_policy_component_error_count": 0
}