{
  "eval_episodes": 20,
  "eval_seed_offset": 10000,
  "eval_seeds": [
    10000,
    10001,
    10002,
    10003,
    10004,
    10005,
    10006,
    10007,
    10008,
    10009,
    10010,
    10011,
    10012,
    10013,
    10014,
    10015,
    10016,
    10017,
    10018,
    10019
  ],
  "episode_rewards": [
    138.87894742093226,
    236.31004550426732,
    249.0911934350883,
    225.14956986866054,
    241.04322025594982,
    194.3371423503239,
    235.19347641242527,
    223.3436107153217,
    -20.968865794353775,
    128.99551385135368,
    12.021822181330009,
    232.34951548962695,
    269.51963484757636,
    -25.144351367925083,
    228.38466196553702,
    236.38635784084437,
    154.57550939786137,
    5.3767180145865865,
    216.05410983380622,
    217.15246848370688
  ],
  "episode_lengths": [
    936,
    225,
    228,
    269,
    258,
    968,
    252,
    240,
    230,
    1000,
    240,
    478,
    285,
    159,
    376,
    279,
    778,
    135,
    504,
    393
  ],
  "episode_terminated": [
    true,
    true,
    true,
    true,
    true,
    true,
    true,
    true,
    true,
    false,
    true,
    true,
    true,
    true,
    true,
    true,
    true,
    true,
    true,
    true
  ],
  "mean_eval_reward": 169.90251503534597,
  "mean_episode_length": 411.65,
  "min_eval_reward": -25.144351367925083,
  "max_eval_reward": 269.51963484757636,
  "termination_breakdown": {
    "terminated": 19,
    "truncated": 1
  },
  "final_policy_component_evaluation": {
    "distance_penalty": {
      "episode_sum_mean": -30.616548571083694,
      "episode_abs_sum_mean": 30.616548571083694,
      "signed_contribution_share": -0.010242116706717274,
      "magnitude_share": 0.010242116706717274,
      "active_rate": 1.0
    },
    "engine_penalty": {
      "episode_sum_mean": -13.132500000000055,
      "episode_abs_sum_mean": 13.132500000000055,
      "signed_contribution_share": -0.004393199231411743,
      "magnitude_share": 0.004393199231411743,
      "active_rate": 0.6380420259929552
    },
    "orientation_penalty": {
      "episode_sum_mean": -1.8334894256221181,
      "episode_abs_sum_mean": 1.8334894256221181,
      "signed_contribution_share": -0.0006133549846140958,
      "magnitude_share": 0.0006133549846140958,
      "active_rate": 1.0
    },
    "progress_delta": {
      "episode_sum_mean": 13.80281168371439,
      "episode_abs_sum_mean": 15.835128231346607,
      "signed_contribution_share": 0.004617437782616777,
      "magnitude_share": 0.005297306162212679,
      "active_rate": 0.9846957366695008
    },
    "settle_reward": {
      "episode_sum_mean": 2796.576483931276,
      "episode_abs_sum_mean": 2796.576483931276,
      "signed_contribution_share": 0.9355353253219862,
      "magnitude_share": 0.9355353253219862,
      "active_rate": 0.7903558848536378
    },
    "speed_penalty": {
      "episode_sum_mean": -131.2852583640954,
      "episode_abs_sum_mean": 131.2852583640954,
      "signed_contribution_share": -0.04391869759305795,
      "magnitude_share": 0.04391869759305795,
      "active_rate": 0.9981780638892263
    }
  },
  "final_policy_component_error_count": 0
}