{
  "eval_episodes": 20,
  "eval_seed_offset": 10000,
  "eval_seeds": [
    10000,
    10001,
    10002,
    10003,
    10004,
    10005,
    10006,
    10007,
    10008,
    10009,
    10010,
    10011,
    10012,
    10013,
    10014,
    10015,
    10016,
    10017,
    10018,
    10019
  ],
  "episode_rewards": [
    18.44148252946792,
    80.69248960958721,
    174.79540870240623,
    45.576779050548026,
    39.12532803528494,
    28.544827596296475,
    65.1624730494736,
    70.94633160233082,
    33.75245446129193,
    91.96116902801377,
    176.793787020906,
    93.03214934872224,
    77.51626656730359,
    174.69810585161883,
    48.56152489676222,
    36.40600363296492,
    17.969578350531606,
    64.53570173853727,
    55.41497946116003,
    27.278984272883083
  ],
  "episode_lengths": [
    1000,
    1000,
    911,
    1000,
    1000,
    1000,
    1000,
    1000,
    1000,
    1000,
    823,
    1000,
    1000,
    818,
    1000,
    1000,
    1000,
    1000,
    1000,
    1000
  ],
  "episode_terminated": [
    false,
    false,
    true,
    false,
    false,
    false,
    false,
    false,
    false,
    false,
    true,
    false,
    false,
    true,
    false,
    false,
    false,
    false,
    false,
    false
  ],
  "mean_eval_reward": 71.06029124030454,
  "mean_episode_length": 977.6,
  "min_eval_reward": 17.969578350531606,
  "max_eval_reward": 176.793787020906,
  "termination_breakdown": {
    "terminated": 3,
    "truncated": 17
  },
  "final_policy_component_evaluation": {
    "alignment": {
      "episode_sum_mean": 479.4013706877828,
      "episode_abs_sum_mean": 479.4013706877828,
      "signed_contribution_share": 0.32340835403125123,
      "magnitude_share": 0.32340835403125123,
      "active_rate": 1.0
    },
    "att_penalty": {
      "episode_sum_mean": -0.01444375564271825,
      "episode_abs_sum_mean": 0.01444375564271825,
      "signed_contribution_share": -9.743883776843256e-06,
      "magnitude_share": 9.743883776843256e-06,
      "active_rate": 0.025930851063829786
    },
    "contact_reward": {
      "episode_sum_mean": 633.9301687378436,
      "episode_abs_sum_mean": 633.9301687378436,
      "signed_contribution_share": 0.4276548315832425,
      "magnitude_share": 0.4276548315832425,
      "active_rate": 0.2601779869067103
    },
    "height_near_reward": {
      "episode_sum_mean": 356.2992934539914,
      "episode_abs_sum_mean": 356.2992934539914,
      "signed_contribution_share": 0.2403626169719454,
      "magnitude_share": 0.2403626169719454,
      "active_rate": 0.8572013093289689
    },
    "horizontal_penalty": {
      "episode_sum_mean": -1.0019600376914224,
      "episode_abs_sum_mean": 1.0019600376914224,
      "signed_contribution_share": -0.0006759309972976916,
      "magnitude_share": 0.0006759309972976916,
      "active_rate": 1.0
    },
    "progress": {
      "episode_sum_mean": 6.293329754841397,
      "episode_abs_sum_mean": 8.721257763644099,
      "signed_contribution_share": 0.004245535248406045,
      "magnitude_share": 0.005883436700182735,
      "active_rate": 1.0
    },
    "vel_penalty": {
      "episode_sum_mean": -0.023367690880127957,
      "episode_abs_sum_mean": 0.023367690880127957,
      "signed_contribution_share": -1.5764048471974583e-05,
      "magnitude_share": 1.5764048471974583e-05,
      "active_rate": 0.014167348608837971
    },
    "y_progress": {
      "episode_sum_mean": 2.8184765432310086,
      "episode_abs_sum_mean": 2.9488526750170423,
      "signed_contribution_share": 0.0019013689060052173,
      "magnitude_share": 0.001989321783831558,
      "active_rate": 0.9313625204582652
    }
  },
  "final_policy_component_error_count": 0
}