{
  "eval_episodes": 20,
  "eval_seed_offset": 10000,
  "eval_seeds": [
    10000,
    10001,
    10002,
    10003,
    10004,
    10005,
    10006,
    10007,
    10008,
    10009,
    10010,
    10011,
    10012,
    10013,
    10014,
    10015,
    10016,
    10017,
    10018,
    10019
  ],
  "episode_rewards": [
    45.72539189972329,
    10.113478337024098,
    235.23810921782754,
    14.853802041461806,
    24.77703144546459,
    6.053263951389696,
    42.30098011099618,
    24.386373229123556,
    -22.70749297400034,
    -27.615658298102126,
    46.75253057161785,
    -163.14825471799418,
    60.42546235276958,
    241.38548805181276,
    10.217031375384401,
    16.653050773151737,
    -144.84104543549037,
    67.2419860117041,
    19.530876251363583,
    -15.074608341798168
  ],
  "episode_lengths": [
    1000,
    1000,
    303,
    1000,
    1000,
    1000,
    1000,
    1000,
    1000,
    1000,
    1000,
    129,
    1000,
    255,
    1000,
    1000,
    1000,
    1000,
    1000,
    1000
  ],
  "episode_terminated": [
    false,
    false,
    true,
    false,
    false,
    false,
    false,
    false,
    false,
    false,
    false,
    true,
    false,
    true,
    false,
    false,
    false,
    false,
    false,
    false
  ],
  "mean_eval_reward": 24.61338979267148,
  "mean_episode_length": 884.35,
  "min_eval_reward": -163.14825471799418,
  "max_eval_reward": 241.38548805181276,
  "termination_breakdown": {
    "terminated": 3,
    "truncated": 17
  },
  "final_policy_component_evaluation": {
    "angle_stability": {
      "episode_sum_mean": -6.138820397491991,
      "episode_abs_sum_mean": 6.138820397491991,
      "signed_contribution_share": -0.0072090895267207435,
      "magnitude_share": 0.0072090895267207435,
      "active_rate": 1.0
    },
    "approach_progress": {
      "episode_sum_mean": 2.190013150864979,
      "episode_abs_sum_mean": 3.312478430912597,
      "signed_contribution_share": 0.0025718297404060866,
      "magnitude_share": 0.003889990587366996,
      "active_rate": 1.0
    },
    "landing_quality": {
      "episode_sum_mean": 64.43401421587915,
      "episode_abs_sum_mean": 64.43401421587915,
      "signed_contribution_share": 0.07566772555164591,
      "magnitude_share": 0.07566772555164591,
      "active_rate": 1.0
    },
    "touchdown_success": {
      "episode_sum_mean": 755.0,
      "episode_abs_sum_mean": 755.0,
      "signed_contribution_share": 0.8866300429473124,
      "magnitude_share": 0.8866300429473124,
      "active_rate": 0.08537343811839204
    },
    "velocity_penalty": {
      "episode_sum_mean": -22.653619124367832,
      "episode_abs_sum_mean": 22.653619124367832,
      "signed_contribution_share": -0.02660315138695405,
      "magnitude_share": 0.02660315138695405,
      "active_rate": 0.20902357663820886
    }
  },
  "final_policy_component_error_count": 0
}