{
  "eval_episodes": 20,
  "eval_seed_offset": 10000,
  "eval_seeds": [
    10000,
    10001,
    10002,
    10003,
    10004,
    10005,
    10006,
    10007,
    10008,
    10009,
    10010,
    10011,
    10012,
    10013,
    10014,
    10015,
    10016,
    10017,
    10018,
    10019
  ],
  "episode_rewards": [
    -96.37872668725964,
    -116.49068527736607,
    -115.90672342316537,
    -106.71359004389976,
    -107.47382403544371,
    -114.4183276029303,
    -124.10785402590261,
    -112.82930161677128,
    -114.87189036295977,
    -112.6580984781962,
    -95.05909309317079,
    -114.31338528497776,
    -124.83957022608257,
    -120.79017194647726,
    -103.79102505005059,
    -102.51467496860803,
    -106.86338457555328,
    -92.49212381094597,
    -98.86978743176181,
    -123.12960484749951
  ],
  "episode_lengths": [
    57,
    76,
    81,
    61,
    83,
    74,
    78,
    81,
    76,
    74,
    52,
    59,
    67,
    69,
    60,
    82,
    62,
    54,
    54,
    68
  ],
  "episode_terminated": [
    true,
    true,
    true,
    true,
    true,
    true,
    true,
    true,
    true,
    true,
    true,
    true,
    true,
    true,
    true,
    true,
    true,
    true,
    true,
    true
  ],
  "mean_eval_reward": -110.22559213945111,
  "mean_episode_length": 68.4,
  "min_eval_reward": -124.83957022608257,
  "max_eval_reward": -92.49212381094597,
  "termination_breakdown": {
    "terminated": 20,
    "truncated": 0
  },
  "final_policy_component_evaluation": {
    "proximity_reward": {
      "episode_sum_mean": -66.46430945804416,
      "episode_abs_sum_mean": 66.46430945804416,
      "signed_contribution_share": -0.8925844161037023,
      "magnitude_share": 0.8925844161037023,
      "active_rate": 1.0
    },
    "rotation_penalty": {
      "episode_sum_mean": -0.32269859528149486,
      "episode_abs_sum_mean": 0.32269859528149486,
      "signed_contribution_share": -0.004333690360969472,
      "magnitude_share": 0.004333690360969472,
      "active_rate": 1.0
    },
    "tilt_penalty": {
      "episode_sum_mean": -0.3790222301456197,
      "episode_abs_sum_mean": 0.3790222301456197,
      "signed_contribution_share": -0.005090090286703574,
      "magnitude_share": 0.005090090286703574,
      "active_rate": 1.0
    },
    "velocity_penalty": {
      "episode_sum_mean": -7.29674125826512,
      "episode_abs_sum_mean": 7.29674125826512,
      "signed_contribution_share": -0.09799180324862466,
      "magnitude_share": 0.09799180324862466,
      "active_rate": 1.0
    }
  },
  "final_policy_component_error_count": 0
}