{
  "eval_episodes": 20,
  "eval_seed_offset": 10000,
  "eval_seeds": [
    10000,
    10001,
    10002,
    10003,
    10004,
    10005,
    10006,
    10007,
    10008,
    10009,
    10010,
    10011,
    10012,
    10013,
    10014,
    10015,
    10016,
    10017,
    10018,
    10019
  ],
  "episode_rewards": [
    221.01174817156237,
    6.6945862009980885,
    10.785610808384803,
    248.78512929802616,
    10.927032672159172,
    5.48448972295958,
    -101.59691561858058,
    -32.42145467036559,
    243.13006141379026,
    -116.83413009598026,
    -68.55125412523981,
    -76.11957751392065,
    -118.25509518840582,
    -15.68410735470674,
    -121.46108946108896,
    257.6468244398802,
    235.76314463802458,
    -15.922271259643907,
    244.10557706166225,
    -124.05272551786035
  ],
  "episode_lengths": [
    314,
    170,
    152,
    271,
    198,
    192,
    402,
    159,
    248,
    587,
    319,
    349,
    521,
    142,
    542,
    277,
    272,
    155,
    298,
    857
  ],
  "episode_terminated": [
    true,
    true,
    true,
    true,
    true,
    true,
    true,
    true,
    true,
    true,
    true,
    true,
    true,
    true,
    true,
    true,
    true,
    true,
    true,
    true
  ],
  "mean_eval_reward": 34.67177918108274,
  "mean_episode_length": 321.25,
  "min_eval_reward": -124.05272551786035,
  "max_eval_reward": 257.6468244398802,
  "termination_breakdown": {
    "terminated": 20,
    "truncated": 0
  },
  "final_policy_component_evaluation": {
    "contact_bonus": {
      "episode_sum_mean": 398.0,
      "episode_abs_sum_mean": 398.0,
      "signed_contribution_share": 0.9519780165725616,
      "magnitude_share": 0.9519780165725616,
      "active_rate": 0.06194552529182879
    },
    "orientation_penalty": {
      "episode_sum_mean": -2.141405123335832,
      "episode_abs_sum_mean": 2.141405123335832,
      "signed_contribution_share": -0.005122036688421023,
      "magnitude_share": 0.005122036688421023,
      "active_rate": 1.0
    },
    "proximity_reward": {
      "episode_sum_mean": -16.97339561344644,
      "episode_abs_sum_mean": 16.97339561344644,
      "signed_contribution_share": -0.04059874243866874,
      "magnitude_share": 0.04059874243866874,
      "active_rate": 1.0
    },
    "velocity_penalty": {
      "episode_sum_mean": -0.9620803165562539,
      "episode_abs_sum_mean": 0.9620803165562539,
      "signed_contribution_share": -0.002301204300348555,
      "magnitude_share": 0.002301204300348555,
      "active_rate": 0.9870817120622568
    }
  },
  "final_policy_component_error_count": 0
}