{
  "eval_episodes": 20,
  "eval_seed_offset": 10000,
  "eval_seeds": [
    10000,
    10001,
    10002,
    10003,
    10004,
    10005,
    10006,
    10007,
    10008,
    10009,
    10010,
    10011,
    10012,
    10013,
    10014,
    10015,
    10016,
    10017,
    10018,
    10019
  ],
  "episode_rewards": [
    -81.2082379126968,
    -11.812694046512092,
    -21.341037595173205,
    19.67296336540315,
    -1.2383997369312993,
    -27.840956778917146,
    -123.74761424738267,
    6.350650068235268,
    2.511843223531784,
    -110.47514539490476,
    -98.16307740107393,
    -100.8419394945231,
    -122.98128629206956,
    -21.29061007227824,
    -99.22205291694743,
    29.859505206725572,
    -39.1474353260912,
    -35.555064871656754,
    -25.68285754645396,
    -95.98316288114287
  ],
  "episode_lengths": [
    58,
    108,
    114,
    107,
    109,
    101,
    78,
    118,
    104,
    74,
    52,
    60,
    67,
    107,
    60,
    114,
    67,
    81,
    58,
    69
  ],
  "episode_terminated": [
    true,
    true,
    true,
    true,
    true,
    true,
    true,
    true,
    true,
    true,
    true,
    true,
    true,
    true,
    true,
    true,
    true,
    true,
    true,
    true
  ],
  "mean_eval_reward": -47.90683053254296,
  "mean_episode_length": 85.3,
  "min_eval_reward": -123.74761424738267,
  "max_eval_reward": 29.859505206725572,
  "termination_breakdown": {
    "terminated": 20,
    "truncated": 0
  },
  "final_policy_component_evaluation": {
    "landing_contact_reward": {
      "episode_sum_mean": 1.5,
      "episode_abs_sum_mean": 1.5,
      "signed_contribution_share": 0.03263615438865769,
      "magnitude_share": 0.03263615438865769,
      "active_rate": 0.0035169988276670576
    },
    "landing_shaping_reward": {
      "episode_sum_mean": 36.21221565644344,
      "episode_abs_sum_mean": 43.050295161415235,
      "signed_contribution_share": 0.7878849739460367,
      "magnitude_share": 0.9366640529101538,
      "active_rate": 1.0
    },
    "progress_reward": {
      "episode_sum_mean": 1.2452540821971525,
      "episode_abs_sum_mean": 1.3046724510879129,
      "signed_contribution_share": 0.027093536319794997,
      "magnitude_share": 0.028386327693555712,
      "active_rate": 1.0
    },
    "stability_penalty": {
      "episode_sum_mean": -0.10632985339275522,
      "episode_abs_sum_mean": 0.10632985339275522,
      "signed_contribution_share": -0.0023134650076328646,
      "magnitude_share": 0.0023134650076328646,
      "active_rate": 1.0
    }
  },
  "final_policy_component_error_count": 0
}