{
  "eval_episodes": 10,
  "episode_rewards": [
    132.05984584774473,
    76.1926214116921,
    73.07824583563237,
    75.08519790864051,
    205.81986220125086,
    93.08172493308525,
    176.35525312298756,
    120.21781749216133,
    135.5119567761027,
    223.4571706603446
  ],
  "episode_lengths": [
    1000,
    1000,
    1000,
    1000,
    544,
    1000,
    659,
    1000,
    1000,
    553
  ],
  "mean_eval_reward": 131.0859696189642,
  "mean_episode_length": 875.6,
  "min_eval_reward": 73.07824583563237,
  "max_eval_reward": 223.4571706603446
}