{
  "eval_episodes": 20,
  "eval_seed_offset": 10000,
  "eval_seeds": [
    10000,
    10001,
    10002,
    10003,
    10004,
    10005,
    10006,
    10007,
    10008,
    10009,
    10010,
    10011,
    10012,
    10013,
    10014,
    10015,
    10016,
    10017,
    10018,
    10019
  ],
  "episode_rewards": [
    120.34331154204914,
    134.4928774089065,
    157.79948875864025,
    101.39401137112077,
    108.69719011423273,
    108.52552834161818,
    131.68822610267486,
    135.41862914482144,
    97.35319502297625,
    155.03623558193166,
    39.25001990812598,
    149.1570771143451,
    141.0177003783886,
    150.93168498165838,
    117.7187969218426,
    106.38099863587813,
    97.0217031429589,
    133.75448709343863,
    116.59462655094845,
    100.16334085364784
  ],
  "episode_lengths": [
    1000,
    1000,
    1000,
    1000,
    1000,
    1000,
    1000,
    1000,
    1000,
    1000,
    336,
    1000,
    1000,
    1000,
    1000,
    1000,
    1000,
    1000,
    1000,
    1000
  ],
  "episode_terminated": [
    false,
    false,
    false,
    false,
    false,
    false,
    false,
    false,
    false,
    false,
    true,
    false,
    false,
    false,
    false,
    false,
    false,
    false,
    false,
    false
  ],
  "mean_eval_reward": 120.13695644851022,
  "mean_episode_length": 966.8,
  "min_eval_reward": 39.25001990812598,
  "max_eval_reward": 157.79948875864025,
  "termination_breakdown": {
    "terminated": 1,
    "truncated": 19
  }
}