{
  "eval_episodes": 20,
  "eval_seed_offset": 10000,
  "eval_seeds": [
    10000,
    10001,
    10002,
    10003,
    10004,
    10005,
    10006,
    10007,
    10008,
    10009,
    10010,
    10011,
    10012,
    10013,
    10014,
    10015,
    10016,
    10017,
    10018,
    10019
  ],
  "episode_rewards": [
    207.42397613976158,
    150.29893357446153,
    197.55310537095062,
    149.2343480132699,
    139.51953145354446,
    -93.75738769790411,
    207.96441257058552,
    139.8819783230102,
    155.12624237764973,
    213.54891701049598,
    31.455016314216465,
    207.1553254270866,
    201.3070589461916,
    191.36817502360464,
    171.34002076529862,
    111.06172373379269,
    131.0142180737384,
    175.97924310474258,
    170.8849095019669,
    130.53007179496709
  ],
  "episode_lengths": [
    381,
    743,
    711,
    561,
    842,
    421,
    454,
    781,
    548,
    461,
    236,
    479,
    506,
    575,
    568,
    713,
    577,
    585,
    526,
    631
  ],
  "episode_terminated": [
    true,
    true,
    true,
    true,
    true,
    true,
    true,
    true,
    true,
    true,
    true,
    true,
    true,
    true,
    true,
    true,
    true,
    true,
    true,
    true
  ],
  "mean_eval_reward": 149.44449099107155,
  "mean_episode_length": 564.95,
  "min_eval_reward": -93.75738769790411,
  "max_eval_reward": 213.54891701049598,
  "termination_breakdown": {
    "terminated": 20,
    "truncated": 0
  },
  "final_policy_component_evaluation": {
    "approach_reward": {
      "episode_sum_mean": 1.0739171664800646,
      "episode_abs_sum_mean": 1.3480350002595245,
      "signed_contribution_share": 0.014557788687253466,
      "magnitude_share": 0.01827367071626387,
      "active_rate": 0.9884060536330649
    },
    "soft_landing_proxy": {
      "episode_sum_mean": 71.85304438227884,
      "episode_abs_sum_mean": 71.85304438227884,
      "signed_contribution_share": 0.9740243189161066,
      "magnitude_share": 0.9740243189161066,
      "active_rate": 0.10877068767147535
    },
    "stability_penalty": {
      "episode_sum_mean": -0.5681715353820825,
      "episode_abs_sum_mean": 0.5681715353820825,
      "signed_contribution_share": -0.007702010367629463,
      "magnitude_share": 0.007702010367629463,
      "active_rate": 1.0
    }
  },
  "final_policy_component_error_count": 0
}