{
  "eval_episodes": 10,
  "episode_rewards": [
    -108.99233495858039,
    -108.25891440530799,
    -108.69136646524598,
    -114.93335220575756,
    -92.35404364507238,
    -111.14732706531058,
    -118.03539949362366,
    -76.65736301422439,
    -78.89723641844245,
    -62.40808028666804
  ],
  "episode_lengths": [
    81,
    61,
    83,
    74,
    79,
    81,
    76,
    75,
    52,
    61
  ],
  "mean_eval_reward": -98.03754179582334,
  "mean_episode_length": 72.3,
  "min_eval_reward": -118.03539949362366,
  "max_eval_reward": -62.40808028666804
}