{
  "eval_episodes": 20,
  "eval_seed_offset": 10000,
  "eval_seeds": [
    10000,
    10001,
    10002,
    10003,
    10004,
    10005,
    10006,
    10007,
    10008,
    10009,
    10010,
    10011,
    10012,
    10013,
    10014,
    10015,
    10016,
    10017,
    10018,
    10019
  ],
  "episode_rewards": [
    -73.70449230455336,
    -89.71882571295066,
    -33.12170267896143,
    -81.81432307677858,
    -59.2706663262789,
    -80.56215904000021,
    -91.88932803875538,
    -43.11582003346168,
    -90.36719272793437,
    -42.44703420519341,
    -15.928719526646116,
    -37.679118593169,
    -38.12569833321419,
    -28.9107697622826,
    -74.14824099987166,
    -88.80215014398244,
    -75.74531364755471,
    -62.83748404655019,
    -69.03766638462636,
    -76.21428436128326
  ],
  "episode_lengths": [
    1000,
    1000,
    1000,
    1000,
    1000,
    1000,
    598,
    1000,
    1000,
    1000,
    1000,
    1000,
    1000,
    1000,
    1000,
    1000,
    1000,
    1000,
    1000,
    1000
  ],
  "episode_terminated": [
    false,
    false,
    false,
    false,
    false,
    false,
    true,
    false,
    false,
    false,
    false,
    false,
    false,
    false,
    false,
    false,
    false,
    false,
    false,
    false
  ],
  "mean_eval_reward": -62.67204949720242,
  "mean_episode_length": 979.9,
  "min_eval_reward": -91.88932803875538,
  "max_eval_reward": -15.928719526646116,
  "termination_breakdown": {
    "terminated": 1,
    "truncated": 19
  },
  "final_policy_component_evaluation": {
    "angle_penalty": {
      "episode_sum_mean": -0.10306661593287449,
      "episode_abs_sum_mean": 0.10306661593287449,
      "signed_contribution_share": -0.001290466755867915,
      "magnitude_share": 0.001290466755867915,
      "active_rate": 0.999846923155424
    },
    "angvel_penalty": {
      "episode_sum_mean": -0.008896772121852106,
      "episode_abs_sum_mean": 0.008896772121852106,
      "signed_contribution_share": -0.00011139386457841949,
      "magnitude_share": 0.00011139386457841949,
      "active_rate": 0.999693846310848
    },
    "contact_reward": {
      "episode_sum_mean": 20.25,
      "episode_abs_sum_mean": 20.25,
      "signed_contribution_share": 0.25354428851476574,
      "magnitude_share": 0.25354428851476574,
      "active_rate": 0.003010511276660884
    },
    "distance_progress": {
      "episode_sum_mean": 4.138454459607601,
      "episode_abs_sum_mean": 7.234322488307953,
      "signed_contribution_share": 0.05181636995120832,
      "magnitude_share": 0.09057882213256344,
      "active_rate": 1.0
    },
    "landing_bonus": {
      "episode_sum_mean": 0.0,
      "episode_abs_sum_mean": 0.0,
      "signed_contribution_share": 0.0,
      "magnitude_share": 0.0,
      "active_rate": 0.0
    },
    "speed_penalty": {
      "episode_sum_mean": -3.2764173900860234,
      "episode_abs_sum_mean": 3.2764173900860234,
      "signed_contribution_share": -0.041023057582556366,
      "magnitude_share": 0.041023057582556366,
      "active_rate": 1.0
    },
    "step_penalty": {
      "episode_sum_mean": -48.994999999999344,
      "episode_abs_sum_mean": 48.994999999999344,
      "signed_contribution_share": -0.6134519711496681,
      "magnitude_share": 0.6134519711496681,
      "active_rate": 1.0
    }
  },
  "final_policy_component_error_count": 0
}