{
  "eval_episodes": 10,
  "episode_rewards": [
    -123.16186580087071,
    -109.80790557014414,
    -116.56888471068004,
    -110.26354863467844,
    -97.2530956542553,
    -102.46238377524686,
    -123.94322490573319,
    -118.15616082562646,
    -104.79559835996932,
    -103.2012915459437
  ],
  "episode_lengths": [
    78,
    81,
    76,
    74,
    52,
    60,
    67,
    69,
    60,
    82
  ],
  "mean_eval_reward": -110.96139597831481,
  "mean_episode_length": 69.9,
  "min_eval_reward": -123.94322490573319,
  "max_eval_reward": -97.2530956542553
}