{
  "eval_episodes": 20,
  "eval_seed_offset": 10000,
  "eval_seeds": [
    10000,
    10001,
    10002,
    10003,
    10004,
    10005,
    10006,
    10007,
    10008,
    10009,
    10010,
    10011,
    10012,
    10013,
    10014,
    10015,
    10016,
    10017,
    10018,
    10019
  ],
  "episode_rewards": [
    1221.340193794453,
    1216.230466220054,
    1228.201301353409,
    1247.9141094813824,
    1231.062514581556,
    3060.863104355249,
    1212.2437584814913,
    1222.221309504656,
    1247.141124476147,
    1233.0199885797335,
    1234.9265416564056,
    1224.4433702485665,
    1535.4788302764903,
    1245.1976433783882,
    1223.7885686810496,
    1247.6739381228092,
    1199.6944995001718,
    1249.5567656664468,
    1240.8167526340474,
    1238.977678450576
  ],
  "episode_lengths": [
    401,
    402,
    404,
    415,
    404,
    1000,
    405,
    405,
    424,
    413,
    409,
    408,
    496,
    415,
    408,
    422,
    393,
    422,
    424,
    418
  ],
  "episode_terminated": [
    true,
    true,
    true,
    true,
    true,
    false,
    true,
    true,
    true,
    true,
    true,
    true,
    true,
    true,
    true,
    true,
    true,
    true,
    true,
    true
  ],
  "mean_eval_reward": 1338.0396229721541,
  "mean_episode_length": 444.4,
  "min_eval_reward": 1199.6944995001718,
  "max_eval_reward": 3060.863104355249,
  "termination_breakdown": {
    "terminated": 19,
    "truncated": 1
  },
  "final_policy_component_evaluation": {
    "forward_stability_reward": {
      "episode_sum_mean": 857.9939660977426,
      "episode_abs_sum_mean": 857.9939660977426,
      "signed_contribution_share": 0.9019507567166779,
      "magnitude_share": 0.9019507567166779,
      "active_rate": 1.0
    },
    "stability_penalty": {
      "episode_sum_mean": -0.5487864363364758,
      "episode_abs_sum_mean": 0.5487864363364758,
      "signed_contribution_share": -0.0005769018910246573,
      "magnitude_share": 0.0005769018910246573,
      "active_rate": 1.0
    },
    "vertical_activity": {
      "episode_sum_mean": 92.72200300651281,
      "episode_abs_sum_mean": 92.72200300651281,
      "signed_contribution_share": 0.0974723413922973,
      "magnitude_share": 0.0974723413922973,
      "active_rate": 1.0
    }
  },
  "final_policy_component_error_count": 0
}