{
  "eval_episodes": 20,
  "eval_seed_offset": 10000,
  "eval_seeds": [
    10000,
    10001,
    10002,
    10003,
    10004,
    10005,
    10006,
    10007,
    10008,
    10009,
    10010,
    10011,
    10012,
    10013,
    10014,
    10015,
    10016,
    10017,
    10018,
    10019
  ],
  "episode_rewards": [
    277.2717117145061,
    279.28305744678295,
    278.7876923914108,
    277.8860971256653,
    -49.40881390433262,
    279.6359987380026,
    279.3556564846805,
    277.73264156606734,
    280.27577777223985,
    279.2014431118878,
    279.07147160744427,
    278.6408104170508,
    37.33272978329529,
    278.04960761861275,
    281.502100127076,
    280.4957070042395,
    277.42113911968397,
    279.76757501691037,
    276.7988720729362,
    278.97089465102096
  ],
  "episode_lengths": [
    1176,
    1150,
    1133,
    1152,
    318,
    1141,
    1140,
    1166,
    1134,
    1117,
    1134,
    1163,
    611,
    1163,
    1120,
    1112,
    1168,
    1134,
    1172,
    1144
  ],
  "episode_terminated": [
    true,
    true,
    true,
    true,
    true,
    true,
    true,
    true,
    true,
    true,
    true,
    true,
    true,
    true,
    true,
    true,
    true,
    true,
    true,
    true
  ],
  "mean_eval_reward": 250.40360849325904,
  "mean_episode_length": 1077.4,
  "min_eval_reward": -49.40881390433262,
  "max_eval_reward": 281.502100127076,
  "termination_breakdown": {
    "terminated": 20,
    "truncated": 0
  }
}