{
  "eval_episodes": 20,
  "eval_seed_offset": 10000,
  "eval_seeds": [
    10000,
    10001,
    10002,
    10003,
    10004,
    10005,
    10006,
    10007,
    10008,
    10009,
    10010,
    10011,
    10012,
    10013,
    10014,
    10015,
    10016,
    10017,
    10018,
    10019
  ],
  "episode_rewards": [
    -97.88269171543818,
    -65.51072982609546,
    -68.30399384952119,
    -102.44392377346573,
    -89.88475114468783,
    -99.18624072307102,
    -136.90507607210543,
    -72.15395639360105,
    -113.66852010683598,
    -130.33077262431914,
    -114.42971279475432,
    -101.82421057803427,
    -136.09382132555106,
    65.98500443433235,
    -105.08382912047412,
    -112.92608436961751,
    -111.52402190691433,
    -65.14182019024668,
    -104.12547544289679,
    -124.99451201797507
  ],
  "episode_lengths": [
    57,
    95,
    102,
    61,
    85,
    76,
    78,
    92,
    77,
    74,
    51,
    60,
    68,
    102,
    60,
    83,
    62,
    69,
    54,
    68
  ],
  "episode_terminated": [
    true,
    true,
    true,
    true,
    true,
    true,
    true,
    true,
    true,
    true,
    true,
    true,
    true,
    true,
    true,
    true,
    true,
    true,
    true,
    true
  ],
  "mean_eval_reward": -94.32145697706363,
  "mean_episode_length": 73.7,
  "min_eval_reward": -136.90507607210543,
  "max_eval_reward": 65.98500443433235,
  "termination_breakdown": {
    "terminated": 20,
    "truncated": 0
  },
  "final_policy_component_evaluation": {
    "progress_reward": {
      "episode_sum_mean": 1.1919869135070476,
      "episode_abs_sum_mean": 1.23022602987192,
      "signed_contribution_share": 0.7601894306187729,
      "magnitude_share": 0.7845764199115085,
      "active_rate": 1.0
    },
    "soft_landing_proxy": {
      "episode_sum_mean": 0.225,
      "episode_abs_sum_mean": 0.225,
      "signed_contribution_share": 0.1434937078176342,
      "magnitude_share": 0.1434937078176342,
      "active_rate": 0.006105834464043419
    },
    "stability_penalty": {
      "episode_sum_mean": -0.11278697517184075,
      "episode_abs_sum_mean": 0.11278697517184075,
      "signed_contribution_share": -0.07192987227085725,
      "magnitude_share": 0.07192987227085725,
      "active_rate": 1.0
    }
  },
  "final_policy_component_error_count": 0
}