{
  "eval_episodes": 20,
  "eval_seed_offset": 10000,
  "eval_seeds": [
    10000,
    10001,
    10002,
    10003,
    10004,
    10005,
    10006,
    10007,
    10008,
    10009,
    10010,
    10011,
    10012,
    10013,
    10014,
    10015,
    10016,
    10017,
    10018,
    10019
  ],
  "episode_rewards": [
    -24.428361933858998,
    -5.8994759371327445,
    18.74783136203029,
    -34.175013815552276,
    -34.65835963972146,
    -36.375765767747026,
    -6.5093158775158395,
    -14.711139056801528,
    -38.32262158090074,
    3.1638970145272314,
    0.018327143730579698,
    -2.4476953001989377,
    -8.197050468019022,
    -6.639229772587172,
    -26.631886438550296,
    -32.23525934202045,
    -43.590653666754704,
    -16.885249393101656,
    -36.073454685172806,
    -39.755267303844654
  ],
  "episode_lengths": [
    1000,
    1000,
    1000,
    1000,
    1000,
    1000,
    1000,
    1000,
    1000,
    1000,
    1000,
    1000,
    1000,
    1000,
    1000,
    1000,
    1000,
    1000,
    1000,
    1000
  ],
  "episode_terminated": [
    false,
    false,
    false,
    false,
    false,
    false,
    false,
    false,
    false,
    false,
    false,
    false,
    false,
    false,
    false,
    false,
    false,
    false,
    false,
    false
  ],
  "mean_eval_reward": -19.28028722295961,
  "mean_episode_length": 1000,
  "min_eval_reward": -43.590653666754704,
  "max_eval_reward": 18.74783136203029,
  "termination_breakdown": {
    "terminated": 0,
    "truncated": 20
  },
  "final_policy_component_evaluation": {
    "landing_proxy": {
      "episode_sum_mean": 0.0,
      "episode_abs_sum_mean": 0.0,
      "signed_contribution_share": 0.0,
      "magnitude_share": 0.0,
      "active_rate": 0.0
    },
    "progress_reward": {
      "episode_sum_mean": 5.891207940876484,
      "episode_abs_sum_mean": 6.938346847891808,
      "signed_contribution_share": 0.03521899837996328,
      "magnitude_share": 0.04147903602247813,
      "active_rate": 1.0
    },
    "proximity_bonus": {
      "episode_sum_mean": 147.60897107757629,
      "episode_abs_sum_mean": 147.60897107757629,
      "signed_contribution_share": 0.8824404375846493,
      "magnitude_share": 0.8824404375846493,
      "active_rate": 1.0
    },
    "stability_penalty": {
      "episode_sum_mean": -9.726262013366796,
      "episode_abs_sum_mean": 9.726262013366796,
      "signed_contribution_share": -0.05814583520555543,
      "magnitude_share": 0.05814583520555543,
      "active_rate": 1.0
    },
    "time_penalty": {
      "episode_sum_mean": -3.0000000000000027,
      "episode_abs_sum_mean": 3.0000000000000027,
      "signed_contribution_share": -0.017934691187317088,
      "magnitude_share": 0.017934691187317088,
      "active_rate": 1.0
    }
  },
  "final_policy_component_error_count": 0
}