{
  "eval_episodes": 20,
  "eval_seed_offset": 10000,
  "eval_seeds": [
    10000,
    10001,
    10002,
    10003,
    10004,
    10005,
    10006,
    10007,
    10008,
    10009,
    10010,
    10011,
    10012,
    10013,
    10014,
    10015,
    10016,
    10017,
    10018,
    10019
  ],
  "episode_rewards": [
    -106.60351596881671,
    -117.81347985877971,
    -102.43357084729396,
    -107.0902664503009,
    -107.70464122762107,
    -114.0395742972868,
    -120.77859497428955,
    -106.26683408968019,
    -116.72530048812396,
    -108.49547525226998,
    -95.05909309317079,
    -95.99581737008587,
    -122.89401957634436,
    -118.75509906872216,
    -103.61936411714296,
    -101.81480911912575,
    -107.14546160787225,
    -86.73253641718642,
    -84.82674395700077,
    -123.14867715519452
  ],
  "episode_lengths": [
    57,
    76,
    81,
    61,
    83,
    74,
    78,
    81,
    76,
    74,
    52,
    60,
    67,
    69,
    60,
    82,
    62,
    54,
    55,
    68
  ],
  "episode_terminated": [
    true,
    true,
    true,
    true,
    true,
    true,
    true,
    true,
    true,
    true,
    true,
    true,
    true,
    true,
    true,
    true,
    true,
    true,
    true,
    true
  ],
  "mean_eval_reward": -107.39714374681543,
  "mean_episode_length": 68.5,
  "min_eval_reward": -123.14867715519452,
  "max_eval_reward": -84.82674395700077,
  "termination_breakdown": {
    "terminated": 20,
    "truncated": 0
  },
  "final_policy_component_evaluation": {
    "landing_proxy": {
      "episode_sum_mean": 2.2956487618386747,
      "episode_abs_sum_mean": 2.2956487618386747,
      "signed_contribution_share": 0.08585108801858918,
      "magnitude_share": 0.08585108801858918,
      "active_rate": 0.00948905109489051
    },
    "progress_reward": {
      "episode_sum_mean": 22.395811000466345,
      "episode_abs_sum_mean": 23.190353655815123,
      "signed_contribution_share": 0.8375430829883378,
      "magnitude_share": 0.8672568408474615,
      "active_rate": 1.0
    },
    "stability_penalty": {
      "episode_sum_mean": -1.2538888850819603,
      "episode_abs_sum_mean": 1.2538888850819603,
      "signed_contribution_share": -0.04689207113394941,
      "magnitude_share": 0.04689207113394941,
      "active_rate": 1.0
    }
  },
  "final_policy_component_error_count": 0
}