{
  "eval_episodes": 20,
  "eval_seed_offset": 10000,
  "eval_seeds": [
    10000,
    10001,
    10002,
    10003,
    10004,
    10005,
    10006,
    10007,
    10008,
    10009,
    10010,
    10011,
    10012,
    10013,
    10014,
    10015,
    10016,
    10017,
    10018,
    10019
  ],
  "episode_rewards": [
    -47.95056147388304,
    -38.15023753335105,
    -9.149776553080013,
    -52.82502226795394,
    -49.23365614426674,
    -60.96561256296943,
    -157.12115563618642,
    79.76128944112261,
    -59.89581707894708,
    -16.801710328443306,
    6.960364708639342,
    -13.277301590919201,
    -17.182171362919696,
    -11.245819311395705,
    -43.50193962980469,
    -63.02783164101236,
    -72.65030688542393,
    -36.154366116188186,
    -42.737545266378454,
    -54.585117246178726
  ],
  "episode_lengths": [
    1000,
    1000,
    1000,
    1000,
    1000,
    1000,
    915,
    946,
    1000,
    1000,
    1000,
    1000,
    1000,
    1000,
    1000,
    1000,
    1000,
    1000,
    1000,
    1000
  ],
  "episode_terminated": [
    false,
    false,
    false,
    false,
    false,
    false,
    true,
    true,
    false,
    false,
    false,
    false,
    false,
    false,
    false,
    false,
    false,
    false,
    false,
    false
  ],
  "mean_eval_reward": -37.986714723977,
  "mean_episode_length": 993.05,
  "min_eval_reward": -157.12115563618642,
  "max_eval_reward": 79.76128944112261,
  "termination_breakdown": {
    "terminated": 2,
    "truncated": 18
  },
  "final_policy_component_evaluation": {
    "angle_stability": {
      "episode_sum_mean": -2.537614912178871,
      "episode_abs_sum_mean": 2.537614912178871,
      "signed_contribution_share": -0.020959276630425027,
      "magnitude_share": 0.020959276630425027,
      "active_rate": 1.0
    },
    "approach_progress": {
      "episode_sum_mean": 2.0372658163309096,
      "episode_abs_sum_mean": 2.704226031899452,
      "signed_contribution_share": 0.01682667358599538,
      "magnitude_share": 0.02233539107992995,
      "active_rate": 0.9998993001359449
    },
    "landing_quality": {
      "episode_sum_mean": 19.803667271137236,
      "episode_abs_sum_mean": 19.803667271137236,
      "signed_contribution_share": 0.16356719005732345,
      "magnitude_share": 0.16356719005732345,
      "active_rate": 0.0071496903479180305
    },
    "velocity_penalty": {
      "episode_sum_mean": -96.02808401435614,
      "episode_abs_sum_mean": 96.02808401435614,
      "signed_contribution_share": -0.7931381422323215,
      "magnitude_share": 0.7931381422323215,
      "active_rate": 0.1387644126680429
    }
  },
  "final_policy_component_error_count": 0
}