{
  "eval_episodes": 10,
  "episode_rewards": [
    -40.84441386987112,
    -51.59134551998582,
    -28.286358657111226,
    -71.46679922408119,
    -53.013953903577686,
    -53.97224222958826,
    -31.128704201965682,
    -51.11669474174659,
    -66.99723581019883,
    -37.124169544263346
  ],
  "episode_lengths": [
    1000,
    1000,
    1000,
    1000,
    1000,
    1000,
    1000,
    1000,
    1000,
    1000
  ],
  "mean_eval_reward": -48.55419177023897,
  "mean_episode_length": 1000,
  "min_eval_reward": -71.46679922408119,
  "max_eval_reward": -28.286358657111226
}