{
  "eval_episodes": 10,
  "episode_rewards": [
    168.16210360476862,
    218.1808258443058,
    114.81914733530985,
    213.58488886423453,
    244.20494146074176,
    143.8277299835677,
    98.7741453776496,
    256.66995573267667,
    270.6815962561192,
    150.34471253580722
  ],
  "episode_lengths": [
    1000,
    425,
    1000,
    443,
    375,
    1000,
    1000,
    378,
    324,
    1000
  ],
  "mean_eval_reward": 187.9250046995181,
  "mean_episode_length": 694.5,
  "min_eval_reward": 98.7741453776496,
  "max_eval_reward": 270.6815962561192
}