{
  "eval_episodes": 10,
  "episode_rewards": [
    -114.31038123764515,
    -106.88625151135389,
    -106.37016018668663,
    -112.99679923918151,
    -124.07914894482107,
    -112.41077367693049,
    -117.18420487335797,
    -109.76343312334731,
    -95.05909309317079,
    -104.31721506378014
  ],
  "episode_lengths": [
    81,
    61,
    83,
    74,
    78,
    81,
    76,
    74,
    52,
    60
  ],
  "mean_eval_reward": -110.3377460950275,
  "mean_episode_length": 72,
  "min_eval_reward": -124.07914894482107,
  "max_eval_reward": -95.05909309317079
}