{
  "eval_episodes": 10,
  "episode_rewards": [
    -114.31038123764515,
    -122.83347125192714,
    -115.47262098170626,
    -131.65894459967893,
    -113.05402711943935,
    -109.34975068766829,
    -140.54921424586473,
    -116.30755397894961,
    -105.34983528730578,
    -115.48808179011715
  ],
  "episode_lengths": [
    81,
    61,
    83,
    74,
    79,
    81,
    75,
    74,
    52,
    59
  ],
  "mean_eval_reward": -118.43738811803024,
  "mean_episode_length": 71.9,
  "min_eval_reward": -140.54921424586473,
  "max_eval_reward": -105.34983528730578
}