{
  "eval_episodes": 10,
  "episode_rewards": [
    -108.20808627249426,
    -114.03150418070697,
    -121.0713007331592,
    -111.40464764454846,
    -114.82970440596813,
    -108.61570978391697,
    -95.05909309317079,
    -101.09879324358124,
    -122.1617689227323,
    -117.93669185496807
  ],
  "episode_lengths": [
    83,
    74,
    78,
    81,
    76,
    74,
    52,
    60,
    67,
    68
  ],
  "mean_eval_reward": -111.44173001352465,
  "mean_episode_length": 71.3,
  "min_eval_reward": -122.1617689227323,
  "max_eval_reward": -95.05909309317079
}