{
  "eval_episodes": 10,
  "episode_rewards": [
    143.42482950320579,
    155.64744711447503,
    175.1436423485523,
    129.13039015823776,
    135.41571943551767,
    123.56778326849717,
    152.73134244181477,
    151.69175394341028,
    120.98652278299497,
    139.01567994801024
  ],
  "episode_lengths": [
    1000,
    1000,
    1000,
    1000,
    1000,
    1000,
    1000,
    1000,
    1000,
    1000
  ],
  "mean_eval_reward": 142.6755110944716,
  "mean_episode_length": 1000,
  "min_eval_reward": 120.98652278299497,
  "max_eval_reward": 175.1436423485523
}