{
  "eval_episodes": 20,
  "eval_seed_offset": 10000,
  "eval_seeds": [
    10000,
    10001,
    10002,
    10003,
    10004,
    10005,
    10006,
    10007,
    10008,
    10009,
    10010,
    10011,
    10012,
    10013,
    10014,
    10015,
    10016,
    10017,
    10018,
    10019
  ],
  "episode_rewards": [
    -27.413753374966078,
    -30.208292453283942,
    -10.326394396602382,
    -45.32896870858829,
    -28.34066137573091,
    -47.73081771138519,
    25.99808273269018,
    -24.56166725946998,
    -47.14136478142095,
    -11.26387079726188,
    -42.12598744132724,
    -10.846705048567294,
    -7.0980159258423345,
    -20.870677727432167,
    -34.29329436372419,
    -51.574435033249664,
    -59.02921227766518,
    -1.674343479988842,
    23.410699867082155,
    -59.802101198759104
  ],
  "episode_lengths": [
    1000,
    1000,
    1000,
    1000,
    1000,
    1000,
    1000,
    1000,
    1000,
    1000,
    437,
    1000,
    1000,
    1000,
    1000,
    1000,
    1000,
    1000,
    1000,
    1000
  ],
  "episode_terminated": [
    false,
    false,
    false,
    false,
    false,
    false,
    false,
    false,
    false,
    false,
    true,
    false,
    false,
    false,
    false,
    false,
    false,
    false,
    false,
    false
  ],
  "mean_eval_reward": -25.511089037774664,
  "mean_episode_length": 971.85,
  "min_eval_reward": -59.802101198759104,
  "max_eval_reward": 25.99808273269018,
  "termination_breakdown": {
    "terminated": 1,
    "truncated": 19
  },
  "final_policy_component_evaluation": {
    "approach_and_soft_landing": {
      "episode_sum_mean": 3.9754404475421437,
      "episode_abs_sum_mean": 6.839852905586315,
      "signed_contribution_share": 0.10224977758056349,
      "magnitude_share": 0.17592351023956762,
      "active_rate": 1.0
    },
    "contact_reward": {
      "episode_sum_mean": 31.35,
      "episode_abs_sum_mean": 31.35,
      "signed_contribution_share": 0.8063334288235955,
      "magnitude_share": 0.8063334288235955,
      "active_rate": 0.010752688172043012
    },
    "upright_stabilization": {
      "episode_sum_mean": -0.689844846419643,
      "episode_abs_sum_mean": 0.689844846419643,
      "signed_contribution_share": -0.01774306093683692,
      "magnitude_share": 0.01774306093683692,
      "active_rate": 1.0
    }
  },
  "final_policy_component_error_count": 0
}