{
  "eval_episodes": 20,
  "eval_seed_offset": 10000,
  "eval_seeds": [
    10000,
    10001,
    10002,
    10003,
    10004,
    10005,
    10006,
    10007,
    10008,
    10009,
    10010,
    10011,
    10012,
    10013,
    10014,
    10015,
    10016,
    10017,
    10018,
    10019
  ],
  "episode_rewards": [
    237.92936257550713,
    249.76702726834475,
    278.9661425324535,
    222.89778160053464,
    232.5200613742238,
    216.64358202895113,
    259.20708630132833,
    240.39843769779597,
    216.74762915972155,
    271.3972645035235,
    252.33598315548255,
    254.14914697401127,
    271.20322289774424,
    275.0249926868074,
    245.16734476756162,
    98.23251224840735,
    88.81336510231328,
    197.88373255097355,
    242.86402565015905,
    96.95110901269986
  ],
  "episode_lengths": [
    282,
    362,
    374,
    368,
    355,
    405,
    291,
    411,
    328,
    281,
    291,
    315,
    289,
    351,
    293,
    1000,
    1000,
    543,
    315,
    1000
  ],
  "episode_terminated": [
    true,
    true,
    true,
    true,
    true,
    true,
    true,
    true,
    true,
    true,
    true,
    true,
    true,
    true,
    true,
    false,
    false,
    true,
    true,
    false
  ],
  "mean_eval_reward": 222.45499050442723,
  "mean_episode_length": 442.7,
  "min_eval_reward": 88.81336510231328,
  "max_eval_reward": 278.9661425324535,
  "termination_breakdown": {
    "terminated": 17,
    "truncated": 3
  },
  "final_policy_component_evaluation": {
    "landing_quality_reward": {
      "episode_sum_mean": 403.485551140011,
      "episode_abs_sum_mean": 403.485551140011,
      "signed_contribution_share": 0.9539868316918484,
      "magnitude_share": 0.9539868316918484,
      "active_rate": 0.6534899480460808
    },
    "progress_reward": {
      "episode_sum_mean": 12.381417097388248,
      "episode_abs_sum_mean": 13.648897073311499,
      "signed_contribution_share": 0.02927418053811297,
      "magnitude_share": 0.03227096494104268,
      "active_rate": 0.9770725096001807
    },
    "stability_penalty": {
      "episode_sum_mean": -5.8122191158788565,
      "episode_abs_sum_mean": 5.8122191158788565,
      "signed_contribution_share": -0.013742203367108942,
      "magnitude_share": 0.013742203367108942,
      "active_rate": 1.0
    }
  },
  "final_policy_component_error_count": 0
}