{
  "eval_episodes": 20,
  "eval_seed_offset": 10000,
  "eval_seeds": [
    10000,
    10001,
    10002,
    10003,
    10004,
    10005,
    10006,
    10007,
    10008,
    10009,
    10010,
    10011,
    10012,
    10013,
    10014,
    10015,
    10016,
    10017,
    10018,
    10019
  ],
  "episode_rewards": [
    -57.67549109560783,
    -67.8409090068519,
    -81.03736786826545,
    -55.267406462448584,
    -57.97253042598966,
    -58.987012871527945,
    -73.87577801032066,
    -72.07164159375986,
    -60.47235502170879,
    -88.79551600900385,
    -71.66016153922789,
    -59.944868189330144,
    -102.24413775941724,
    -92.44533473368764,
    -57.031093714099796,
    -57.394075462419046,
    -62.339194685307234,
    -59.30438011486737,
    -36.19063784830941,
    -66.84583667365902
  ],
  "episode_lengths": [
    59,
    78,
    82,
    63,
    85,
    77,
    80,
    82,
    79,
    75,
    53,
    62,
    68,
    70,
    62,
    84,
    64,
    55,
    57,
    71
  ],
  "episode_terminated": [
    true,
    true,
    true,
    true,
    true,
    true,
    true,
    true,
    true,
    true,
    true,
    true,
    true,
    true,
    true,
    true,
    true,
    true,
    true,
    true
  ],
  "mean_eval_reward": -66.96978645429047,
  "mean_episode_length": 70.3,
  "min_eval_reward": -102.24413775941724,
  "max_eval_reward": -36.19063784830941,
  "termination_breakdown": {
    "terminated": 20,
    "truncated": 0
  },
  "final_policy_component_evaluation": {
    "distance_penalty": {
      "episode_sum_mean": -67.06251424774527,
      "episode_abs_sum_mean": 67.06251424774527,
      "signed_contribution_share": -0.8159331316728807,
      "magnitude_share": 0.8159331316728807,
      "active_rate": 1.0
    },
    "landing_proxy": {
      "episode_sum_mean": 1.1114067792892457,
      "episode_abs_sum_mean": 3.8324843883514403,
      "signed_contribution_share": 0.013522213179152216,
      "magnitude_share": 0.046628895801951696,
      "active_rate": 1.0
    },
    "orientation_penalty": {
      "episode_sum_mean": -0.49424590045928196,
      "episode_abs_sum_mean": 0.49424590045928196,
      "signed_contribution_share": -0.006013368420522398,
      "magnitude_share": 0.006013368420522398,
      "active_rate": 1.0
    },
    "velocity_penalty": {
      "episode_sum_mean": -10.801944476996152,
      "episode_abs_sum_mean": 10.801944476996152,
      "signed_contribution_share": -0.13142460410464515,
      "magnitude_share": 0.13142460410464515,
      "active_rate": 0.9985775248933144
    }
  },
  "final_policy_component_error_count": 0
}