{
  "eval_episodes": 20,
  "eval_seed_offset": 10000,
  "eval_seeds": [
    10000,
    10001,
    10002,
    10003,
    10004,
    10005,
    10006,
    10007,
    10008,
    10009,
    10010,
    10011,
    10012,
    10013,
    10014,
    10015,
    10016,
    10017,
    10018,
    10019
  ],
  "episode_rewards": [
    -39.48688508164552,
    -17.93379153989993,
    -82.57578968854583,
    -100.83277123708167,
    -89.19714150738294,
    -72.75453381885947,
    -31.606490562547123,
    -172.88219007147674,
    -71.95713580574954,
    -33.191665211825324,
    -114.33527382764792,
    -17.59381486455222,
    -7.954587968078679,
    -135.25908572071268,
    -36.648052019100035,
    -49.504840227957665,
    -53.4602793394165,
    -191.36884116019314,
    -30.363618315071292,
    -45.6450016555001
  ],
  "episode_lengths": [
    1000,
    1000,
    658,
    1000,
    1000,
    1000,
    1000,
    801,
    1000,
    1000,
    694,
    1000,
    1000,
    709,
    1000,
    1000,
    1000,
    897,
    1000,
    1000
  ],
  "episode_terminated": [
    false,
    false,
    true,
    false,
    false,
    false,
    false,
    true,
    false,
    false,
    true,
    false,
    false,
    true,
    false,
    false,
    false,
    true,
    false,
    false
  ],
  "mean_eval_reward": -69.72758948116221,
  "mean_episode_length": 937.95,
  "min_eval_reward": -191.36884116019314,
  "max_eval_reward": -7.954587968078679,
  "termination_breakdown": {
    "terminated": 5,
    "truncated": 15
  },
  "final_policy_component_evaluation": {
    "alignment": {
      "episode_sum_mean": 372.46166648077525,
      "episode_abs_sum_mean": 372.46166648077525,
      "signed_contribution_share": 0.17803681419289863,
      "magnitude_share": 0.17803681419289863,
      "active_rate": 0.8959432805586651
    },
    "any_contact_reward": {
      "episode_sum_mean": 42.5,
      "episode_abs_sum_mean": 42.5,
      "signed_contribution_share": 0.020315015702666257,
      "magnitude_share": 0.020315015702666257,
      "active_rate": 0.009062316754624447
    },
    "att_penalty": {
      "episode_sum_mean": -0.051837489622237436,
      "episode_abs_sum_mean": 0.051837489622237436,
      "signed_contribution_share": -2.4778339192060062e-05,
      "magnitude_share": 2.4778339192060062e-05,
      "active_rate": 0.0456847379924303
    },
    "height_near_reward": {
      "episode_sum_mean": 1654.128514111042,
      "episode_abs_sum_mean": 1654.128514111042,
      "signed_contribution_share": 0.790674040903384,
      "magnitude_share": 0.790674040903384,
      "active_rate": 0.8959432805586651
    },
    "horizontal_penalty": {
      "episode_sum_mean": -2.482980926706353,
      "episode_abs_sum_mean": 2.482980926706353,
      "signed_contribution_share": -0.0011868658003637736,
      "magnitude_share": 0.0011868658003637736,
      "active_rate": 1.0
    },
    "progress": {
      "episode_sum_mean": 4.275863163173199,
      "episode_abs_sum_mean": 6.824598215520382,
      "signed_contribution_share": 0.002043864171819194,
      "magnitude_share": 0.003262160468533757,
      "active_rate": 1.0
    },
    "stable_contact_reward": {
      "episode_sum_mean": 0.0,
      "episode_abs_sum_mean": 0.0,
      "signed_contribution_share": 0.0,
      "magnitude_share": 0.0,
      "active_rate": 0.0
    },
    "vel_penalty": {
      "episode_sum_mean": -0.008213660306094318,
      "episode_abs_sum_mean": 0.008213660306094318,
      "signed_contribution_share": -3.92613266105112e-06,
      "magnitude_share": 3.92613266105112e-06,
      "active_rate": 0.01156778079855003
    },
    "y_progress": {
      "episode_sum_mean": 11.883928459137678,
      "episode_abs_sum_mean": 13.59078125283122,
      "signed_contribution_share": 0.0056805221942763376,
      "magnitude_share": 0.006496398460300434,
      "active_rate": 0.9998933845087691
    }
  },
  "final_policy_component_error_count": 0
}