{
  "eval_episodes": 20,
  "eval_seed_offset": 10000,
  "eval_seeds": [
    10000,
    10001,
    10002,
    10003,
    10004,
    10005,
    10006,
    10007,
    10008,
    10009,
    10010,
    10011,
    10012,
    10013,
    10014,
    10015,
    10016,
    10017,
    10018,
    10019
  ],
  "episode_rewards": [
    -69.17315978972854,
    -152.98255880355242,
    -120.88733899416675,
    -189.45527375040626,
    -194.33436829251696,
    -211.55377727282027,
    -54.369622790273084,
    -149.45553093947242,
    -225.75791259955713,
    -33.1308608479151,
    -25.729279787006035,
    -50.29117175383917,
    -30.23376369378166,
    -119.9257528489128,
    -98.69873844624226,
    -200.24564315901603,
    -131.9824243682725,
    -154.63022495531442,
    -62.30649392183373,
    -110.82172810317087
  ],
  "episode_lengths": [
    1000,
    692,
    637,
    761,
    821,
    877,
    1000,
    714,
    903,
    1000,
    1000,
    1000,
    1000,
    614,
    1000,
    822,
    1000,
    689,
    1000,
    1000
  ],
  "episode_terminated": [
    false,
    true,
    true,
    true,
    true,
    true,
    false,
    true,
    true,
    false,
    false,
    false,
    false,
    true,
    false,
    true,
    false,
    true,
    false,
    false
  ],
  "mean_eval_reward": -119.29828125588992,
  "mean_episode_length": 876.5,
  "min_eval_reward": -225.75791259955713,
  "max_eval_reward": -25.729279787006035,
  "termination_breakdown": {
    "terminated": 10,
    "truncated": 10
  },
  "final_policy_component_evaluation": {
    "alive_penalty": {
      "episode_sum_mean": -4.382499999999929,
      "episode_abs_sum_mean": 4.382499999999929,
      "signed_contribution_share": -0.20162621645150677,
      "magnitude_share": 0.20162621645150677,
      "active_rate": 1.0
    },
    "angle_penalty": {
      "episode_sum_mean": -0.18618166717306905,
      "episode_abs_sum_mean": 0.18618166717306905,
      "signed_contribution_share": -0.008565682857898509,
      "magnitude_share": 0.008565682857898509,
      "active_rate": 1.0
    },
    "angvel_penalty": {
      "episode_sum_mean": -0.02078214254010115,
      "episode_abs_sum_mean": 0.02078214254010115,
      "signed_contribution_share": -0.0009561265875907744,
      "magnitude_share": 0.0009561265875907744,
      "active_rate": 0.9998859098687963
    },
    "contact_reward": {
      "episode_sum_mean": 0.0,
      "episode_abs_sum_mean": 0.0,
      "signed_contribution_share": 0.0,
      "magnitude_share": 0.0,
      "active_rate": 0.0
    },
    "distance_progress": {
      "episode_sum_mean": 2.8401113599538803,
      "episode_abs_sum_mean": 7.059300899505615,
      "signed_contribution_share": 0.13066535260888842,
      "magnitude_share": 0.3247781246229455,
      "active_rate": 1.0
    },
    "landing_bonus": {
      "episode_sum_mean": 0.0,
      "episode_abs_sum_mean": 0.0,
      "signed_contribution_share": 0.0,
      "magnitude_share": 0.0,
      "active_rate": 0.0
    },
    "main_engine_penalty": {
      "episode_sum_mean": -10.086999999999874,
      "episode_abs_sum_mean": 10.086999999999874,
      "signed_contribution_share": -0.4640738494800584,
      "magnitude_share": 0.4640738494800584,
      "active_rate": 0.5754135767256132
    }
  },
  "final_policy_component_error_count": 0
}