{
  "eval_episodes": 20,
  "eval_seed_offset": 10000,
  "eval_seeds": [
    10000,
    10001,
    10002,
    10003,
    10004,
    10005,
    10006,
    10007,
    10008,
    10009,
    10010,
    10011,
    10012,
    10013,
    10014,
    10015,
    10016,
    10017,
    10018,
    10019
  ],
  "episode_rewards": [
    -128.61124225519526,
    -132.30072335079126,
    -118.60159953863283,
    -122.83347125192714,
    -132.61244339651853,
    -136.391793805012,
    -141.00003056065484,
    -98.43106343737242,
    -151.3350033926734,
    -133.69931703362266,
    -125.56344505515395,
    -113.95520939879017,
    -147.16151123692435,
    -148.45595742187393,
    -121.58097207691134,
    -110.63283231780022,
    -111.80662566871285,
    -84.43946565203157,
    -111.02888515715506,
    -144.39876344372195
  ],
  "episode_lengths": [
    57,
    76,
    81,
    61,
    83,
    74,
    78,
    81,
    75,
    74,
    51,
    60,
    67,
    69,
    60,
    82,
    62,
    54,
    54,
    68
  ],
  "episode_terminated": [
    true,
    true,
    true,
    true,
    true,
    true,
    true,
    true,
    true,
    true,
    true,
    true,
    true,
    true,
    true,
    true,
    true,
    true,
    true,
    true
  ],
  "mean_eval_reward": -125.74201777257379,
  "mean_episode_length": 68.35,
  "min_eval_reward": -151.3350033926734,
  "max_eval_reward": -84.43946565203157,
  "termination_breakdown": {
    "terminated": 20,
    "truncated": 0
  },
  "final_policy_component_evaluation": {
    "approach_landing_reward": {
      "episode_sum_mean": 39.80180252260763,
      "episode_abs_sum_mean": 39.80180252260763,
      "signed_contribution_share": 0.7015095341290052,
      "magnitude_share": 0.7015095341290052,
      "active_rate": 0.9970738844184345
    },
    "distance_cost": {
      "episode_sum_mean": -6.03256125236383,
      "episode_abs_sum_mean": 6.03256125236383,
      "signed_contribution_share": -0.10632431109989798,
      "magnitude_share": 0.10632431109989798,
      "active_rate": 1.0
    },
    "engine_penalty": {
      "episode_sum_mean": -0.26999999999999996,
      "episode_abs_sum_mean": 0.26999999999999996,
      "signed_contribution_share": -0.004758768754436357,
      "magnitude_share": 0.004758768754436357,
      "active_rate": 0.013167520117044623
    },
    "stability_cost": {
      "episode_sum_mean": -10.63300127313951,
      "episode_abs_sum_mean": 10.63300127313951,
      "signed_contribution_share": -0.1874073860166604,
      "magnitude_share": 0.1874073860166604,
      "active_rate": 1.0
    }
  },
  "final_policy_component_error_count": 0
}