{
  "eval_episodes": 20,
  "eval_seed_offset": 10000,
  "eval_seeds": [
    10000,
    10001,
    10002,
    10003,
    10004,
    10005,
    10006,
    10007,
    10008,
    10009,
    10010,
    10011,
    10012,
    10013,
    10014,
    10015,
    10016,
    10017,
    10018,
    10019
  ],
  "episode_rewards": [
    87.80712141342525,
    94.31587204456298,
    115.65271275962252,
    66.91405041415253,
    74.47865448087992,
    62.68030815321483,
    93.7263903721036,
    88.38884097674263,
    62.04979605911096,
    107.58553342942783,
    135.41554690028954,
    113.12024395779984,
    102.74609457358332,
    116.41751159797664,
    84.45194347282855,
    65.29273779629712,
    59.816231145772925,
    102.842115292932,
    88.63054714438267,
    60.8073846140616
  ],
  "episode_lengths": [
    1000,
    1000,
    1000,
    1000,
    1000,
    1000,
    1000,
    1000,
    1000,
    1000,
    1000,
    1000,
    1000,
    1000,
    1000,
    1000,
    1000,
    1000,
    1000,
    1000
  ],
  "episode_terminated": [
    false,
    false,
    false,
    false,
    false,
    false,
    false,
    false,
    false,
    false,
    false,
    false,
    false,
    false,
    false,
    false,
    false,
    false,
    false,
    false
  ],
  "mean_eval_reward": 89.15698182995837,
  "mean_episode_length": 1000,
  "min_eval_reward": 59.816231145772925,
  "max_eval_reward": 135.41554690028954,
  "termination_breakdown": {
    "terminated": 0,
    "truncated": 20
  },
  "final_policy_component_evaluation": {
    "angle_stability": {
      "episode_sum_mean": -1.403072718807815,
      "episode_abs_sum_mean": 1.403072718807815,
      "signed_contribution_share": -0.0871995144274245,
      "magnitude_share": 0.0871995144274245,
      "active_rate": 1.0
    },
    "approach_progress": {
      "episode_sum_mean": 2.679011955857277,
      "episode_abs_sum_mean": 2.9500935350137296,
      "signed_contribution_share": 0.1664978148064311,
      "magnitude_share": 0.18334525382780084,
      "active_rate": 0.99995
    },
    "landing_quality": {
      "episode_sum_mean": 7.113571471429895,
      "episode_abs_sum_mean": 7.113571471429895,
      "signed_contribution_share": 0.44210108987118846,
      "magnitude_share": 0.44210108987118846,
      "active_rate": 1.0
    },
    "velocity_penalty": {
      "episode_sum_mean": -4.623635346442461,
      "episode_abs_sum_mean": 4.623635346442461,
      "signed_contribution_share": -0.28735414187358627,
      "magnitude_share": 0.28735414187358627,
      "active_rate": 0.0487
    }
  },
  "final_policy_component_error_count": 0
}