{
  "eval_episodes": 20,
  "eval_seed_offset": 10000,
  "eval_seeds": [
    10000,
    10001,
    10002,
    10003,
    10004,
    10005,
    10006,
    10007,
    10008,
    10009,
    10010,
    10011,
    10012,
    10013,
    10014,
    10015,
    10016,
    10017,
    10018,
    10019
  ],
  "episode_rewards": [
    107.43430176794698,
    168.37858447825457,
    9.12063505688657,
    212.6692713494653,
    184.5620122999152,
    210.1884812619152,
    8.838114436694696,
    -166.1515215553839,
    72.573390093041,
    24.19411786885958,
    -10.342195922093183,
    -26.752773485086024,
    -27.446303596322295,
    237.92337242159627,
    195.44635130773776,
    165.91147421946607,
    83.954804572068,
    90.28956580590456,
    239.48618787275296,
    150.0039471364563
  ],
  "episode_lengths": [
    1000,
    340,
    242,
    225,
    344,
    266,
    125,
    221,
    1000,
    114,
    96,
    111,
    93,
    298,
    226,
    291,
    1000,
    1000,
    271,
    380
  ],
  "episode_terminated": [
    false,
    true,
    true,
    true,
    true,
    true,
    true,
    true,
    false,
    true,
    true,
    true,
    true,
    true,
    true,
    true,
    false,
    false,
    true,
    true
  ],
  "mean_eval_reward": 96.51409086950378,
  "mean_episode_length": 382.15,
  "min_eval_reward": -166.1515215553839,
  "max_eval_reward": 239.48618787275296,
  "termination_breakdown": {
    "terminated": 16,
    "truncated": 4
  },
  "final_policy_component_evaluation": {
    "distance_penalty": {
      "episode_sum_mean": -206.42381152510643,
      "episode_abs_sum_mean": 206.42381152510643,
      "signed_contribution_share": -0.31430978833241446,
      "magnitude_share": 0.31430978833241446,
      "active_rate": 1.0
    },
    "landing_proxy": {
      "episode_sum_mean": 430.11429234743116,
      "episode_abs_sum_mean": 430.11429234743116,
      "signed_contribution_share": 0.6549105511988129,
      "magnitude_share": 0.6549105511988129,
      "active_rate": 0.46002878450870077
    },
    "orientation_penalty": {
      "episode_sum_mean": -9.360478887114004,
      "episode_abs_sum_mean": 9.360478887114004,
      "signed_contribution_share": -0.014252668410499743,
      "magnitude_share": 0.014252668410499743,
      "active_rate": 1.0
    },
    "velocity_penalty": {
      "episode_sum_mean": -10.854147151490455,
      "episode_abs_sum_mean": 10.854147151490455,
      "signed_contribution_share": -0.016526992058272846,
      "magnitude_share": 0.016526992058272846,
      "active_rate": 0.9955514850189716
    }
  },
  "final_policy_component_error_count": 0
}