{
  "eval_episodes": 20,
  "eval_seed_offset": 10000,
  "eval_seeds": [
    10000,
    10001,
    10002,
    10003,
    10004,
    10005,
    10006,
    10007,
    10008,
    10009,
    10010,
    10011,
    10012,
    10013,
    10014,
    10015,
    10016,
    10017,
    10018,
    10019
  ],
  "episode_rewards": [
    295.4270566004415,
    294.68163272919713,
    295.8888291441139,
    296.0128928003199,
    296.2624562405994,
    295.134825659709,
    296.1027292482257,
    295.1681953479097,
    295.85539214064636,
    296.113692048966,
    295.6143541072754,
    296.00405804929125,
    294.8346002990441,
    296.2479134205108,
    18.516282618366148,
    295.7972326483003,
    295.28763160179494,
    294.9458436635257,
    296.7789103855385,
    294.94700617459677
  ],
  "episode_lengths": [
    1085,
    1086,
    1084,
    1081,
    1072,
    1077,
    1071,
    1069,
    1083,
    1067,
    1087,
    1083,
    1097,
    1096,
    427,
    1071,
    1077,
    1077,
    1075,
    1090
  ],
  "episode_terminated": [
    true,
    true,
    true,
    true,
    true,
    true,
    true,
    true,
    true,
    true,
    true,
    true,
    true,
    true,
    true,
    true,
    true,
    true,
    true,
    true
  ],
  "mean_eval_reward": 281.78107674641865,
  "mean_episode_length": 1047.75,
  "min_eval_reward": 18.516282618366148,
  "max_eval_reward": 296.7789103855385,
  "termination_breakdown": {
    "terminated": 20,
    "truncated": 0
  },
  "final_policy_component_evaluation": {
    "energy_penalty": {
      "episode_sum_mean": -88.90632893833795,
      "episode_abs_sum_mean": 88.90632893833795,
      "signed_contribution_share": -0.12781551206571667,
      "magnitude_share": 0.12781551206571667,
      "active_rate": 1.0
    },
    "forward_reward": {
      "episode_sum_mean": 537.0550138512344,
      "episode_abs_sum_mean": 537.1383580417585,
      "signed_contribution_share": 0.7720930829397413,
      "magnitude_share": 0.7722129020855405,
      "active_rate": 1.0
    },
    "stability_penalty": {
      "episode_sum_mean": -69.53856032267636,
      "episode_abs_sum_mean": 69.53856032267636,
      "signed_contribution_share": -0.09997158584874268,
      "magnitude_share": 0.09997158584874268,
      "active_rate": 1.0
    }
  },
  "final_policy_component_error_count": 0
}