{
  "eval_episodes": 20,
  "eval_seed_offset": 10000,
  "eval_seeds": [
    10000,
    10001,
    10002,
    10003,
    10004,
    10005,
    10006,
    10007,
    10008,
    10009,
    10010,
    10011,
    10012,
    10013,
    10014,
    10015,
    10016,
    10017,
    10018,
    10019
  ],
  "episode_rewards": [
    -66.23580405717554,
    -54.90968669424681,
    -18.360209444641065,
    152.8378351582552,
    -80.48814237258897,
    -78.52063584095447,
    -50.862019400678584,
    -50.1377428992671,
    -89.9971483753593,
    100.87753437503615,
    -44.75575605717938,
    -39.490209745909084,
    -52.253477154971215,
    -46.710772985031056,
    -71.48544039363307,
    -67.27755437438749,
    -92.66030625484359,
    -54.198351858095016,
    -68.40137126520534,
    -81.67866811455542
  ],
  "episode_lengths": [
    1000,
    1000,
    1000,
    664,
    1000,
    1000,
    1000,
    1000,
    1000,
    849,
    1000,
    1000,
    1000,
    1000,
    1000,
    1000,
    1000,
    1000,
    1000,
    1000
  ],
  "episode_terminated": [
    false,
    false,
    false,
    true,
    false,
    false,
    false,
    false,
    false,
    true,
    false,
    false,
    false,
    false,
    false,
    false,
    false,
    false,
    false,
    false
  ],
  "mean_eval_reward": -42.73539638777156,
  "mean_episode_length": 975.65,
  "min_eval_reward": -92.66030625484359,
  "max_eval_reward": 152.8378351582552,
  "termination_breakdown": {
    "terminated": 2,
    "truncated": 18
  },
  "final_policy_component_evaluation": {
    "angular_vel_penalty": {
      "episode_sum_mean": -0.1214823673171823,
      "episode_abs_sum_mean": 0.1214823673171823,
      "signed_contribution_share": -0.0011235993958875797,
      "magnitude_share": 0.0011235993958875797,
      "active_rate": 0.9980013324450366
    },
    "landing_bonus": {
      "episode_sum_mean": 107.0,
      "episode_abs_sum_mean": 107.0,
      "signed_contribution_share": 0.9896509099635116,
      "magnitude_share": 0.9896509099635116,
      "active_rate": 0.010967047609286117
    },
    "shaped_progress": {
      "episode_sum_mean": 0.5480827552456617,
      "episode_abs_sum_mean": 0.997450200475923,
      "signed_contribution_share": 0.00506925792022596,
      "magnitude_share": 0.009225490640600787,
      "active_rate": 0.9992825295956542
    }
  },
  "final_policy_component_error_count": 0
}