{
  "eval_episodes": 20,
  "eval_seed_offset": 10000,
  "eval_seeds": [
    10000,
    10001,
    10002,
    10003,
    10004,
    10005,
    10006,
    10007,
    10008,
    10009,
    10010,
    10011,
    10012,
    10013,
    10014,
    10015,
    10016,
    10017,
    10018,
    10019
  ],
  "episode_rewards": [
    -114.61865150736514,
    -121.81936579517995,
    -108.37579122650604,
    -109.35879622277585,
    -110.51338579620617,
    -128.18647861961315,
    -122.51983174908526,
    -114.44458702649266,
    -119.19216313989682,
    -110.16413343864761,
    -98.00599587599491,
    -101.2275923315188,
    -122.29624666781157,
    -121.69586081075522,
    -111.00034995683413,
    -104.58872567953591,
    -111.80662566871285,
    -95.65487890251563,
    -109.17600700786383,
    -143.6294247468801
  ],
  "episode_lengths": [
    57,
    76,
    81,
    61,
    83,
    74,
    78,
    81,
    76,
    74,
    52,
    60,
    67,
    69,
    60,
    82,
    62,
    54,
    54,
    68
  ],
  "episode_terminated": [
    true,
    true,
    true,
    true,
    true,
    true,
    true,
    true,
    true,
    true,
    true,
    true,
    true,
    true,
    true,
    true,
    true,
    true,
    true,
    true
  ],
  "mean_eval_reward": -113.91374460850957,
  "mean_episode_length": 68.45,
  "min_eval_reward": -143.6294247468801,
  "max_eval_reward": -95.65487890251563,
  "termination_breakdown": {
    "terminated": 20,
    "truncated": 0
  },
  "final_policy_component_evaluation": {
    "energy_penalty": {
      "episode_sum_mean": -0.13,
      "episode_abs_sum_mean": 0.13,
      "signed_contribution_share": -0.001850629446223584,
      "magnitude_share": 0.001850629446223584,
      "active_rate": 0.09495982468955443
    },
    "goal_proximity": {
      "episode_sum_mean": -66.58586377184838,
      "episode_abs_sum_mean": 66.58586377184838,
      "signed_contribution_share": -0.947890463064729,
      "magnitude_share": 0.947890463064729,
      "active_rate": 1.0
    },
    "orientation_penalty": {
      "episode_sum_mean": -0.09211496989560354,
      "episode_abs_sum_mean": 0.09211496989560354,
      "signed_contribution_share": -0.0013113128902061762,
      "magnitude_share": 0.0013113128902061762,
      "active_rate": 1.0
    },
    "safe_landing": {
      "episode_sum_mean": 3.4383908193151003,
      "episode_abs_sum_mean": 3.4383908193151003,
      "signed_contribution_share": 0.048947594598841224,
      "magnitude_share": 0.048947594598841224,
      "active_rate": 0.016070124178232285
    }
  },
  "final_policy_component_error_count": 0
}