{
  "eval_episodes": 10,
  "episode_rewards": [
    -37.891513467438784,
    -61.46429273777477,
    30.42449536246619,
    -40.433122510744965,
    0.7065705200024439,
    55.57565050142978,
    -9.504720756531114,
    -11.805543511866716,
    63.58008828166007,
    -150.60547254923094
  ],
  "episode_lengths": [
    118,
    118,
    111,
    113,
    110,
    142,
    128,
    117,
    146,
    101
  ],
  "mean_eval_reward": -16.14178608680288,
  "mean_episode_length": 120.4,
  "min_eval_reward": -150.60547254923094,
  "max_eval_reward": 63.58008828166007
}