{
  "eval_episodes": 10,
  "episode_rewards": [
    133.97694695370515,
    122.26321837618683,
    149.83802107116708,
    150.19004189874474,
    120.08088029123891,
    158.98320817507195,
    176.48768382440002,
    161.0898393588989,
    154.95447139860252,
    171.5304435262158
  ],
  "episode_lengths": [
    1000,
    1000,
    1000,
    1000,
    1000,
    1000,
    1000,
    1000,
    1000,
    1000
  ],
  "mean_eval_reward": 149.93947548742318,
  "mean_episode_length": 1000,
  "min_eval_reward": 120.08088029123891,
  "max_eval_reward": 176.48768382440002
}