{
  "eval_episodes": 20,
  "eval_seed_offset": 10000,
  "eval_seeds": [
    10000,
    10001,
    10002,
    10003,
    10004,
    10005,
    10006,
    10007,
    10008,
    10009,
    10010,
    10011,
    10012,
    10013,
    10014,
    10015,
    10016,
    10017,
    10018,
    10019
  ],
  "episode_rewards": [
    -32.648233755747,
    -16.361618925305837,
    20.284367682554496,
    -29.680973488173013,
    -28.262179015721546,
    -37.571525985217775,
    -5.807090956657633,
    -4.770908241453692,
    -44.0699716314833,
    -7.62856099850132,
    10.915609233729285,
    6.815817661540243,
    -0.7809692409934366,
    3.326092659573394,
    -18.95396271680196,
    -28.973201257057102,
    -44.0367885943993,
    -8.339698456486875,
    -19.29478833906811,
    -53.128558200162836
  ],
  "episode_lengths": [
    1000,
    1000,
    1000,
    1000,
    1000,
    1000,
    1000,
    1000,
    1000,
    1000,
    1000,
    1000,
    1000,
    1000,
    1000,
    1000,
    1000,
    1000,
    1000,
    1000
  ],
  "episode_terminated": [
    false,
    false,
    false,
    false,
    false,
    false,
    false,
    false,
    false,
    false,
    false,
    false,
    false,
    false,
    false,
    false,
    false,
    false,
    false,
    false
  ],
  "mean_eval_reward": -16.948357128291665,
  "mean_episode_length": 1000,
  "min_eval_reward": -53.128558200162836,
  "max_eval_reward": 20.284367682554496,
  "termination_breakdown": {
    "terminated": 0,
    "truncated": 20
  },
  "final_policy_component_evaluation": {
    "energy_penalty": {
      "episode_sum_mean": -9.999999999999831,
      "episode_abs_sum_mean": 9.999999999999831,
      "signed_contribution_share": -0.014156288032678559,
      "magnitude_share": 0.014156288032678559,
      "active_rate": 1.0
    },
    "proximity": {
      "episode_sum_mean": 696.3998681657016,
      "episode_abs_sum_mean": 696.3998681657016,
      "signed_contribution_share": 0.9858437119673213,
      "magnitude_share": 0.9858437119673213,
      "active_rate": 1.0
    },
    "soft_landing": {
      "episode_sum_mean": 0.0,
      "episode_abs_sum_mean": 0.0,
      "signed_contribution_share": 0.0,
      "magnitude_share": 0.0,
      "active_rate": 0.0
    },
    "terminal_velocity_penalty": {
      "episode_sum_mean": 0.0,
      "episode_abs_sum_mean": 0.0,
      "signed_contribution_share": 0.0,
      "magnitude_share": 0.0,
      "active_rate": 0.0
    }
  },
  "final_policy_component_error_count": 0
}