{
  "eval_episodes": 20,
  "eval_seed_offset": 10000,
  "eval_seeds": [
    10000,
    10001,
    10002,
    10003,
    10004,
    10005,
    10006,
    10007,
    10008,
    10009,
    10010,
    10011,
    10012,
    10013,
    10014,
    10015,
    10016,
    10017,
    10018,
    10019
  ],
  "episode_rewards": [
    -79.35511631309646,
    -108.5030439192142,
    -102.9478632930694,
    -97.29577740392324,
    -86.96157267735556,
    -91.4846822897915,
    -89.20102834550454,
    -99.36104742713265,
    -97.17063849944405,
    -100.50548883034404,
    -93.76489683280751,
    -95.59980178544866,
    -122.18417842820992,
    -103.41710235692857,
    -84.34638238305115,
    -83.80212494607373,
    -92.32499671509734,
    -86.54480077836583,
    -72.9388178476253,
    -100.85699053530388
  ],
  "episode_lengths": [
    58,
    76,
    81,
    61,
    83,
    75,
    79,
    81,
    76,
    74,
    52,
    60,
    67,
    69,
    60,
    82,
    62,
    54,
    55,
    69
  ],
  "episode_terminated": [
    true,
    true,
    true,
    true,
    true,
    true,
    true,
    true,
    true,
    true,
    true,
    true,
    true,
    true,
    true,
    true,
    true,
    true,
    true,
    true
  ],
  "mean_eval_reward": -94.42831758038938,
  "mean_episode_length": 68.7,
  "min_eval_reward": -122.18417842820992,
  "max_eval_reward": -72.9388178476253,
  "termination_breakdown": {
    "terminated": 20,
    "truncated": 0
  },
  "final_policy_component_evaluation": {
    "landing_bonus": {
      "episode_sum_mean": 0.005,
      "episode_abs_sum_mean": 0.005,
      "signed_contribution_share": 0.002365475796154155,
      "magnitude_share": 0.002365475796154155,
      "active_rate": 0.000727802037845706
    },
    "progress_reward": {
      "episode_sum_mean": 1.118987846160965,
      "episode_abs_sum_mean": 1.159744279578378,
      "signed_contribution_share": 0.5293877332568864,
      "magnitude_share": 0.5486694046141781,
      "active_rate": 1.0
    },
    "stability_penalty": {
      "episode_sum_mean": -0.9489953782651374,
      "episode_abs_sum_mean": 0.9489953782651374,
      "signed_contribution_share": -0.44896511958966784,
      "magnitude_share": 0.44896511958966784,
      "active_rate": 1.0
    }
  },
  "final_policy_component_error_count": 0
}