{
  "eval_episodes": 10,
  "episode_rewards": [
    -112.5422305685309,
    -121.00629321704753,
    -116.81965953999385,
    -108.46072830712629,
    -119.79091111306334,
    -114.0480321446577,
    -101.46708188357698,
    -97.94561787364155,
    -127.66813330100872,
    -121.21922812959869
  ],
  "episode_lengths": [
    83,
    74,
    78,
    81,
    76,
    74,
    52,
    60,
    67,
    68
  ],
  "mean_eval_reward": -114.09679160782456,
  "mean_episode_length": 71.3,
  "min_eval_reward": -127.66813330100872,
  "max_eval_reward": -97.94561787364155
}