{
  "eval_episodes": 20,
  "eval_seed_offset": 10000,
  "eval_seeds": [
    10000,
    10001,
    10002,
    10003,
    10004,
    10005,
    10006,
    10007,
    10008,
    10009,
    10010,
    10011,
    10012,
    10013,
    10014,
    10015,
    10016,
    10017,
    10018,
    10019
  ],
  "episode_rewards": [
    314.4164175524416,
    314.5460405236182,
    314.1505330281838,
    312.87081109446905,
    314.4889099133144,
    313.56396317821935,
    313.85963493229633,
    313.5105209035177,
    312.77437975413267,
    313.96784530690445,
    314.1876133739722,
    313.6807948666902,
    312.7077256330785,
    313.04589724065124,
    314.1630948685354,
    314.7638248217205,
    312.6710256128036,
    312.75170971531134,
    313.8417635976799,
    314.64937397346927
  ],
  "episode_lengths": [
    1066,
    1066,
    1078,
    1104,
    1076,
    1100,
    1088,
    1095,
    1098,
    1079,
    1075,
    1097,
    1117,
    1097,
    1082,
    1066,
    1118,
    1105,
    1076,
    1075
  ],
  "episode_terminated": [
    true,
    true,
    true,
    true,
    true,
    true,
    true,
    true,
    true,
    true,
    true,
    true,
    true,
    true,
    true,
    true,
    true,
    true,
    true,
    true
  ],
  "mean_eval_reward": 313.7305939945505,
  "mean_episode_length": 1087.9,
  "min_eval_reward": 312.6710256128036,
  "max_eval_reward": 314.7638248217205,
  "termination_breakdown": {
    "terminated": 20,
    "truncated": 0
  },
  "final_policy_component_evaluation": {
    "energy_penalty": {
      "episode_sum_mean": -57.68605485165964,
      "episode_abs_sum_mean": 57.68605485165964,
      "signed_contribution_share": -0.09177878844558059,
      "magnitude_share": 0.09177878844558059,
      "active_rate": 1.0
    },
    "forward_reward": {
      "episode_sum_mean": 504.3686478253952,
      "episode_abs_sum_mean": 504.5099616864263,
      "signed_contribution_share": 0.8024529246520089,
      "magnitude_share": 0.802677755679011,
      "active_rate": 1.0
    },
    "gait_reward": {
      "episode_sum_mean": 22.476000000000095,
      "episode_abs_sum_mean": 22.476000000000095,
      "signed_contribution_share": 0.035759423216017175,
      "magnitude_share": 0.035759423216017175,
      "active_rate": 0.6886662377056715
    },
    "stability_penalty": {
      "episode_sum_mean": -43.8616112060204,
      "episode_abs_sum_mean": 43.8616112060204,
      "signed_contribution_share": -0.06978403265939127,
      "magnitude_share": 0.06978403265939127,
      "active_rate": 1.0
    }
  },
  "final_policy_component_error_count": 0
}