{
  "eval_episodes": 20,
  "eval_seed_offset": 10000,
  "eval_seeds": [
    10000,
    10001,
    10002,
    10003,
    10004,
    10005,
    10006,
    10007,
    10008,
    10009,
    10010,
    10011,
    10012,
    10013,
    10014,
    10015,
    10016,
    10017,
    10018,
    10019
  ],
  "episode_rewards": [
    156.4393420407542,
    151.49927821681032,
    89.14375128633294,
    -196.23367587411838,
    101.88564742001708,
    133.81507765930945,
    196.92779312867577,
    48.706491512393484,
    -115.72566038183557,
    220.96517339681742,
    -29.689614459003394,
    -25.157729439289312,
    -0.36701922005156007,
    207.7093162901886,
    -94.96052848122879,
    -79.87887342604293,
    136.90506415370314,
    177.89198664725018,
    182.8281262006804,
    -70.51005204047695
  ],
  "episode_lengths": [
    831,
    769,
    1000,
    817,
    958,
    480,
    529,
    1000,
    651,
    550,
    264,
    244,
    208,
    640,
    649,
    520,
    550,
    716,
    666,
    426
  ],
  "episode_terminated": [
    true,
    true,
    false,
    true,
    true,
    true,
    true,
    false,
    true,
    true,
    true,
    true,
    true,
    true,
    true,
    true,
    true,
    true,
    true,
    true
  ],
  "mean_eval_reward": 59.60969473154431,
  "mean_episode_length": 623.4,
  "min_eval_reward": -196.23367587411838,
  "max_eval_reward": 220.96517339681742,
  "termination_breakdown": {
    "terminated": 18,
    "truncated": 2
  },
  "final_policy_component_evaluation": {
    "contact_bonus": {
      "episode_sum_mean": 391.1343450243151,
      "episode_abs_sum_mean": 391.1343450243151,
      "signed_contribution_share": 0.9045925433992119,
      "magnitude_share": 0.9045925433992119,
      "active_rate": 0.16835097850497274
    },
    "landing_progress": {
      "episode_sum_mean": 0.8001115734938298,
      "episode_abs_sum_mean": 41.25297441404659,
      "signed_contribution_share": 0.0018504510597885109,
      "magnitude_share": 0.09540745660078809,
      "active_rate": 1.0
    }
  },
  "final_policy_component_error_count": 0
}