{
  "eval_episodes": 10,
  "episode_rewards": [
    268.5305365093491,
    175.71449396928207,
    235.12307224078947,
    245.7162842921047,
    230.47772064235704,
    262.77374452272267,
    263.9844393354622,
    232.27501385546563,
    161.96139790260062,
    283.07784207249654
  ],
  "episode_lengths": [
    343,
    1000,
    334,
    355,
    354,
    348,
    354,
    350,
    1000,
    351
  ],
  "mean_eval_reward": 235.963454534263,
  "mean_episode_length": 478.9,
  "min_eval_reward": 161.96139790260062,
  "max_eval_reward": 283.07784207249654
}