{
  "eval_episodes": 10,
  "episode_rewards": [
    -105.56135576421164,
    -112.8149832057803,
    -88.11785472780254,
    -111.42834992824012,
    -108.49304458830129,
    -118.25419141798794,
    -95.67368754229439,
    -92.58325057227782,
    -126.39041787677493,
    -114.0232849176613
  ],
  "episode_lengths": [
    83,
    74,
    79,
    81,
    76,
    74,
    52,
    60,
    67,
    69
  ],
  "mean_eval_reward": -107.33404205413322,
  "mean_episode_length": 71.5,
  "min_eval_reward": -126.39041787677493,
  "max_eval_reward": -88.11785472780254
}