{
  "eval_episodes": 10,
  "episode_rewards": [
    -107.09676498722689,
    -118.44852743168362,
    -123.56764911506355,
    -101.51534711743565,
    -96.24814209069673,
    -112.10672676994052,
    -95.15120284684933,
    -36.96413927017308,
    -76.8268883852486,
    -94.00549978462256
  ],
  "episode_lengths": [
    94,
    109,
    101,
    103,
    119,
    104,
    104,
    81,
    85,
    98
  ],
  "mean_eval_reward": -96.19308877989405,
  "mean_episode_length": 99.8,
  "min_eval_reward": -123.56764911506355,
  "max_eval_reward": -36.96413927017308
}