{
  "eval_episodes": 10,
  "episode_rewards": [
    225.73784941711997,
    254.09201296327456,
    253.38413880391676,
    221.4902558699253,
    269.2883204705166,
    282.4668554908497,
    269.7760979195321,
    260.68366345301865,
    277.4905319505772,
    109.65252460461572
  ],
  "episode_lengths": [
    368,
    352,
    394,
    378,
    348,
    951,
    336,
    355,
    336,
    1000
  ],
  "mean_eval_reward": 242.40622509433464,
  "mean_episode_length": 481.8,
  "min_eval_reward": 109.65252460461572,
  "max_eval_reward": 282.4668554908497
}