{
  "eval_episodes": 20,
  "eval_seed_offset": 10000,
  "eval_seeds": [
    10000,
    10001,
    10002,
    10003,
    10004,
    10005,
    10006,
    10007,
    10008,
    10009,
    10010,
    10011,
    10012,
    10013,
    10014,
    10015,
    10016,
    10017,
    10018,
    10019
  ],
  "episode_rewards": [
    -149.94226002826656,
    -191.63857060962494,
    -185.9310601884551,
    -40.07165129708359,
    -15.602096528701423,
    -207.27480970643273,
    -147.1855746525605,
    -174.25867521256725,
    -199.37247653003533,
    -37.07649973870654,
    -197.77364212001333,
    -165.69361334853448,
    -110.63914743681391,
    -200.24391356083368,
    -258.62371038938613,
    -5.7922693828921155,
    -186.34801789745907,
    -175.57921719072823,
    -273.3174269692713,
    -299.21264538439505
  ],
  "episode_lengths": [
    60,
    75,
    81,
    78,
    98,
    73,
    87,
    82,
    75,
    90,
    77,
    69,
    78,
    69,
    85,
    103,
    62,
    55,
    67,
    93
  ],
  "episode_terminated": [
    true,
    true,
    true,
    true,
    true,
    true,
    true,
    true,
    true,
    true,
    true,
    true,
    true,
    true,
    true,
    true,
    true,
    true,
    true,
    true
  ],
  "mean_eval_reward": -161.07886390863806,
  "mean_episode_length": 77.85,
  "min_eval_reward": -299.21264538439505,
  "max_eval_reward": -5.7922693828921155,
  "termination_breakdown": {
    "terminated": 20,
    "truncated": 0
  }
}