{
  "eval_episodes": 20,
  "eval_seed_offset": 10000,
  "eval_seeds": [
    10000,
    10001,
    10002,
    10003,
    10004,
    10005,
    10006,
    10007,
    10008,
    10009,
    10010,
    10011,
    10012,
    10013,
    10014,
    10015,
    10016,
    10017,
    10018,
    10019
  ],
  "episode_rewards": [
    71.1808389724488,
    209.76537757705154,
    197.78596888267384,
    199.94581894646427,
    78.86570018985908,
    29.493663739005832,
    20.249122043521716,
    -6.556012186465409,
    32.32148172473572,
    98.31411884337858,
    218.96542212728016,
    198.5705190034177,
    249.16722203895227,
    166.25719401327865,
    158.37158941135084,
    194.86280117656503,
    -175.78905651948241,
    4.2814706648981655,
    102.26472063313486,
    120.58993474734596
  ],
  "episode_lengths": [
    1000,
    306,
    279,
    374,
    1000,
    1000,
    1000,
    180,
    1000,
    1000,
    717,
    467,
    319,
    414,
    634,
    968,
    554,
    165,
    587,
    625
  ],
  "episode_terminated": [
    false,
    true,
    true,
    true,
    false,
    false,
    false,
    true,
    false,
    false,
    true,
    true,
    true,
    true,
    true,
    true,
    true,
    true,
    true,
    true
  ],
  "mean_eval_reward": 108.44539480147075,
  "mean_episode_length": 629.45,
  "min_eval_reward": -175.78905651948241,
  "max_eval_reward": 249.16722203895227,
  "termination_breakdown": {
    "terminated": 14,
    "truncated": 6
  },
  "final_policy_component_evaluation": {
    "approach_landing_reward": {
      "episode_sum_mean": 606.6639776963262,
      "episode_abs_sum_mean": 606.6639776963262,
      "signed_contribution_share": 0.9546062066619958,
      "magnitude_share": 0.9546062066619958,
      "active_rate": 0.8902216220509969
    },
    "distance_cost": {
      "episode_sum_mean": -14.082863588897217,
      "episode_abs_sum_mean": 14.082863588897217,
      "signed_contribution_share": -0.02215986029133393,
      "magnitude_share": 0.02215986029133393,
      "active_rate": 1.0
    },
    "stability_cost": {
      "episode_sum_mean": -14.765450026676751,
      "episode_abs_sum_mean": 14.765450026676751,
      "signed_contribution_share": -0.02323393304667035,
      "magnitude_share": 0.02323393304667035,
      "active_rate": 1.0
    }
  },
  "final_policy_component_error_count": 0
}