{
  "eval_episodes": 20,
  "eval_seed_offset": 10000,
  "eval_seeds": [
    10000,
    10001,
    10002,
    10003,
    10004,
    10005,
    10006,
    10007,
    10008,
    10009,
    10010,
    10011,
    10012,
    10013,
    10014,
    10015,
    10016,
    10017,
    10018,
    10019
  ],
  "episode_rewards": [
    281.31053684120394,
    275.2540857895458,
    40.20417331245605,
    277.7420890312852,
    278.34435941049736,
    277.380327208372,
    118.91677687797124,
    277.6689123643536,
    44.28164837682448,
    -8.402584933235033,
    -89.73546828426173,
    277.9279292835439,
    277.88003646882265,
    -18.4805088709072,
    279.46047951726086,
    -102.72131598604719,
    2.195551383951681,
    -20.5733857630498,
    274.37211816083135,
    154.71278791669008
  ],
  "episode_lengths": [
    1156,
    1234,
    872,
    1194,
    1189,
    1192,
    968,
    1188,
    665,
    481,
    133,
    1198,
    1202,
    415,
    1184,
    109,
    513,
    457,
    1259,
    1152
  ],
  "episode_terminated": [
    true,
    true,
    true,
    true,
    true,
    true,
    true,
    true,
    true,
    true,
    true,
    true,
    true,
    true,
    true,
    true,
    true,
    true,
    true,
    true
  ],
  "mean_eval_reward": 144.88692740530547,
  "mean_episode_length": 888.05,
  "min_eval_reward": -102.72131598604719,
  "max_eval_reward": 281.31053684120394,
  "termination_breakdown": {
    "terminated": 20,
    "truncated": 0
  }
}