{
  "eval_episodes": 20,
  "eval_seed_offset": 10000,
  "eval_seeds": [
    10000,
    10001,
    10002,
    10003,
    10004,
    10005,
    10006,
    10007,
    10008,
    10009,
    10010,
    10011,
    10012,
    10013,
    10014,
    10015,
    10016,
    10017,
    10018,
    10019
  ],
  "episode_rewards": [
    -102.86792991738562,
    -116.7283558832377,
    -106.74885825014076,
    -107.76710564195184,
    -106.29874278316814,
    -115.49304027093882,
    -117.78729758471596,
    -111.31074349833634,
    -118.40840319544247,
    -113.07469358440059,
    -101.98809782035998,
    -115.71340677335985,
    -127.09676930484825,
    -116.11310311866362,
    -103.57769151514816,
    -105.01462730611652,
    -110.11942166685458,
    -100.44548744295774,
    -102.6327025017282,
    -129.03583558317177
  ],
  "episode_lengths": [
    57,
    76,
    81,
    61,
    83,
    74,
    78,
    81,
    76,
    74,
    52,
    59,
    67,
    69,
    60,
    82,
    62,
    54,
    54,
    68
  ],
  "episode_terminated": [
    true,
    true,
    true,
    true,
    true,
    true,
    true,
    true,
    true,
    true,
    true,
    true,
    true,
    true,
    true,
    true,
    true,
    true,
    true,
    true
  ],
  "mean_eval_reward": -111.41111568214635,
  "mean_episode_length": 68.4,
  "min_eval_reward": -129.03583558317177,
  "max_eval_reward": -100.44548744295774,
  "termination_breakdown": {
    "terminated": 20,
    "truncated": 0
  },
  "final_policy_component_evaluation": {
    "distance_reward": {
      "episode_sum_mean": -66.45951518062502,
      "episode_abs_sum_mean": 66.45951518062502,
      "signed_contribution_share": -0.8939095652313217,
      "magnitude_share": 0.8939095652313217,
      "active_rate": 1.0
    },
    "soft_landing_reward": {
      "episode_sum_mean": 0.29305062874055143,
      "episode_abs_sum_mean": 0.29305062874055143,
      "signed_contribution_share": 0.003941659210366936,
      "magnitude_share": 0.003941659210366936,
      "active_rate": 0.9605263157894737
    },
    "stability_penalty": {
      "episode_sum_mean": -7.594457385790565,
      "episode_abs_sum_mean": 7.594457385790565,
      "signed_contribution_share": -0.10214877555831126,
      "magnitude_share": 0.10214877555831126,
      "active_rate": 1.0
    }
  },
  "final_policy_component_error_count": 0
}