{
  "eval_episodes": 20,
  "eval_seed_offset": 10000,
  "eval_seeds": [
    10000,
    10001,
    10002,
    10003,
    10004,
    10005,
    10006,
    10007,
    10008,
    10009,
    10010,
    10011,
    10012,
    10013,
    10014,
    10015,
    10016,
    10017,
    10018,
    10019
  ],
  "episode_rewards": [
    -139.13785702027025,
    -78.63106966011148,
    -47.881227491740596,
    -213.27863679164255,
    -200.83402145215518,
    -204.6003256886434,
    -126.99806420085616,
    -85.06423139791625,
    -201.76407311750643,
    -114.94780043717901,
    -84.28850739452915,
    -111.8559180503291,
    -127.15170454859934,
    -92.38877553539535,
    -154.43536348949442,
    -190.45722443060455,
    -181.40458421603304,
    -79.81055292085323,
    -154.15648229334172,
    -178.37003457068573
  ],
  "episode_lengths": [
    419,
    1000,
    1000,
    821,
    806,
    747,
    484,
    1000,
    640,
    445,
    226,
    423,
    474,
    1000,
    512,
    691,
    595,
    1000,
    516,
    567
  ],
  "episode_terminated": [
    true,
    false,
    false,
    true,
    true,
    true,
    true,
    false,
    true,
    true,
    true,
    true,
    true,
    false,
    true,
    true,
    true,
    false,
    true,
    true
  ],
  "mean_eval_reward": -138.37282273539435,
  "mean_episode_length": 668.3,
  "min_eval_reward": -213.27863679164255,
  "max_eval_reward": -47.881227491740596,
  "termination_breakdown": {
    "terminated": 15,
    "truncated": 5
  },
  "final_policy_component_evaluation": {
    "contact_bonus": {
      "episode_sum_mean": 0.0,
      "episode_abs_sum_mean": 0.0,
      "signed_contribution_share": 0.0,
      "magnitude_share": 0.0,
      "active_rate": 0.0
    },
    "orientation_penalty": {
      "episode_sum_mean": -0.24824593827211058,
      "episode_abs_sum_mean": 0.24824593827211058,
      "signed_contribution_share": -0.006930509875996939,
      "magnitude_share": 0.006930509875996939,
      "active_rate": 1.0
    },
    "progress_reward": {
      "episode_sum_mean": 0.611853051185608,
      "episode_abs_sum_mean": 1.5031652688980102,
      "signed_contribution_share": 0.01708166362525785,
      "magnitude_share": 0.041965245489471274,
      "active_rate": 1.0
    },
    "velocity_penalty": {
      "episode_sum_mean": -34.067878096764524,
      "episode_abs_sum_mean": 34.067878096764524,
      "signed_contribution_share": -0.9511042446345318,
      "magnitude_share": 0.9511042446345318,
      "active_rate": 1.0
    }
  },
  "final_policy_component_error_count": 0
}