{
  "eval_episodes": 10,
  "episode_rewards": [
    -78.19041885178173,
    -89.59922740763164,
    -92.65930878190105,
    -110.09284569425088,
    -92.39663211100151,
    -102.44446045041613,
    -112.13508851347002,
    -101.75940913368788,
    -115.60849314919656,
    -124.3392601734844
  ],
  "episode_lengths": [
    91,
    113,
    110,
    79,
    129,
    94,
    74,
    52,
    59,
    67
  ],
  "mean_eval_reward": -101.92251442668218,
  "mean_episode_length": 86.8,
  "min_eval_reward": -124.3392601734844,
  "max_eval_reward": -78.19041885178173
}