{
  "eval_episodes": 20,
  "eval_seed_offset": 10000,
  "eval_seeds": [
    10000,
    10001,
    10002,
    10003,
    10004,
    10005,
    10006,
    10007,
    10008,
    10009,
    10010,
    10011,
    10012,
    10013,
    10014,
    10015,
    10016,
    10017,
    10018,
    10019
  ],
  "episode_rewards": [
    207.19897984524823,
    229.43073427835967,
    131.65865278188113,
    139.54090412101607,
    240.7875668336875,
    123.43547684686146,
    -24.83409063937259,
    252.33648435406096,
    159.12053607132975,
    199.12435123665767,
    -84.83016186168258,
    64.4978576089343,
    257.01670182215025,
    16.6634807065019,
    158.27720908579158,
    235.00330323795419,
    -43.126107118064496,
    215.18244016943885,
    208.91150748044123,
    120.00244197194394
  ],
  "episode_lengths": [
    380,
    342,
    1000,
    450,
    378,
    516,
    423,
    354,
    391,
    425,
    456,
    1000,
    499,
    228,
    463,
    374,
    351,
    279,
    423,
    545
  ],
  "episode_terminated": [
    true,
    true,
    false,
    true,
    true,
    true,
    true,
    true,
    true,
    true,
    true,
    false,
    true,
    true,
    true,
    true,
    true,
    true,
    true,
    true
  ],
  "mean_eval_reward": 140.26991344165694,
  "mean_episode_length": 463.85,
  "min_eval_reward": -84.83016186168258,
  "max_eval_reward": 257.01670182215025,
  "termination_breakdown": {
    "terminated": 18,
    "truncated": 2
  },
  "final_policy_component_evaluation": {
    "ang_penalty": {
      "episode_sum_mean": 2.388865676522255,
      "episode_abs_sum_mean": 2.388865676522255,
      "signed_contribution_share": 0.001135890037257046,
      "magnitude_share": 0.001135890037257046,
      "active_rate": 0.09259458876792066
    },
    "contact_reward": {
      "episode_sum_mean": 2085.0,
      "episode_abs_sum_mean": 2085.0,
      "signed_contribution_share": 0.9914038913769277,
      "magnitude_share": 0.9914038913769277,
      "active_rate": 0.22474938018756063
    },
    "progress": {
      "episode_sum_mean": 12.121821740269661,
      "episode_abs_sum_mean": 15.6894237421453,
      "signed_contribution_share": 0.005763847119367283,
      "magnitude_share": 0.007460218585815065,
      "active_rate": 0.9803815888757141
    },
    "vel_penalty": {
      "episode_sum_mean": 0.0,
      "episode_abs_sum_mean": 0.0,
      "signed_contribution_share": 0.0,
      "magnitude_share": 0.0,
      "active_rate": 0.0
    }
  },
  "final_policy_component_error_count": 0
}