{
  "eval_episodes": 10,
  "episode_rewards": [
    119.46745407986712,
    130.25619041565795,
    118.75663406167828,
    148.5019952916054,
    143.76591176341833,
    116.8527754545686,
    157.3718165989698,
    177.59206729994406,
    162.00565907796332,
    149.4787137704636
  ],
  "episode_lengths": [
    1000,
    1000,
    1000,
    1000,
    1000,
    1000,
    1000,
    1000,
    1000,
    1000
  ],
  "mean_eval_reward": 142.40492178141363,
  "mean_episode_length": 1000,
  "min_eval_reward": 116.8527754545686,
  "max_eval_reward": 177.59206729994406
}