{
  "eval_episodes": 20,
  "eval_seed_offset": 10000,
  "eval_seeds": [
    10000,
    10001,
    10002,
    10003,
    10004,
    10005,
    10006,
    10007,
    10008,
    10009,
    10010,
    10011,
    10012,
    10013,
    10014,
    10015,
    10016,
    10017,
    10018,
    10019
  ],
  "episode_rewards": [
    154.42227367902157,
    228.77511202909056,
    19.939218221755723,
    -172.40241733786652,
    190.2982112010539,
    203.0599809102892,
    118.55296970112092,
    227.5736620940354,
    -193.05549792247223,
    3.550000934638483,
    3.383434189004609,
    -43.367032824863095,
    150.17219045425043,
    31.52357296268869,
    -136.8872055767342,
    25.24096455096892,
    -246.39196139097234,
    229.08085451121013,
    192.17436233046857,
    -255.0004365251393
  ],
  "episode_lengths": [
    705,
    296,
    193,
    661,
    481,
    372,
    903,
    300,
    801,
    1000,
    1000,
    1000,
    749,
    182,
    1000,
    1000,
    975,
    277,
    482,
    959
  ],
  "episode_terminated": [
    true,
    true,
    true,
    true,
    true,
    true,
    true,
    true,
    true,
    false,
    false,
    false,
    true,
    true,
    false,
    false,
    true,
    true,
    true,
    true
  ],
  "mean_eval_reward": 36.53211280957747,
  "mean_episode_length": 666.8,
  "min_eval_reward": -255.0004365251393,
  "max_eval_reward": 229.08085451121013,
  "termination_breakdown": {
    "terminated": 15,
    "truncated": 5
  },
  "final_policy_component_evaluation": {
    "contact_reward": {
      "episode_sum_mean": 90.20787552595138,
      "episode_abs_sum_mean": 90.20787552595138,
      "signed_contribution_share": 0.34806768611691213,
      "magnitude_share": 0.34806768611691213,
      "active_rate": 0.06793641271745651
    },
    "goal_proximity": {
      "episode_sum_mean": -161.16906028355007,
      "episode_abs_sum_mean": 161.16906028355007,
      "signed_contribution_share": -0.6218718882299137,
      "magnitude_share": 0.6218718882299137,
      "active_rate": 1.0
    },
    "orientation_penalty": {
      "episode_sum_mean": -1.2331668192723577,
      "episode_abs_sum_mean": 1.2331668192723577,
      "signed_contribution_share": -0.004758182352457691,
      "magnitude_share": 0.004758182352457691,
      "active_rate": 1.0
    },
    "velocity_penalty": {
      "episode_sum_mean": -6.5575223016586435,
      "episode_abs_sum_mean": 6.5575223016586435,
      "signed_contribution_share": -0.02530224330071651,
      "magnitude_share": 0.02530224330071651,
      "active_rate": 0.9980503899220156
    }
  },
  "final_policy_component_error_count": 0
}