{
  "eval_episodes": 10,
  "episode_rewards": [
    -197.71104324357506,
    -225.79431001506165,
    -205.66683068861866,
    -236.45679876529584,
    -241.4201449712237,
    -246.07344424503697,
    -201.68441327020108,
    -224.12635275989396,
    -245.48191504657356,
    -196.58337037616832
  ],
  "episode_lengths": [
    1000,
    1000,
    1000,
    1000,
    1000,
    1000,
    1000,
    1000,
    1000,
    1000
  ],
  "mean_eval_reward": -222.09986233816488,
  "mean_episode_length": 1000,
  "min_eval_reward": -246.07344424503697,
  "max_eval_reward": -196.58337037616832
}