{
  "eval_episodes": 20,
  "eval_seed_offset": 10000,
  "eval_seeds": [
    10000,
    10001,
    10002,
    10003,
    10004,
    10005,
    10006,
    10007,
    10008,
    10009,
    10010,
    10011,
    10012,
    10013,
    10014,
    10015,
    10016,
    10017,
    10018,
    10019
  ],
  "episode_rewards": [
    236.35313194876093,
    253.97772827720723,
    274.57648590908514,
    222.9965854638868,
    230.30368914358888,
    215.14528601776414,
    249.33968114812416,
    245.22368788824292,
    215.5931627239122,
    260.1163521989738,
    268.4702075209095,
    257.4390304313066,
    255.60877196528108,
    272.3788472569132,
    234.54463096483846,
    214.80984373781445,
    202.33652787168558,
    251.60784692296914,
    238.29960492244075,
    218.98572850691764
  ],
  "episode_lengths": [
    395,
    410,
    412,
    412,
    430,
    419,
    415,
    452,
    414,
    422,
    429,
    389,
    407,
    400,
    365,
    472,
    474,
    399,
    402,
    385
  ],
  "episode_terminated": [
    true,
    true,
    true,
    true,
    true,
    true,
    true,
    true,
    true,
    true,
    true,
    true,
    true,
    true,
    true,
    true,
    true,
    true,
    true,
    true
  ],
  "mean_eval_reward": 240.90534154103113,
  "mean_episode_length": 415.15,
  "min_eval_reward": 202.33652787168558,
  "max_eval_reward": 274.57648590908514,
  "termination_breakdown": {
    "terminated": 20,
    "truncated": 0
  }
}