{
  "eval_episodes": 10,
  "episode_rewards": [
    -78.38433101561665,
    -75.51265902662773,
    -75.01335764713524,
    -74.92740438621615,
    -73.21827749604732,
    -74.42999941987108,
    -75.79185627944581,
    -74.11505059103233,
    -80.2324963303438,
    -78.49720634196078
  ],
  "episode_lengths": [
    96,
    108,
    108,
    108,
    110,
    109,
    107,
    109,
    92,
    97
  ],
  "mean_eval_reward": -76.01226385342969,
  "mean_episode_length": 104.4,
  "min_eval_reward": -80.2324963303438,
  "max_eval_reward": -73.21827749604732
}