{
  "eval_episodes": 20,
  "eval_seed_offset": 10000,
  "eval_seeds": [
    10000,
    10001,
    10002,
    10003,
    10004,
    10005,
    10006,
    10007,
    10008,
    10009,
    10010,
    10011,
    10012,
    10013,
    10014,
    10015,
    10016,
    10017,
    10018,
    10019
  ],
  "episode_rewards": [
    109.01331844726333,
    123.47423509792763,
    142.96752909810294,
    83.7330327490867,
    102.91491746440158,
    82.38332238412669,
    115.05935174891205,
    118.9621735247841,
    89.416162702864,
    123.72613048723093,
    136.510845710078,
    122.06313947411762,
    124.30716043569738,
    143.24940194680426,
    105.04407476080334,
    91.5534972062894,
    92.2733396723476,
    115.51204142033245,
    109.23736845141138,
    86.38869796686858
  ],
  "episode_lengths": [
    1000,
    1000,
    1000,
    1000,
    1000,
    1000,
    1000,
    1000,
    1000,
    1000,
    1000,
    1000,
    1000,
    1000,
    1000,
    1000,
    1000,
    1000,
    1000,
    1000
  ],
  "episode_terminated": [
    false,
    false,
    false,
    false,
    false,
    false,
    false,
    false,
    false,
    false,
    false,
    false,
    false,
    false,
    false,
    false,
    false,
    false,
    false,
    false
  ],
  "mean_eval_reward": 110.8894870374725,
  "mean_episode_length": 1000,
  "min_eval_reward": 82.38332238412669,
  "max_eval_reward": 143.24940194680426,
  "termination_breakdown": {
    "terminated": 0,
    "truncated": 20
  },
  "final_policy_component_evaluation": {
    "contact": {
      "episode_sum_mean": 290.45,
      "episode_abs_sum_mean": 290.45,
      "signed_contribution_share": 0.2247907747326895,
      "magnitude_share": 0.2247907747326895,
      "active_rate": 0.4313
    },
    "progress": {
      "episode_sum_mean": 7.628805203517549,
      "episode_abs_sum_mean": 7.628805203517549,
      "signed_contribution_share": 0.005904234918173465,
      "magnitude_share": 0.005904234918173465,
      "active_rate": 0.6955
    },
    "stability": {
      "episode_sum_mean": 994.0115857183933,
      "episode_abs_sum_mean": 994.0115857183933,
      "signed_contribution_share": 0.769304990349137,
      "magnitude_share": 0.769304990349137,
      "active_rate": 1.0
    }
  },
  "final_policy_component_error_count": 0
}