{
  "eval_episodes": 20,
  "eval_seed_offset": 10000,
  "eval_seeds": [
    10000,
    10001,
    10002,
    10003,
    10004,
    10005,
    10006,
    10007,
    10008,
    10009,
    10010,
    10011,
    10012,
    10013,
    10014,
    10015,
    10016,
    10017,
    10018,
    10019
  ],
  "episode_rewards": [
    -22.75273328726544,
    30.9573080946344,
    298.3268039769583,
    103.19662728898544,
    -42.89944862681919,
    201.1813130279291,
    -9.506298026095166,
    -8.954902248098541,
    233.88986754109268,
    3.70097303828084,
    22.817160398323637,
    215.67997460946353,
    261.5221233650872,
    270.97011460516853,
    242.31662147511074,
    226.91596672681993,
    -35.83067359295765,
    270.25794654443905,
    -32.72123114164765,
    -42.22438210429325
  ],
  "episode_lengths": [
    1000,
    1000,
    298,
    1000,
    1000,
    325,
    1000,
    1000,
    325,
    1000,
    260,
    612,
    458,
    236,
    350,
    362,
    1000,
    284,
    1000,
    1000
  ],
  "episode_terminated": [
    false,
    false,
    true,
    false,
    false,
    true,
    false,
    false,
    true,
    false,
    true,
    true,
    true,
    true,
    true,
    true,
    false,
    true,
    false,
    false
  ],
  "mean_eval_reward": 109.34215658325583,
  "mean_episode_length": 675.5,
  "min_eval_reward": -42.89944862681919,
  "max_eval_reward": 298.3268039769583,
  "termination_breakdown": {
    "terminated": 10,
    "truncated": 10
  },
  "final_policy_component_evaluation": {
    "contact_reward": {
      "episode_sum_mean": 43.76162023544312,
      "episode_abs_sum_mean": 43.76162023544312,
      "signed_contribution_share": 0.2564312360545652,
      "magnitude_share": 0.2564312360545652,
      "active_rate": 0.03545521835677276
    },
    "goal_proximity": {
      "episode_sum_mean": -117.65593205009331,
      "episode_abs_sum_mean": 117.65593205009331,
      "signed_contribution_share": -0.6894318794056383,
      "magnitude_share": 0.6894318794056383,
      "active_rate": 1.0
    },
    "orientation_penalty": {
      "episode_sum_mean": -0.8333078156050814,
      "episode_abs_sum_mean": 0.8333078156050814,
      "signed_contribution_share": -0.004882957989669529,
      "magnitude_share": 0.004882957989669529,
      "active_rate": 1.0
    },
    "velocity_penalty": {
      "episode_sum_mean": -8.405495609483458,
      "episode_abs_sum_mean": 8.405495609483458,
      "signed_contribution_share": -0.049253926550126934,
      "magnitude_share": 0.049253926550126934,
      "active_rate": 0.9936343449296817
    }
  },
  "final_policy_component_error_count": 0
}