{
  "eval_episodes": 10,
  "episode_rewards": [
    -109.53096397583882,
    -110.81614228161422,
    -118.47294862897064,
    -124.07914894482107,
    -118.84758571635567,
    -113.2946373955547,
    -112.6580984781962,
    -95.05909309317079,
    -98.05724253030002,
    -124.83957022608257
  ],
  "episode_lengths": [
    61,
    83,
    74,
    78,
    81,
    76,
    74,
    52,
    60,
    67
  ],
  "mean_eval_reward": -112.56554312709046,
  "mean_episode_length": 70.6,
  "min_eval_reward": -124.83957022608257,
  "max_eval_reward": -95.05909309317079
}