{
  "eval_episodes": 20,
  "eval_seed_offset": 10000,
  "eval_seeds": [
    10000,
    10001,
    10002,
    10003,
    10004,
    10005,
    10006,
    10007,
    10008,
    10009,
    10010,
    10011,
    10012,
    10013,
    10014,
    10015,
    10016,
    10017,
    10018,
    10019
  ],
  "episode_rewards": [
    -104.69384159947657,
    -115.39970593268316,
    -106.73431256352366,
    -105.9040738875434,
    -105.56691204591118,
    -113.33461428110795,
    -94.86570648646976,
    -108.82500473528945,
    -114.64583827656679,
    -100.88475997657838,
    -87.27976549250924,
    -93.46173585834184,
    -118.92236072382289,
    -118.26199613854776,
    -96.96642570427102,
    -100.77569724719939,
    -107.05956437873351,
    -92.18116353068659,
    -84.69545285794274,
    -113.29588161968326
  ],
  "episode_lengths": [
    57,
    76,
    81,
    61,
    83,
    74,
    79,
    81,
    76,
    74,
    52,
    60,
    67,
    69,
    60,
    82,
    62,
    54,
    55,
    68
  ],
  "episode_terminated": [
    true,
    true,
    true,
    true,
    true,
    true,
    true,
    true,
    true,
    true,
    true,
    true,
    true,
    true,
    true,
    true,
    true,
    true,
    true,
    true
  ],
  "mean_eval_reward": -104.18774066684443,
  "mean_episode_length": 68.55,
  "min_eval_reward": -118.92236072382289,
  "max_eval_reward": -84.69545285794274,
  "termination_breakdown": {
    "terminated": 20,
    "truncated": 0
  },
  "final_policy_component_evaluation": {
    "global_speed_penalty": {
      "episode_sum_mean": -0.9166939902845086,
      "episode_abs_sum_mean": 0.9166939902845086,
      "signed_contribution_share": -0.1199596385670486,
      "magnitude_share": 0.1199596385670486,
      "active_rate": 1.0
    },
    "progress_reward": {
      "episode_sum_mean": 1.679642310552299,
      "episode_abs_sum_mean": 1.7402144892141223,
      "signed_contribution_share": 0.21979994047221932,
      "magnitude_share": 0.2277264860114083,
      "active_rate": 1.0
    },
    "soft_landing": {
      "episode_sum_mean": -4.490754603905225,
      "episode_abs_sum_mean": 4.984778351461136,
      "signed_contribution_share": -0.587665354946403,
      "magnitude_share": 0.6523138754215432,
      "active_rate": 1.0
    }
  },
  "final_policy_component_error_count": 0
}