{
  "eval_episodes": 10,
  "episode_rewards": [
    238.7560803981489,
    247.56813374408634,
    239.7816706027534,
    268.84107267169765,
    269.53126277366334,
    235.4245304917904,
    278.14255073503693,
    288.4350094909213,
    278.9307108628909,
    260.95693536176867
  ],
  "episode_lengths": [
    320,
    330,
    310,
    325,
    289,
    316,
    313,
    315,
    319,
    307
  ],
  "mean_eval_reward": 260.6367957132758,
  "mean_episode_length": 314.4,
  "min_eval_reward": 235.4245304917904,
  "max_eval_reward": 288.4350094909213
}