{
  "eval_episodes": 20,
  "eval_seed_offset": 10000,
  "eval_seeds": [
    10000,
    10001,
    10002,
    10003,
    10004,
    10005,
    10006,
    10007,
    10008,
    10009,
    10010,
    10011,
    10012,
    10013,
    10014,
    10015,
    10016,
    10017,
    10018,
    10019
  ],
  "episode_rewards": [
    -128.61124225519526,
    8.703268716512795,
    -469.05703647957245,
    -122.83347125192714,
    -132.61244339651853,
    -136.391793805012,
    -135.39946471637077,
    3.0755134181108588,
    -151.3350033926734,
    -173.50159771786764,
    -135.47926947398003,
    10.136052098290264,
    -163.1360961654524,
    -176.16670193809136,
    -121.58097207691134,
    -110.63283231780022,
    -111.80662566871285,
    -84.43946565203157,
    -111.02888515715506,
    -144.39876344372195
  ],
  "episode_lengths": [
    57,
    85,
    83,
    61,
    83,
    74,
    78,
    91,
    75,
    73,
    51,
    65,
    67,
    70,
    60,
    82,
    62,
    54,
    54,
    68
  ],
  "episode_terminated": [
    true,
    true,
    true,
    true,
    true,
    true,
    true,
    true,
    true,
    true,
    true,
    true,
    true,
    true,
    true,
    true,
    true,
    true,
    true,
    true
  ],
  "mean_eval_reward": -129.324841533804,
  "mean_episode_length": 69.65,
  "min_eval_reward": -469.05703647957245,
  "max_eval_reward": 10.136052098290264,
  "termination_breakdown": {
    "terminated": 20,
    "truncated": 0
  },
  "final_policy_component_evaluation": {
    "fuel_penalty": {
      "episode_sum_mean": -0.13749999999999996,
      "episode_abs_sum_mean": 0.13749999999999996,
      "signed_contribution_share": -0.022354392665316785,
      "magnitude_share": 0.022354392665316785,
      "active_rate": 0.03948312993539124
    },
    "landing_reward": {
      "episode_sum_mean": 0.11400762111879885,
      "episode_abs_sum_mean": 0.11400762111879885,
      "signed_contribution_share": 0.01853506275875122,
      "magnitude_share": 0.01853506275875122,
      "active_rate": 0.03732950466618808
    },
    "progress": {
      "episode_sum_mean": 5.707312007248402,
      "episode_abs_sum_mean": 5.899408758431673,
      "signed_contribution_share": 0.92787995398915,
      "magnitude_share": 0.9591105445759319,
      "active_rate": 1.0
    }
  },
  "final_policy_component_error_count": 0
}