{
  "eval_episodes": 20,
  "eval_seed_offset": 10000,
  "eval_seeds": [
    10000,
    10001,
    10002,
    10003,
    10004,
    10005,
    10006,
    10007,
    10008,
    10009,
    10010,
    10011,
    10012,
    10013,
    10014,
    10015,
    10016,
    10017,
    10018,
    10019
  ],
  "episode_rewards": [
    254.44645644004873,
    274.0776095888973,
    296.62229034939503,
    242.7317253871546,
    250.45073088946856,
    239.44378721446097,
    267.06657651099016,
    266.4546156385777,
    236.54962283636615,
    275.6562779802455,
    292.7594060618138,
    275.404368297716,
    265.75710822155224,
    296.53777200172505,
    251.3092763867267,
    239.9235846533416,
    230.87867140753065,
    269.0978704310519,
    255.3179804693037,
    233.81325397521056
  ],
  "episode_lengths": [
    327,
    316,
    305,
    313,
    332,
    322,
    325,
    285,
    322,
    320,
    300,
    318,
    964,
    295,
    297,
    324,
    296,
    282,
    283,
    302
  ],
  "episode_terminated": [
    true,
    true,
    true,
    true,
    true,
    true,
    true,
    true,
    true,
    true,
    true,
    true,
    true,
    true,
    true,
    true,
    true,
    true,
    true,
    true
  ],
  "mean_eval_reward": 260.7149492370788,
  "mean_episode_length": 341.4,
  "min_eval_reward": 230.87867140753065,
  "max_eval_reward": 296.62229034939503,
  "termination_breakdown": {
    "terminated": 20,
    "truncated": 0
  },
  "final_policy_component_evaluation": {
    "fuel_penalty": {
      "episode_sum_mean": -10.005000000000008,
      "episode_abs_sum_mean": 10.005000000000008,
      "signed_contribution_share": -0.03377066964511639,
      "magnitude_share": 0.03377066964511639,
      "active_rate": 0.5861159929701231
    },
    "proximity_reward": {
      "episode_sum_mean": 262.88584659952215,
      "episode_abs_sum_mean": 262.88584659952215,
      "signed_contribution_share": 0.887339438269785,
      "magnitude_share": 0.887339438269785,
      "active_rate": 1.0
    },
    "rotation_penalty": {
      "episode_sum_mean": -2.006625447914543,
      "episode_abs_sum_mean": 2.006625447914543,
      "signed_contribution_share": -0.006773121949325904,
      "magnitude_share": 0.006773121949325904,
      "active_rate": 0.997070884592853
    },
    "tilt_penalty": {
      "episode_sum_mean": -13.043223420088726,
      "episode_abs_sum_mean": 13.043223420088726,
      "signed_contribution_share": -0.044025826009721256,
      "magnitude_share": 0.044025826009721256,
      "active_rate": 1.0
    },
    "velocity_penalty": {
      "episode_sum_mean": -8.322307461906888,
      "episode_abs_sum_mean": 8.322307461906888,
      "signed_contribution_share": -0.02809094412605141,
      "magnitude_share": 0.02809094412605141,
      "active_rate": 0.997070884592853
    }
  },
  "final_policy_component_error_count": 0
}