{
  "eval_episodes": 20,
  "eval_seed_offset": 10000,
  "eval_seeds": [
    10000,
    10001,
    10002,
    10003,
    10004,
    10005,
    10006,
    10007,
    10008,
    10009,
    10010,
    10011,
    10012,
    10013,
    10014,
    10015,
    10016,
    10017,
    10018,
    10019
  ],
  "episode_rewards": [
    216.68140299726875,
    206.7152037051589,
    -37.62027226015843,
    112.98252793043555,
    207.1084486831058,
    217.92343941185405,
    -76.98096842738218,
    -59.31614085848692,
    184.38922369755224,
    -37.72231002068082,
    -64.00001417689,
    211.16840479709896,
    -84.80394333770877,
    -61.25117254174846,
    -37.17909630323538,
    243.0193908964981,
    87.41914770438434,
    -24.57329658422931,
    226.96588688467446,
    133.74992600438043
  ],
  "episode_lengths": [
    298,
    346,
    141,
    1000,
    270,
    256,
    239,
    162,
    307,
    243,
    228,
    233,
    273,
    168,
    227,
    283,
    1000,
    161,
    325,
    402
  ],
  "episode_terminated": [
    true,
    true,
    true,
    false,
    true,
    true,
    true,
    true,
    true,
    true,
    true,
    true,
    true,
    true,
    true,
    true,
    false,
    true,
    true,
    true
  ],
  "mean_eval_reward": 78.23378941009456,
  "mean_episode_length": 328.1,
  "min_eval_reward": -84.80394333770877,
  "max_eval_reward": 243.0193908964981,
  "termination_breakdown": {
    "terminated": 18,
    "truncated": 2
  },
  "final_policy_component_evaluation": {
    "distance_progress": {
      "episode_sum_mean": 1.5963755900014722,
      "episode_abs_sum_mean": 2.250507551458613,
      "signed_contribution_share": 0.007105873350987272,
      "magnitude_share": 0.010017580910323632,
      "active_rate": 0.9914660164583968
    },
    "landing_guidance": {
      "episode_sum_mean": 216.18307504603675,
      "episode_abs_sum_mean": 220.01692495396327,
      "signed_contribution_share": 0.9622857938479862,
      "magnitude_share": 0.9793512338754142,
      "active_rate": 0.999847607436757
    },
    "tilt_penalty": {
      "episode_sum_mean": -2.388357310994665,
      "episode_abs_sum_mean": 2.388357310994665,
      "signed_contribution_share": -0.010631185214262115,
      "magnitude_share": 0.010631185214262115,
      "active_rate": 1.0
    }
  },
  "final_policy_component_error_count": 0
}