{
  "eval_episodes": 20,
  "eval_seed_offset": 10000,
  "eval_seeds": [
    10000,
    10001,
    10002,
    10003,
    10004,
    10005,
    10006,
    10007,
    10008,
    10009,
    10010,
    10011,
    10012,
    10013,
    10014,
    10015,
    10016,
    10017,
    10018,
    10019
  ],
  "episode_rewards": [
    64.01265521094692,
    -492.1436586345218,
    -424.2265141646983,
    70.66039861233054,
    241.94009158839367,
    32.28130022156982,
    246.13600410486686,
    -404.24553397571015,
    26.4055191554033,
    247.18814661842768,
    79.8676357990272,
    190.98413188899968,
    43.64242209738643,
    -12.548380222874357,
    208.5329332981189,
    156.76818988320258,
    -96.63319722908325,
    -47.00285531091808,
    212.42865062863913,
    142.73078885893983
  ],
  "episode_lengths": [
    1000,
    126,
    122,
    1000,
    276,
    1000,
    431,
    120,
    1000,
    362,
    1000,
    971,
    295,
    120,
    636,
    561,
    1000,
    111,
    613,
    773
  ],
  "episode_terminated": [
    false,
    true,
    true,
    false,
    true,
    false,
    true,
    true,
    false,
    true,
    false,
    true,
    true,
    true,
    true,
    true,
    false,
    true,
    true,
    true
  ],
  "mean_eval_reward": 24.338936421422332,
  "mean_episode_length": 575.85,
  "min_eval_reward": -492.1436586345218,
  "max_eval_reward": 247.18814661842768,
  "termination_breakdown": {
    "terminated": 14,
    "truncated": 6
  },
  "final_policy_component_evaluation": {
    "angular_vel_penalty": {
      "episode_sum_mean": -2.1445770715076997,
      "episode_abs_sum_mean": 2.1445770715076997,
      "signed_contribution_share": -0.005392147556880812,
      "magnitude_share": 0.005392147556880812,
      "active_rate": 0.971954502040462
    },
    "landing_bonus": {
      "episode_sum_mean": 390.2871540904045,
      "episode_abs_sum_mean": 390.2871540904045,
      "signed_contribution_share": 0.9813058026079824,
      "magnitude_share": 0.9813058026079824,
      "active_rate": 0.06295042111661023
    },
    "shaped_progress": {
      "episode_sum_mean": 3.4940419925729964,
      "episode_abs_sum_mean": 5.290521221750338,
      "signed_contribution_share": 0.008785130758040842,
      "magnitude_share": 0.013302049835136808,
      "active_rate": 0.9923591212989494
    }
  },
  "final_policy_component_error_count": 0
}