{
  "eval_episodes": 20,
  "eval_seed_offset": 10000,
  "eval_seeds": [
    10000,
    10001,
    10002,
    10003,
    10004,
    10005,
    10006,
    10007,
    10008,
    10009,
    10010,
    10011,
    10012,
    10013,
    10014,
    10015,
    10016,
    10017,
    10018,
    10019
  ],
  "episode_rewards": [
    -23.26931338806004,
    -15.49383878753633,
    26.80364730398011,
    -19.001738666429684,
    -25.098220756362632,
    -27.119194025807456,
    -4.8472528238855395,
    -1.9934065739840579,
    -27.49850948256982,
    3.7539859878520976,
    25.606804136895548,
    7.430738086167301,
    7.307338385975305,
    21.303333487695326,
    -16.96359216806768,
    -22.731524444204865,
    -32.04332445760054,
    -3.1712787426144637,
    -12.91502473926254,
    -23.283180626933277
  ],
  "episode_lengths": [
    1000,
    1000,
    1000,
    1000,
    1000,
    1000,
    1000,
    1000,
    1000,
    1000,
    1000,
    1000,
    1000,
    1000,
    1000,
    1000,
    1000,
    1000,
    1000,
    1000
  ],
  "episode_terminated": [
    false,
    false,
    false,
    false,
    false,
    false,
    false,
    false,
    false,
    false,
    false,
    false,
    false,
    false,
    false,
    false,
    false,
    false,
    false,
    false
  ],
  "mean_eval_reward": -8.161177614737662,
  "mean_episode_length": 1000,
  "min_eval_reward": -32.04332445760054,
  "max_eval_reward": 26.80364730398011,
  "termination_breakdown": {
    "terminated": 0,
    "truncated": 20
  },
  "final_policy_component_evaluation": {
    "alignment": {
      "episode_sum_mean": 493.77920697927476,
      "episode_abs_sum_mean": 493.77920697927476,
      "signed_contribution_share": 0.9567950272314494,
      "magnitude_share": 0.9567950272314494,
      "active_rate": 1.0
    },
    "any_contact_reward": {
      "episode_sum_mean": 0.0,
      "episode_abs_sum_mean": 0.0,
      "signed_contribution_share": 0.0,
      "magnitude_share": 0.0,
      "active_rate": 0.0
    },
    "att_penalty": {
      "episode_sum_mean": -0.00468490082558679,
      "episode_abs_sum_mean": 0.00468490082558679,
      "signed_contribution_share": -9.077923390933906e-06,
      "magnitude_share": 9.077923390933906e-06,
      "active_rate": 0.01635
    },
    "height_near_reward": {
      "episode_sum_mean": 0.0,
      "episode_abs_sum_mean": 0.0,
      "signed_contribution_share": 0.0,
      "magnitude_share": 0.0,
      "active_rate": 0.0
    },
    "progress": {
      "episode_sum_mean": 6.624235291033983,
      "episode_abs_sum_mean": 7.48343682102859,
      "signed_contribution_share": 0.012835768084374628,
      "magnitude_share": 0.014500641249685937,
      "active_rate": 1.0
    },
    "stable_contact_reward": {
      "episode_sum_mean": 0.0,
      "episode_abs_sum_mean": 0.0,
      "signed_contribution_share": 0.0,
      "magnitude_share": 0.0,
      "active_rate": 0.0
    },
    "vel_penalty": {
      "episode_sum_mean": -0.019312377403459535,
      "episode_abs_sum_mean": 0.019312377403459535,
      "signed_contribution_share": -3.7421556846606274e-05,
      "magnitude_share": 3.7421556846606274e-05,
      "active_rate": 0.01335
    },
    "y_progress": {
      "episode_sum_mean": 13.406476000323892,
      "episode_abs_sum_mean": 14.789627010002732,
      "signed_contribution_share": 0.02597770296622892,
      "magnitude_share": 0.028657832038627103,
      "active_rate": 0.99995
    }
  },
  "final_policy_component_error_count": 0
}