{
  "eval_episodes": 5,
  "eval_seed_offset": 10000,
  "eval_seeds": [
    10000,
    10001,
    10002,
    10003,
    10004
  ],
  "episode_rewards": [
    547.9275003432713,
    552.7459478608303,
    549.3045395263429,
    553.6725291855871,
    545.0441220702969
  ],
  "episode_lengths": [
    170,
    169,
    173,
    169,
    170
  ],
  "episode_terminated": [
    true,
    true,
    true,
    true,
    true
  ],
  "mean_eval_reward": 549.7389277972657,
  "mean_episode_length": 170.2,
  "min_eval_reward": 545.0441220702969,
  "max_eval_reward": 553.6725291855871,
  "termination_breakdown": {
    "terminated": 5,
    "truncated": 0
  },
  "final_policy_component_evaluation": {
    "forward_reward": {
      "episode_sum_mean": 764.9039832007538,
      "episode_abs_sum_mean": 765.0623105493543,
      "signed_contribution_share": 0.9813446170458616,
      "magnitude_share": 0.9815477454053585,
      "active_rate": 1.0
    },
    "upright_penalty": {
      "episode_sum_mean": -14.382514351547238,
      "episode_abs_sum_mean": 14.382514351547238,
      "signed_contribution_share": -0.01845225459464155,
      "magnitude_share": 0.01845225459464155,
      "active_rate": 1.0
    }
  },
  "final_policy_component_error_count": 0
}