{
  "eval_episodes": 20,
  "eval_seed_offset": 10000,
  "eval_seeds": [
    10000,
    10001,
    10002,
    10003,
    10004,
    10005,
    10006,
    10007,
    10008,
    10009,
    10010,
    10011,
    10012,
    10013,
    10014,
    10015,
    10016,
    10017,
    10018,
    10019
  ],
  "episode_rewards": [
    247.85361156836038,
    261.25905796944903,
    283.94885683464094,
    236.01469644467312,
    243.08715409808426,
    223.58393411546876,
    260.679283397048,
    262.74283371406545,
    230.38293672984983,
    272.5186808392946,
    288.1900274694282,
    272.43359998072793,
    268.56980831538004,
    283.39076194600784,
    245.0171804633993,
    229.5953746072041,
    224.19416350993836,
    264.1305721217178,
    247.25765254571877,
    229.2864801693657
  ],
  "episode_lengths": [
    362,
    382,
    365,
    347,
    388,
    397,
    355,
    373,
    370,
    375,
    349,
    346,
    347,
    346,
    332,
    382,
    363,
    340,
    355,
    368
  ],
  "episode_terminated": [
    true,
    true,
    true,
    true,
    true,
    true,
    true,
    true,
    true,
    true,
    true,
    true,
    true,
    true,
    true,
    true,
    true,
    true,
    true,
    true
  ],
  "mean_eval_reward": 253.7068333419911,
  "mean_episode_length": 362.1,
  "min_eval_reward": 223.58393411546876,
  "max_eval_reward": 288.1900274694282,
  "termination_breakdown": {
    "terminated": 20,
    "truncated": 0
  },
  "final_policy_component_evaluation": {
    "landing_reward": {
      "episode_sum_mean": 35.08690886497497,
      "episode_abs_sum_mean": 35.08690886497497,
      "signed_contribution_share": 0.7388321947029493,
      "magnitude_share": 0.7388321947029493,
      "active_rate": 0.1128141397404032
    },
    "orientation_penalty": {
      "episode_sum_mean": -1.9018765796035246,
      "episode_abs_sum_mean": 1.9018765796035246,
      "signed_contribution_share": -0.04004820295712341,
      "magnitude_share": 0.04004820295712341,
      "active_rate": 1.0
    },
    "progress": {
      "episode_sum_mean": 6.9480972791614475,
      "episode_abs_sum_mean": 7.0819636449741665,
      "signed_contribution_share": 0.14630750122581662,
      "magnitude_share": 0.1491263525880422,
      "active_rate": 0.9592653962993648
    },
    "velocity_penalty": {
      "episode_sum_mean": -3.4189368181950663,
      "episode_abs_sum_mean": 3.4189368181950663,
      "signed_contribution_share": -0.07199324975188523,
      "magnitude_share": 0.07199324975188523,
      "active_rate": 0.9661695664181166
    }
  },
  "final_policy_component_error_count": 0
}