{
  "eval_episodes": 10,
  "episode_rewards": [
    123.21968659514981,
    158.44617182676092,
    135.38650259542158,
    120.54244751470027,
    167.9715859299075,
    183.58052089952884,
    167.79590854821123,
    162.47088009760867,
    173.01723695439628,
    143.63184383516617
  ],
  "episode_lengths": [
    1000,
    1000,
    1000,
    1000,
    1000,
    1000,
    1000,
    1000,
    1000,
    1000
  ],
  "mean_eval_reward": 153.60627847968513,
  "mean_episode_length": 1000,
  "min_eval_reward": 120.54244751470027,
  "max_eval_reward": 183.58052089952884
}