{
  "eval_episodes": 20,
  "eval_seed_offset": 10000,
  "eval_seeds": [
    10000,
    10001,
    10002,
    10003,
    10004,
    10005,
    10006,
    10007,
    10008,
    10009,
    10010,
    10011,
    10012,
    10013,
    10014,
    10015,
    10016,
    10017,
    10018,
    10019
  ],
  "episode_rewards": [
    235.9344050043348,
    263.1298454312121,
    285.5689979445011,
    228.1686927450415,
    240.92051628079616,
    218.56455289888714,
    255.1996156027392,
    258.6730611956541,
    229.1677755053535,
    264.74909325079875,
    272.83457254468107,
    266.98603221563087,
    260.1661695065437,
    283.4076356028063,
    243.7128535542169,
    226.06198429202396,
    216.58905862417902,
    266.54533810383333,
    244.83987533872158,
    225.6267545865253
  ],
  "episode_lengths": [
    390,
    371,
    369,
    370,
    387,
    392,
    397,
    375,
    379,
    400,
    396,
    376,
    373,
    328,
    361,
    394,
    377,
    319,
    363,
    380
  ],
  "episode_terminated": [
    true,
    true,
    true,
    true,
    true,
    true,
    true,
    true,
    true,
    true,
    true,
    true,
    true,
    true,
    true,
    true,
    true,
    true,
    true,
    true
  ],
  "mean_eval_reward": 249.34234151142402,
  "mean_episode_length": 374.85,
  "min_eval_reward": 216.58905862417902,
  "max_eval_reward": 285.5689979445011,
  "termination_breakdown": {
    "terminated": 20,
    "truncated": 0
  },
  "final_policy_component_evaluation": {
    "engine_penalty": {
      "episode_sum_mean": -17.027500000000106,
      "episode_abs_sum_mean": 17.027500000000106,
      "signed_contribution_share": -0.2688968929479974,
      "magnitude_share": 0.2688968929479974,
      "active_rate": 0.9084967320261438
    },
    "landing_reward": {
      "episode_sum_mean": 33.129554082453254,
      "episode_abs_sum_mean": 33.129554082453254,
      "signed_contribution_share": 0.5231792193524749,
      "magnitude_share": 0.5231792193524749,
      "active_rate": 0.10871015072695744
    },
    "orientation_penalty": {
      "episode_sum_mean": -2.522049273694371,
      "episode_abs_sum_mean": 2.522049273694371,
      "signed_contribution_share": -0.039827996685254184,
      "magnitude_share": 0.039827996685254184,
      "active_rate": 1.0
    },
    "progress": {
      "episode_sum_mean": 6.9097460409451745,
      "episode_abs_sum_mean": 7.039832339802524,
      "signed_contribution_share": 0.10911814661399923,
      "magnitude_share": 0.11117245884878682,
      "active_rate": 0.9623849539815926
    },
    "velocity_penalty": {
      "episode_sum_mean": -3.6045925654681263,
      "episode_abs_sum_mean": 3.6045925654681263,
      "signed_contribution_share": -0.056923432165486655,
      "magnitude_share": 0.056923432165486655,
      "active_rate": 0.9681205815659597
    }
  },
  "final_policy_component_error_count": 0
}