{
  "eval_episodes": 10,
  "episode_rewards": [
    -5945.06009660276,
    -598.8638467479977,
    -574.4187000690828,
    -977.5243396732353,
    -871.5639473415687,
    -770.155553352408,
    -5415.468293792217,
    -730.891231482178,
    -966.9547010075703,
    -860.2060219427653
  ],
  "episode_lengths": [
    547,
    115,
    117,
    159,
    142,
    139,
    497,
    120,
    149,
    150
  ],
  "mean_eval_reward": -1771.1106732011783,
  "mean_episode_length": 213.5,
  "min_eval_reward": -5945.06009660276,
  "max_eval_reward": -574.4187000690828
}