{
  "eval_episodes": 10,
  "episode_rewards": [
    236.6083648037428,
    254.98102379600627,
    277.8521996673942,
    221.97775416075442,
    231.05374949584757,
    221.1462130206067,
    247.67227987905065,
    250.57828944887535,
    216.67538172385298,
    262.32187729905877
  ],
  "episode_lengths": [
    439,
    438,
    439,
    441,
    445,
    438,
    450,
    443,
    444,
    436
  ],
  "mean_eval_reward": 242.08671332951897,
  "mean_episode_length": 441.3,
  "min_eval_reward": 216.67538172385298,
  "max_eval_reward": 277.8521996673942
}