{
  "eval_episodes": 10,
  "episode_rewards": [
    231.61188507409656,
    251.91787664697114,
    178.28684522035894,
    207.47622050773015,
    179.59845912367814,
    225.74466313709883,
    112.39881671265628,
    194.02276245973673,
    231.78941499859363,
    248.17497382648577
  ],
  "episode_lengths": [
    480,
    416,
    357,
    428,
    371,
    508,
    1000,
    450,
    475,
    504
  ],
  "mean_eval_reward": 206.1021917707406,
  "mean_episode_length": 498.9,
  "min_eval_reward": 112.39881671265628,
  "max_eval_reward": 251.91787664697114
}