{
  "eval_episodes": 10,
  "episode_rewards": [
    -115.6001467433786,
    -99.11547148240555,
    -105.95320874347581,
    -105.0566331945191,
    -113.13108688063767,
    -121.62139721154438,
    -110.2874683741788,
    -114.58977083557309,
    -108.66088810472849,
    -95.42835234293109
  ],
  "episode_lengths": [
    76,
    81,
    61,
    83,
    74,
    78,
    81,
    76,
    74,
    52
  ],
  "mean_eval_reward": -108.94444239133726,
  "mean_episode_length": 73.6,
  "min_eval_reward": -121.62139721154438,
  "max_eval_reward": -95.42835234293109
}