{
  "eval_episodes": 10,
  "episode_rewards": [
    -24.279928017586293,
    -22.16044726021649,
    12.658301587234872,
    -32.76155442692043,
    -26.665541035954163,
    -32.732594069164726,
    -4.976204618893161,
    -0.12342726335936938,
    -52.12816491466775,
    -2.338558395519446
  ],
  "episode_lengths": [
    1000,
    1000,
    1000,
    1000,
    1000,
    1000,
    1000,
    1000,
    1000,
    1000
  ],
  "mean_eval_reward": -18.550811841504697,
  "mean_episode_length": 1000,
  "min_eval_reward": -52.12816491466775,
  "max_eval_reward": 12.658301587234872
}