{
  "eval_episodes": 20,
  "eval_seed_offset": 10000,
  "eval_seeds": [
    10000,
    10001,
    10002,
    10003,
    10004,
    10005,
    10006,
    10007,
    10008,
    10009,
    10010,
    10011,
    10012,
    10013,
    10014,
    10015,
    10016,
    10017,
    10018,
    10019
  ],
  "episode_rewards": [
    -109.4635048033108,
    -118.98780055527328,
    -117.70964556959319,
    -107.11093605835313,
    -112.5422305685309,
    -113.24608588981127,
    -122.042301947265,
    -108.96598268234169,
    -119.23292114329362,
    -112.6580984781962,
    -95.05909309317079,
    -114.31338528497776,
    -124.83957022608257,
    -105.7820784263697,
    -103.79102505005059,
    -103.47875895363543,
    -111.80662566871285,
    -103.81033827852099,
    -78.93329196449965,
    -129.40766527137842
  ],
  "episode_lengths": [
    57,
    76,
    81,
    61,
    83,
    74,
    78,
    81,
    76,
    74,
    52,
    59,
    67,
    69,
    60,
    82,
    62,
    54,
    55,
    68
  ],
  "episode_terminated": [
    true,
    true,
    true,
    true,
    true,
    true,
    true,
    true,
    true,
    true,
    true,
    true,
    true,
    true,
    true,
    true,
    true,
    true,
    true,
    true
  ],
  "mean_eval_reward": -110.6590669956684,
  "mean_episode_length": 68.45,
  "min_eval_reward": -129.40766527137842,
  "max_eval_reward": -78.93329196449965,
  "termination_breakdown": {
    "terminated": 20,
    "truncated": 0
  },
  "final_policy_component_evaluation": {
    "hspeed_penalty": {
      "episode_sum_mean": -5.5762900816022745,
      "episode_abs_sum_mean": 5.5762900816022745,
      "signed_contribution_share": -0.279983754580233,
      "magnitude_share": 0.279983754580233,
      "active_rate": 1.0
    },
    "landing_vel_penalty": {
      "episode_sum_mean": -2.7609652205465847,
      "episode_abs_sum_mean": 2.7609652205465847,
      "signed_contribution_share": -0.13862718714445985,
      "magnitude_share": 0.13862718714445985,
      "active_rate": 1.0
    },
    "progress": {
      "episode_sum_mean": 5.605462812259793,
      "episode_abs_sum_mean": 5.801000628992915,
      "signed_contribution_share": 0.2814485081244932,
      "magnitude_share": 0.29126639982133795,
      "active_rate": 1.0
    },
    "upright_penalty": {
      "episode_sum_mean": -0.6490041025144819,
      "episode_abs_sum_mean": 0.6490041025144819,
      "signed_contribution_share": -0.03258628993486058,
      "magnitude_share": 0.03258628993486058,
      "active_rate": 1.0
    },
    "x_center_penalty": {
      "episode_sum_mean": -5.12921722754254,
      "episode_abs_sum_mean": 5.12921722754254,
      "signed_contribution_share": -0.2575363685191086,
      "magnitude_share": 0.2575363685191086,
      "active_rate": 1.0
    }
  },
  "final_policy_component_error_count": 0
}