{
  "eval_episodes": 20,
  "eval_seed_offset": 10000,
  "eval_seeds": [
    10000,
    10001,
    10002,
    10003,
    10004,
    10005,
    10006,
    10007,
    10008,
    10009,
    10010,
    10011,
    10012,
    10013,
    10014,
    10015,
    10016,
    10017,
    10018,
    10019
  ],
  "episode_rewards": [
    -128.61124225519526,
    -123.80389817804661,
    -108.7797548379396,
    -122.83347125192714,
    -117.36696461990147,
    -136.391793805012,
    -137.0171963818557,
    -126.68987740023803,
    -151.3350033926734,
    -131.26914603327612,
    -114.03273965772729,
    -110.84845379536648,
    -147.1982391631461,
    -134.51355449805015,
    -121.58097207691134,
    -110.63283231780022,
    -111.80662566871285,
    -105.97709509171821,
    -111.02888515715506,
    -144.39876344372195
  ],
  "episode_lengths": [
    57,
    76,
    81,
    61,
    83,
    74,
    78,
    80,
    75,
    74,
    51,
    60,
    67,
    69,
    60,
    82,
    62,
    54,
    54,
    68
  ],
  "episode_terminated": [
    true,
    true,
    true,
    true,
    true,
    true,
    true,
    true,
    true,
    true,
    true,
    true,
    true,
    true,
    true,
    true,
    true,
    true,
    true,
    true
  ],
  "mean_eval_reward": -124.80582545131875,
  "mean_episode_length": 68.3,
  "min_eval_reward": -151.3350033926734,
  "max_eval_reward": -105.97709509171821,
  "termination_breakdown": {
    "terminated": 20,
    "truncated": 0
  },
  "final_policy_component_evaluation": {
    "angle_penalty": {
      "episode_sum_mean": -0.0023306710298811595,
      "episode_abs_sum_mean": 0.0023306710298811595,
      "signed_contribution_share": -0.0010261858837424104,
      "magnitude_share": 0.0010261858837424104,
      "active_rate": 0.038799414348462666
    },
    "contact_bonus": {
      "episode_sum_mean": 0.16261485386639835,
      "episode_abs_sum_mean": 0.16261485386639835,
      "signed_contribution_share": 0.07159872216416648,
      "magnitude_share": 0.07159872216416648,
      "active_rate": 0.03367496339677892
    },
    "fuel_cost": {
      "episode_sum_mean": -0.025,
      "episode_abs_sum_mean": 0.025,
      "signed_contribution_share": -0.011007408066023109,
      "magnitude_share": 0.011007408066023109,
      "active_rate": 0.018301610541727673
    },
    "progress": {
      "episode_sum_mean": 1.1137516628950834,
      "episode_abs_sum_mean": 1.15330469943583,
      "signed_contribution_share": 0.4903807615079196,
      "magnitude_share": 0.5077958180460924,
      "active_rate": 1.0
    },
    "vertical_penalty": {
      "episode_sum_mean": -0.9279474863413271,
      "episode_abs_sum_mean": 0.9279474863413271,
      "signed_contribution_share": -0.4085718658399756,
      "magnitude_share": 0.4085718658399756,
      "active_rate": 0.7452415812591509
    }
  },
  "final_policy_component_error_count": 0
}