{
  "eval_episodes": 20,
  "eval_seed_offset": 10000,
  "eval_seeds": [
    10000,
    10001,
    10002,
    10003,
    10004,
    10005,
    10006,
    10007,
    10008,
    10009,
    10010,
    10011,
    10012,
    10013,
    10014,
    10015,
    10016,
    10017,
    10018,
    10019
  ],
  "episode_rewards": [
    -36.99859199180961,
    -13.640085242507558,
    14.434790450928906,
    -33.8061383008246,
    -38.87431617256718,
    -48.23688842855003,
    -23.008261418381373,
    -17.96665647635422,
    -45.57716640252231,
    -9.649452281934556,
    -8.651720125855588,
    1.5187851033254731,
    -11.18778887143138,
    -3.9761215083443533,
    -40.33239683429897,
    -31.062894541989554,
    -55.54398727377125,
    -16.55807043580269,
    -39.99449713269147,
    -39.46673406579113
  ],
  "episode_lengths": [
    1000,
    1000,
    1000,
    1000,
    1000,
    1000,
    1000,
    1000,
    1000,
    1000,
    1000,
    1000,
    1000,
    1000,
    1000,
    1000,
    1000,
    1000,
    1000,
    1000
  ],
  "episode_terminated": [
    false,
    false,
    false,
    false,
    false,
    false,
    false,
    false,
    false,
    false,
    false,
    false,
    false,
    false,
    false,
    false,
    false,
    false,
    false,
    false
  ],
  "mean_eval_reward": -24.928909597558672,
  "mean_episode_length": 1000,
  "min_eval_reward": -55.54398727377125,
  "max_eval_reward": 14.434790450928906,
  "termination_breakdown": {
    "terminated": 0,
    "truncated": 20
  },
  "final_policy_component_evaluation": {
    "energy_penalty": {
      "episode_sum_mean": -9.999999999999831,
      "episode_abs_sum_mean": 9.999999999999831,
      "signed_contribution_share": -0.007441139431405397,
      "magnitude_share": 0.007441139431405397,
      "active_rate": 1.0
    },
    "landing_quality": {
      "episode_sum_mean": 687.8809409525711,
      "episode_abs_sum_mean": 687.8809409525711,
      "signed_contribution_share": 0.5118617993834511,
      "magnitude_share": 0.5118617993834511,
      "active_rate": 1.0
    },
    "proximity": {
      "episode_sum_mean": 645.9992661289871,
      "episode_abs_sum_mean": 645.9992661289871,
      "signed_contribution_share": 0.48069706118514355,
      "magnitude_share": 0.48069706118514355,
      "active_rate": 1.0
    },
    "terminal_velocity_penalty": {
      "episode_sum_mean": 0.0,
      "episode_abs_sum_mean": 0.0,
      "signed_contribution_share": 0.0,
      "magnitude_share": 0.0,
      "active_rate": 0.0
    }
  },
  "final_policy_component_error_count": 0
}