{
  "eval_episodes": 10,
  "episode_rewards": [
    300.7784353883864,
    302.18701100195426,
    304.1080173500431,
    302.20572180772956,
    304.6178477371185,
    304.01205480839235,
    301.5593913497697,
    300.35316522396283,
    304.46897162282653,
    304.67153959337475
  ],
  "episode_lengths": [
    1000,
    1004,
    999,
    998,
    983,
    1002,
    1004,
    989,
    989,
    980
  ],
  "mean_eval_reward": 302.8962155883558,
  "mean_episode_length": 994.8,
  "min_eval_reward": 300.35316522396283,
  "max_eval_reward": 304.67153959337475
}