{
  "eval_episodes": 20,
  "eval_seed_offset": 10000,
  "eval_seeds": [
    10000,
    10001,
    10002,
    10003,
    10004,
    10005,
    10006,
    10007,
    10008,
    10009,
    10010,
    10011,
    10012,
    10013,
    10014,
    10015,
    10016,
    10017,
    10018,
    10019
  ],
  "episode_rewards": [
    151.13294344716834,
    227.1173244533124,
    223.9234521014919,
    158.59683089973888,
    159.9526536915414,
    -31.992386381811187,
    210.61752057130553,
    219.19480681056393,
    -10.07266054884608,
    8.69903080981651,
    22.02626995808089,
    -28.66146237255218,
    210.6891579148188,
    241.7169080220355,
    -16.086974180700825,
    151.12222998866213,
    -35.288282259889726,
    200.04701229628728,
    138.76956624496637,
    -39.17507376383304
  ],
  "episode_lengths": [
    763,
    461,
    377,
    661,
    742,
    1000,
    629,
    472,
    1000,
    1000,
    1000,
    560,
    488,
    400,
    1000,
    744,
    1000,
    663,
    906,
    1000
  ],
  "episode_terminated": [
    true,
    true,
    true,
    true,
    true,
    false,
    true,
    true,
    false,
    false,
    false,
    true,
    true,
    true,
    false,
    true,
    false,
    true,
    true,
    false
  ],
  "mean_eval_reward": 108.11644338510784,
  "mean_episode_length": 743.3,
  "min_eval_reward": -39.17507376383304,
  "max_eval_reward": 241.7169080220355,
  "termination_breakdown": {
    "terminated": 13,
    "truncated": 7
  },
  "final_policy_component_evaluation": {
    "distance_penalty": {
      "episode_sum_mean": -65.74551017456687,
      "episode_abs_sum_mean": 65.74551017456687,
      "signed_contribution_share": -0.043134734923890146,
      "magnitude_share": 0.043134734923890146,
      "active_rate": 1.0
    },
    "engine_penalty": {
      "episode_sum_mean": -32.90999999999996,
      "episode_abs_sum_mean": 32.90999999999996,
      "signed_contribution_share": -0.021591803342555397,
      "magnitude_share": 0.021591803342555397,
      "active_rate": 0.8855105610117046
    },
    "orientation_penalty": {
      "episode_sum_mean": -0.76218106015659,
      "episode_abs_sum_mean": 0.76218106015659,
      "signed_contribution_share": -0.0005000566260201001,
      "magnitude_share": 0.0005000566260201001,
      "active_rate": 1.0
    },
    "progress_delta": {
      "episode_sum_mean": 1.2400628190487624,
      "episode_abs_sum_mean": 1.4807619113475083,
      "signed_contribution_share": 0.0008135883476546876,
      "magnitude_share": 0.0009715077480085655,
      "active_rate": 0.988160904076416
    },
    "settle_reward": {
      "episode_sum_mean": 1371.660416983813,
      "episode_abs_sum_mean": 1371.660416983813,
      "signed_contribution_share": 0.8999277416068691,
      "magnitude_share": 0.8999277416068691,
      "active_rate": 1.0
    },
    "velocity_damping": {
      "episode_sum_mean": -51.63063261245849,
      "episode_abs_sum_mean": 51.63063261245849,
      "signed_contribution_share": -0.03387415575265671,
      "magnitude_share": 0.03387415575265671,
      "active_rate": 0.9991927889143011
    }
  },
  "final_policy_component_error_count": 0
}