{
  "eval_episodes": 10,
  "episode_rewards": [
    -8.136850159321808,
    -133.36237800358612,
    -60.44459207438394,
    -150.988805436928,
    -32.25335426247344,
    -29.282350145045854,
    -64.45023860290814,
    -21.71937537796494,
    -36.035795984292115,
    -22.499949375362455
  ],
  "episode_lengths": [
    1000,
    599,
    1000,
    952,
    1000,
    1000,
    1000,
    1000,
    1000,
    1000
  ],
  "mean_eval_reward": -55.91736894222668,
  "mean_episode_length": 955.1,
  "min_eval_reward": -150.988805436928,
  "max_eval_reward": -8.136850159321808
}