{
  "eval_episodes": 10,
  "episode_rewards": [
    -41.72580426107201,
    -27.43392718661141,
    277.79741050381546,
    -96.6295303070716,
    -58.16957313470284,
    -86.76813940635269,
    -28.019513293913207,
    -31.206707065296992,
    -74.00814962085921,
    -19.433935975124445
  ],
  "episode_lengths": [
    1000,
    1000,
    228,
    399,
    1000,
    379,
    1000,
    1000,
    1000,
    1000
  ],
  "mean_eval_reward": -18.559786974718897,
  "mean_episode_length": 800.6,
  "min_eval_reward": -96.6295303070716,
  "max_eval_reward": 277.79741050381546
}