{
  "eval_episodes": 20,
  "eval_seed_offset": 10000,
  "eval_seeds": [
    10000,
    10001,
    10002,
    10003,
    10004,
    10005,
    10006,
    10007,
    10008,
    10009,
    10010,
    10011,
    10012,
    10013,
    10014,
    10015,
    10016,
    10017,
    10018,
    10019
  ],
  "episode_rewards": [
    155.04520513865273,
    48.35837669749043,
    84.98839367075206,
    140.23835602920073,
    149.9580403849056,
    135.34897222887875,
    6.7330648911280235,
    167.1711098405705,
    138.66234533602923,
    289.9024166275998,
    57.23121682147902,
    38.79612304396397,
    -28.78462171457423,
    43.94767857049138,
    149.0093822378625,
    141.89222052863542,
    127.73114025495249,
    67.96266265766616,
    153.3621434205568,
    132.87109731634123
  ],
  "episode_lengths": [
    1000,
    169,
    167,
    1000,
    1000,
    1000,
    107,
    1000,
    1000,
    301,
    75,
    93,
    84,
    120,
    1000,
    1000,
    1000,
    151,
    1000,
    1000
  ],
  "episode_terminated": [
    false,
    true,
    true,
    false,
    false,
    false,
    true,
    false,
    false,
    true,
    true,
    true,
    true,
    true,
    false,
    false,
    false,
    true,
    false,
    false
  ],
  "mean_eval_reward": 110.02126619912913,
  "mean_episode_length": 613.35,
  "min_eval_reward": -28.78462171457423,
  "max_eval_reward": 289.9024166275998,
  "termination_breakdown": {
    "terminated": 9,
    "truncated": 11
  },
  "final_policy_component_evaluation": {
    "approach_quality_reward": {
      "episode_sum_mean": 493.4192642984509,
      "episode_abs_sum_mean": 493.4192642984509,
      "signed_contribution_share": 0.9969070254014035,
      "magnitude_share": 0.9969070254014035,
      "active_rate": 1.0
    },
    "progress_reward": {
      "episode_sum_mean": 1.3520454819881913,
      "episode_abs_sum_mean": 1.4051144222297183,
      "signed_contribution_share": 0.0027316802102825524,
      "magnitude_share": 0.002838900992253046,
      "active_rate": 0.9987772071411103
    },
    "stability_penalty": {
      "episode_sum_mean": -0.12575376512086242,
      "episode_abs_sum_mean": 0.12575376512086242,
      "signed_contribution_share": -0.00025407360634350346,
      "magnitude_share": 0.00025407360634350346,
      "active_rate": 1.0
    }
  },
  "final_policy_component_error_count": 0
}