{
  "eval_episodes": 20,
  "eval_seed_offset": 10000,
  "eval_seeds": [
    10000,
    10001,
    10002,
    10003,
    10004,
    10005,
    10006,
    10007,
    10008,
    10009,
    10010,
    10011,
    10012,
    10013,
    10014,
    10015,
    10016,
    10017,
    10018,
    10019
  ],
  "episode_rewards": [
    -112.02385859104677,
    -125.74952705878792,
    -111.02605554812368,
    -110.96648281281125,
    -112.46459826148009,
    -129.82304604829613,
    -128.21621554700764,
    -113.88835712525479,
    -120.7651764372307,
    -125.9690116183481,
    -110.94905289293128,
    -99.06622996284631,
    -129.73975079362626,
    -126.3899487067869,
    -109.75714274089486,
    -105.01616097296383,
    -110.17487535245607,
    -92.30681432196683,
    -103.37663385618976,
    -139.53756600714073
  ],
  "episode_lengths": [
    57,
    76,
    81,
    61,
    83,
    74,
    78,
    81,
    76,
    74,
    51,
    60,
    67,
    69,
    60,
    82,
    62,
    54,
    54,
    68
  ],
  "episode_terminated": [
    true,
    true,
    true,
    true,
    true,
    true,
    true,
    true,
    true,
    true,
    true,
    true,
    true,
    true,
    true,
    true,
    true,
    true,
    true,
    true
  ],
  "mean_eval_reward": -115.8603252328095,
  "mean_episode_length": 68.4,
  "min_eval_reward": -139.53756600714073,
  "max_eval_reward": -92.30681432196683,
  "termination_breakdown": {
    "terminated": 20,
    "truncated": 0
  },
  "final_policy_component_evaluation": {
    "contact_reward": {
      "episode_sum_mean": 13.683081674575806,
      "episode_abs_sum_mean": 13.683081674575806,
      "signed_contribution_share": 0.42841856489996016,
      "magnitude_share": 0.42841856489996016,
      "active_rate": 0.005116959064327485
    },
    "distance_penalty": {
      "episode_sum_mean": -6.660296922549605,
      "episode_abs_sum_mean": 6.660296922549605,
      "signed_contribution_share": -0.20853451855572455,
      "magnitude_share": 0.20853451855572455,
      "active_rate": 1.0
    },
    "fuel_penalty": {
      "episode_sum_mean": -0.04,
      "episode_abs_sum_mean": 0.04,
      "signed_contribution_share": -0.001252403735032859,
      "magnitude_share": 0.001252403735032859,
      "active_rate": 0.0029239766081871343
    },
    "progress": {
      "episode_sum_mean": 11.167853290960192,
      "episode_abs_sum_mean": 11.555203891173004,
      "signed_contribution_share": 0.34966652934743875,
      "magnitude_share": 0.36179451280928243,
      "active_rate": 1.0
    }
  },
  "final_policy_component_error_count": 0
}