{
  "eval_episodes": 20,
  "eval_seed_offset": 10000,
  "eval_seeds": [
    10000,
    10001,
    10002,
    10003,
    10004,
    10005,
    10006,
    10007,
    10008,
    10009,
    10010,
    10011,
    10012,
    10013,
    10014,
    10015,
    10016,
    10017,
    10018,
    10019
  ],
  "episode_rewards": [
    -16.957430436157864,
    -18.35590629253506,
    15.213898855268093,
    -26.245572595643132,
    -17.156263965185058,
    -35.55896702149901,
    -6.381626836468961,
    -6.270506122888713,
    -35.57387486401144,
    -10.066169483801072,
    14.826803233499763,
    12.264809803844857,
    -1.010610093470353,
    6.651560841183449,
    -19.06873308879039,
    -30.459825173686106,
    -47.81983902023668,
    -5.565811913156884,
    -10.484456426846164,
    -45.61829763811843
  ],
  "episode_lengths": [
    1000,
    1000,
    1000,
    1000,
    1000,
    1000,
    1000,
    1000,
    1000,
    1000,
    1000,
    1000,
    1000,
    1000,
    1000,
    1000,
    1000,
    1000,
    1000,
    1000
  ],
  "episode_terminated": [
    false,
    false,
    false,
    false,
    false,
    false,
    false,
    false,
    false,
    false,
    false,
    false,
    false,
    false,
    false,
    false,
    false,
    false,
    false,
    false
  ],
  "mean_eval_reward": -14.181840911934957,
  "mean_episode_length": 1000,
  "min_eval_reward": -47.81983902023668,
  "max_eval_reward": 15.213898855268093,
  "termination_breakdown": {
    "terminated": 0,
    "truncated": 20
  },
  "final_policy_component_evaluation": {
    "contact": {
      "episode_sum_mean": 0.0,
      "episode_abs_sum_mean": 0.0,
      "signed_contribution_share": 0.0,
      "magnitude_share": 0.0,
      "active_rate": 0.0
    },
    "progress": {
      "episode_sum_mean": 796.5973073244095,
      "episode_abs_sum_mean": 796.5973073244095,
      "signed_contribution_share": 0.44498829808054746,
      "magnitude_share": 0.44498829808054746,
      "active_rate": 1.0
    },
    "stability": {
      "episode_sum_mean": 993.5560759454966,
      "episode_abs_sum_mean": 993.5560759454966,
      "signed_contribution_share": 0.5550117019194525,
      "magnitude_share": 0.5550117019194525,
      "active_rate": 1.0
    }
  },
  "final_policy_component_error_count": 0
}