{
  "eval_episodes": 10,
  "episode_rewards": [
    137.51591039929525,
    155.83725951676703,
    283.91490163735864,
    125.34541934656696,
    239.88788357723652,
    122.50285478615443,
    260.2772599860764,
    151.501657611906,
    228.0923264330342,
    164.1025714817819
  ],
  "episode_lengths": [
    1000,
    1000,
    375,
    1000,
    606,
    1000,
    366,
    1000,
    377,
    1000
  ],
  "mean_eval_reward": 186.89780447761774,
  "mean_episode_length": 772.4,
  "min_eval_reward": 122.50285478615443,
  "max_eval_reward": 283.91490163735864
}