{
  "eval_episodes": 20,
  "eval_seed_offset": 10000,
  "eval_seeds": [
    10000,
    10001,
    10002,
    10003,
    10004,
    10005,
    10006,
    10007,
    10008,
    10009,
    10010,
    10011,
    10012,
    10013,
    10014,
    10015,
    10016,
    10017,
    10018,
    10019
  ],
  "episode_rewards": [
    -97.20692818678454,
    -84.00230619239046,
    -47.85578611529825,
    -109.60265574193551,
    -105.83364255742292,
    -106.44709540989126,
    -76.48991552607846,
    -76.57952212952095,
    -115.82096117977484,
    -78.5647625915458,
    -54.0200504047107,
    -69.61499699404902,
    -74.92346613619647,
    -64.43129964416002,
    -99.57965696382657,
    -110.04813123152812,
    -107.97660746243868,
    -77.39248998269093,
    -89.66519632213219,
    -107.33717284622072
  ],
  "episode_lengths": [
    1000,
    1000,
    1000,
    1000,
    1000,
    1000,
    1000,
    1000,
    1000,
    1000,
    1000,
    1000,
    1000,
    1000,
    1000,
    1000,
    1000,
    1000,
    1000,
    1000
  ],
  "episode_terminated": [
    false,
    false,
    false,
    false,
    false,
    false,
    false,
    false,
    false,
    false,
    false,
    false,
    false,
    false,
    false,
    false,
    false,
    false,
    false,
    false
  ],
  "mean_eval_reward": -87.66963218092982,
  "mean_episode_length": 1000,
  "min_eval_reward": -115.82096117977484,
  "max_eval_reward": -47.85578611529825,
  "termination_breakdown": {
    "terminated": 0,
    "truncated": 20
  },
  "final_policy_component_evaluation": {
    "angvel_penalty": {
      "episode_sum_mean": -0.10464585300767469,
      "episode_abs_sum_mean": 0.10464585300767469,
      "signed_contribution_share": -1.6349343813239023e-05,
      "magnitude_share": 1.6349343813239023e-05,
      "active_rate": 0.99995
    },
    "orientation_penalty": {
      "episode_sum_mean": -0.13636566455362134,
      "episode_abs_sum_mean": 0.13636566455362134,
      "signed_contribution_share": -2.1305088257481808e-05,
      "magnitude_share": 2.1305088257481808e-05,
      "active_rate": 0.99995
    },
    "target_proximity": {
      "episode_sum_mean": 6399.664858022471,
      "episode_abs_sum_mean": 6399.664858022471,
      "signed_contribution_share": 0.9998515760164842,
      "magnitude_share": 0.9998515760164842,
      "active_rate": 1.0
    },
    "velocity_penalty": {
      "episode_sum_mean": -0.7089932373219375,
      "episode_abs_sum_mean": 0.7089932373219375,
      "signed_contribution_share": -0.00011076955144498277,
      "magnitude_share": 0.00011076955144498277,
      "active_rate": 1.0
    }
  },
  "final_policy_component_error_count": 0
}