{
  "eval_episodes": 20,
  "eval_seed_offset": 10000,
  "eval_seeds": [
    10000,
    10001,
    10002,
    10003,
    10004,
    10005,
    10006,
    10007,
    10008,
    10009,
    10010,
    10011,
    10012,
    10013,
    10014,
    10015,
    10016,
    10017,
    10018,
    10019
  ],
  "episode_rewards": [
    84.1219679111152,
    189.68872328460645,
    114.8772877211719,
    59.703563001520585,
    54.84275649110992,
    46.09632281579953,
    205.1933151881759,
    66.16285555522694,
    63.14687373783055,
    115.06427771359249,
    147.06678435775038,
    216.89706787605536,
    94.8495228562293,
    125.44299779188172,
    59.83827180808249,
    77.21068289445701,
    67.93689705333442,
    193.85457969506336,
    93.108361866142,
    67.78778087788254
  ],
  "episode_lengths": [
    1000,
    724,
    1000,
    1000,
    1000,
    1000,
    539,
    1000,
    1000,
    1000,
    1000,
    566,
    1000,
    1000,
    1000,
    1000,
    1000,
    637,
    1000,
    1000
  ],
  "episode_terminated": [
    false,
    true,
    false,
    false,
    false,
    false,
    true,
    false,
    false,
    false,
    false,
    true,
    false,
    false,
    false,
    false,
    false,
    true,
    false,
    false
  ],
  "mean_eval_reward": 107.1445445248514,
  "mean_episode_length": 923.3,
  "min_eval_reward": 46.09632281579953,
  "max_eval_reward": 216.89706787605536,
  "termination_breakdown": {
    "terminated": 4,
    "truncated": 16
  },
  "final_policy_component_evaluation": {
    "contact_completion": {
      "episode_sum_mean": 736.8222148925066,
      "episode_abs_sum_mean": 736.8222148925066,
      "signed_contribution_share": 0.496474201103967,
      "magnitude_share": 0.496474201103967,
      "active_rate": 1.0
    },
    "position_proximity": {
      "episode_sum_mean": 745.1554198741912,
      "episode_abs_sum_mean": 745.1554198741912,
      "signed_contribution_share": 0.5020891529909985,
      "magnitude_share": 0.5020891529909985,
      "active_rate": 1.0
    },
    "soft_landing_velocity": {
      "episode_sum_mean": -0.408948484080162,
      "episode_abs_sum_mean": 0.408948484080162,
      "signed_contribution_share": -0.00027555137158289495,
      "magnitude_share": 0.00027555137158289495,
      "active_rate": 0.9997833856817936
    },
    "stable_orientation": {
      "episode_sum_mean": -1.723191746791666,
      "episode_abs_sum_mean": 1.723191746791666,
      "signed_contribution_share": -0.0011610945334515352,
      "magnitude_share": 0.0011610945334515352,
      "active_rate": 1.0
    }
  },
  "final_policy_component_error_count": 0
}