{
  "eval_episodes": 10,
  "episode_rewards": [
    117.32162970678196,
    106.0544670886527,
    251.99152966638786,
    202.5069774738738,
    115.25305226129362,
    250.89726180154403,
    163.74335699890668,
    148.50541150930803,
    258.84700074366367,
    154.8682746751281
  ],
  "episode_lengths": [
    1000,
    1000,
    319,
    850,
    1000,
    439,
    1000,
    1000,
    289,
    1000
  ],
  "mean_eval_reward": 176.99889619255404,
  "mean_episode_length": 789.7,
  "min_eval_reward": 106.0544670886527,
  "max_eval_reward": 258.84700074366367
}