{
  "eval_episodes": 20,
  "eval_seed_offset": 10000,
  "eval_seeds": [
    10000,
    10001,
    10002,
    10003,
    10004,
    10005,
    10006,
    10007,
    10008,
    10009,
    10010,
    10011,
    10012,
    10013,
    10014,
    10015,
    10016,
    10017,
    10018,
    10019
  ],
  "episode_rewards": [
    263.2667912672918,
    284.5056026654521,
    194.33627022420833,
    250.25283386672103,
    260.2090228389432,
    249.05390395011693,
    271.0700985011491,
    168.84939912480397,
    245.62392287418186,
    175.2072637416213,
    291.13840392828223,
    283.35755042816095,
    170.0562549611719,
    190.95428204516716,
    261.0015877473864,
    247.59428232137597,
    243.08047325664037,
    170.79570452735229,
    266.9136244440797,
    241.9065289691063
  ],
  "episode_lengths": [
    268,
    274,
    1000,
    274,
    280,
    277,
    278,
    1000,
    280,
    1000,
    278,
    251,
    1000,
    1000,
    273,
    271,
    264,
    1000,
    255,
    254
  ],
  "episode_terminated": [
    true,
    true,
    false,
    true,
    true,
    true,
    true,
    false,
    true,
    false,
    true,
    true,
    false,
    false,
    true,
    true,
    true,
    false,
    true,
    true
  ],
  "mean_eval_reward": 236.45869008416065,
  "mean_episode_length": 488.85,
  "min_eval_reward": 168.84939912480397,
  "max_eval_reward": 291.13840392828223,
  "termination_breakdown": {
    "terminated": 14,
    "truncated": 6
  },
  "final_policy_component_evaluation": {
    "landing_proxy": {
      "episode_sum_mean": 215.57927302507915,
      "episode_abs_sum_mean": 215.57927302507915,
      "signed_contribution_share": 0.9686412535011701,
      "magnitude_share": 0.9686412535011701,
      "active_rate": 1.0
    },
    "progress_reward": {
      "episode_sum_mean": 5.473114059301066,
      "episode_abs_sum_mean": 5.624586660625607,
      "signed_contribution_share": 0.024591807869857325,
      "magnitude_share": 0.025272404888110642,
      "active_rate": 0.9797483890764038
    },
    "stability_penalty": {
      "episode_sum_mean": -1.3545666107845236,
      "episode_abs_sum_mean": 1.3545666107845236,
      "signed_contribution_share": -0.006086341610719284,
      "magnitude_share": 0.006086341610719284,
      "active_rate": 1.0
    }
  },
  "final_policy_component_error_count": 0
}