{
  "eval_episodes": 10,
  "episode_rewards": [
    259.8213842768227,
    270.9900651114667,
    231.5939001204804,
    236.03536108955177,
    225.33999239986923,
    254.0854722629509,
    247.5533763450976,
    223.98978513524796,
    264.48973929542643,
    280.3261775653667
  ],
  "episode_lengths": [
    343,
    452,
    363,
    379,
    377,
    384,
    324,
    351,
    403,
    369
  ],
  "mean_eval_reward": 249.42252536022804,
  "mean_episode_length": 374.5,
  "min_eval_reward": 223.98978513524796,
  "max_eval_reward": 280.3261775653667
}