{
  "eval_episodes": 20,
  "eval_seed_offset": 10000,
  "eval_seeds": [
    10000,
    10001,
    10002,
    10003,
    10004,
    10005,
    10006,
    10007,
    10008,
    10009,
    10010,
    10011,
    10012,
    10013,
    10014,
    10015,
    10016,
    10017,
    10018,
    10019
  ],
  "episode_rewards": [
    143.40277665548965,
    158.87859660260594,
    181.54440561328002,
    128.4577306989778,
    136.70180819240917,
    124.97412297602848,
    157.39575445128256,
    157.23003012040758,
    123.3235089728467,
    4.182685936302946,
    183.19975564967928,
    -11.278966200016583,
    12.501652375662118,
    182.15044881453696,
    138.41248472911835,
    126.82488188931146,
    117.41148026082368,
    157.429982814037,
    142.4917471305772,
    121.1613409617725
  ],
  "episode_lengths": [
    1000,
    1000,
    1000,
    1000,
    1000,
    1000,
    1000,
    1000,
    1000,
    189,
    1000,
    169,
    120,
    1000,
    1000,
    1000,
    1000,
    1000,
    1000,
    1000
  ],
  "episode_terminated": [
    false,
    false,
    false,
    false,
    false,
    false,
    false,
    false,
    false,
    true,
    false,
    true,
    true,
    false,
    false,
    false,
    false,
    false,
    false,
    false
  ],
  "mean_eval_reward": 124.31981143225664,
  "mean_episode_length": 873.9,
  "min_eval_reward": -11.278966200016583,
  "max_eval_reward": 183.19975564967928,
  "termination_breakdown": {
    "terminated": 3,
    "truncated": 17
  }
}