{
  "eval_episodes": 20,
  "eval_seed_offset": 10000,
  "eval_seeds": [
    10000,
    10001,
    10002,
    10003,
    10004,
    10005,
    10006,
    10007,
    10008,
    10009,
    10010,
    10011,
    10012,
    10013,
    10014,
    10015,
    10016,
    10017,
    10018,
    10019
  ],
  "episode_rewards": [
    -17.73276305097984,
    -48.98611561611409,
    -68.37386195485301,
    -10.709172296517082,
    -25.92267270936466,
    -34.3374757271544,
    -37.77155835247517,
    -61.029771902593474,
    -36.055820138399724,
    -30.5061434511082,
    -16.08063621160744,
    -11.21131728635018,
    -48.02244758966738,
    -72.22818738905795,
    -19.401618003656978,
    -12.472881598687806,
    -26.194273353957286,
    -27.631773073866228,
    12.175978882240159,
    -28.538497929310935
  ],
  "episode_lengths": [
    67,
    81,
    83,
    70,
    91,
    81,
    89,
    85,
    83,
    84,
    62,
    72,
    75,
    75,
    70,
    89,
    69,
    59,
    65,
    79
  ],
  "episode_terminated": [
    true,
    true,
    true,
    true,
    true,
    true,
    true,
    true,
    true,
    true,
    true,
    true,
    true,
    true,
    true,
    true,
    true,
    true,
    true,
    true
  ],
  "mean_eval_reward": -31.051550437674084,
  "mean_episode_length": 76.45,
  "min_eval_reward": -72.22818738905795,
  "max_eval_reward": 12.175978882240159,
  "termination_breakdown": {
    "terminated": 20,
    "truncated": 0
  },
  "final_policy_component_evaluation": {
    "angular_vel_penalty": {
      "episode_sum_mean": -0.6748643083368143,
      "episode_abs_sum_mean": 0.6748643083368143,
      "signed_contribution_share": -0.0878237229011444,
      "magnitude_share": 0.0878237229011444,
      "active_rate": 0.9954218443427076
    },
    "landing_bonus": {
      "episode_sum_mean": 1.4990090072154998,
      "episode_abs_sum_mean": 1.4990090072154998,
      "signed_contribution_share": 0.1950741060828333,
      "magnitude_share": 0.1950741060828333,
      "active_rate": 0.010464355788096796
    },
    "shaped_progress": {
      "episode_sum_mean": 5.25843882537406,
      "episode_abs_sum_mean": 5.510432086718675,
      "signed_contribution_share": 0.6843089323102647,
      "magnitude_share": 0.7171021710160222,
      "active_rate": 0.999345977763244
    }
  },
  "final_policy_component_error_count": 0
}