{
  "eval_episodes": 20,
  "eval_seed_offset": 10000,
  "eval_seeds": [
    10000,
    10001,
    10002,
    10003,
    10004,
    10005,
    10006,
    10007,
    10008,
    10009,
    10010,
    10011,
    10012,
    10013,
    10014,
    10015,
    10016,
    10017,
    10018,
    10019
  ],
  "episode_rewards": [
    -110.57230647724677,
    -122.32357797226985,
    -120.27803494212964,
    -107.11088472290507,
    -112.5180811446993,
    -120.24020491235899,
    -124.07936008923903,
    -118.20650037322352,
    -129.20649243132738,
    -109.24610739504737,
    -95.05908254557318,
    -98.05724253030002,
    -123.87476062370479,
    -116.43245383675645,
    -107.60393692095471,
    -103.47862692526485,
    -111.80657836959065,
    -103.81052038160527,
    -104.43253614438251,
    -141.58239588776493
  ],
  "episode_lengths": [
    57,
    76,
    81,
    61,
    83,
    74,
    78,
    81,
    75,
    74,
    52,
    60,
    67,
    69,
    60,
    82,
    62,
    54,
    54,
    68
  ],
  "episode_terminated": [
    true,
    true,
    true,
    true,
    true,
    true,
    true,
    true,
    true,
    true,
    true,
    true,
    true,
    true,
    true,
    true,
    true,
    true,
    true,
    true
  ],
  "mean_eval_reward": -113.99598423131721,
  "mean_episode_length": 68.4,
  "min_eval_reward": -141.58239588776493,
  "max_eval_reward": -95.05908254557318,
  "termination_breakdown": {
    "terminated": 20,
    "truncated": 0
  },
  "final_policy_component_evaluation": {
    "distance_reward": {
      "episode_sum_mean": -132.94539571460953,
      "episode_abs_sum_mean": 132.94539571460953,
      "signed_contribution_share": -0.9298682143854609,
      "magnitude_share": 0.9298682143854609,
      "active_rate": 1.0
    },
    "soft_landing_proxy": {
      "episode_sum_mean": 0.2,
      "episode_abs_sum_mean": 0.2,
      "signed_contribution_share": 0.001398872385744874,
      "magnitude_share": 0.001398872385744874,
      "active_rate": 0.0029239766081871343
    },
    "stability_penalty": {
      "episode_sum_mean": -9.826902572273633,
      "episode_abs_sum_mean": 9.826902572273633,
      "signed_contribution_share": -0.06873291322879428,
      "magnitude_share": 0.06873291322879428,
      "active_rate": 1.0
    }
  },
  "final_policy_component_error_count": 0
}