{
  "eval_episodes": 20,
  "eval_seed_offset": 10000,
  "eval_seeds": [
    10000,
    10001,
    10002,
    10003,
    10004,
    10005,
    10006,
    10007,
    10008,
    10009,
    10010,
    10011,
    10012,
    10013,
    10014,
    10015,
    10016,
    10017,
    10018,
    10019
  ],
  "episode_rewards": [
    273.493529309387,
    274.46194764787685,
    271.181667983647,
    268.0798959437323,
    271.72610539155477,
    273.75144725330745,
    273.4769102339816,
    270.5294819395934,
    271.74838011421434,
    274.66143886679095,
    271.82976061828197,
    270.2614784677014,
    271.73419655328854,
    273.06320295105775,
    271.65104913670564,
    270.8605374213306,
    271.89642931801,
    272.12464969085846,
    272.08748651607067,
    272.82217724136916
  ],
  "episode_lengths": [
    1261,
    1244,
    1282,
    1321,
    1281,
    1263,
    1264,
    1313,
    1273,
    1264,
    1297,
    1313,
    1287,
    1289,
    1295,
    1292,
    1302,
    1296,
    1279,
    1280
  ],
  "episode_terminated": [
    true,
    true,
    true,
    true,
    true,
    true,
    true,
    true,
    true,
    true,
    true,
    true,
    true,
    true,
    true,
    true,
    true,
    true,
    true,
    true
  ],
  "mean_eval_reward": 272.072088629938,
  "mean_episode_length": 1284.8,
  "min_eval_reward": 268.0798959437323,
  "max_eval_reward": 274.66143886679095,
  "termination_breakdown": {
    "terminated": 20,
    "truncated": 0
  },
  "final_policy_component_evaluation": {
    "forward_reward": {
      "episode_sum_mean": 504.16582082462384,
      "episode_abs_sum_mean": 504.1887601047517,
      "signed_contribution_share": 0.8865136198523427,
      "magnitude_share": 0.8865539557565689,
      "active_rate": 1.0
    },
    "stability_penalty": {
      "episode_sum_mean": -64.51747241607242,
      "episode_abs_sum_mean": 64.51747241607242,
      "signed_contribution_share": -0.1134460442434311,
      "magnitude_share": 0.1134460442434311,
      "active_rate": 1.0
    }
  },
  "final_policy_component_error_count": 0
}