{
  "eval_episodes": 10,
  "episode_rewards": [
    144.95716755801547,
    162.1501077377167,
    182.0240493685708,
    132.14155499528965,
    141.04112883433487,
    127.60643770895821,
    155.31049796928454,
    160.15855534257327,
    125.98461704701269,
    165.70395146542305
  ],
  "episode_lengths": [
    1000,
    1000,
    1000,
    1000,
    1000,
    1000,
    1000,
    1000,
    1000,
    1000
  ],
  "mean_eval_reward": 149.70780680271793,
  "mean_episode_length": 1000,
  "min_eval_reward": 125.98461704701269,
  "max_eval_reward": 182.0240493685708
}