{
  "eval_episodes": 20,
  "eval_seed_offset": 10000,
  "eval_seeds": [
    10000,
    10001,
    10002,
    10003,
    10004,
    10005,
    10006,
    10007,
    10008,
    10009,
    10010,
    10011,
    10012,
    10013,
    10014,
    10015,
    10016,
    10017,
    10018,
    10019
  ],
  "episode_rewards": [
    -39.98301732280131,
    -17.730689908543287,
    8.048125423006903,
    -49.120636695450166,
    -38.6824818259722,
    -45.417836551778244,
    -83.68406357581603,
    41.03188318549137,
    -70.09244323532266,
    -18.236336461014513,
    11.947247078437414,
    -7.141544560341154,
    -9.81594771296841,
    -1.4049343606782736,
    -31.497666324954103,
    -53.451862270375145,
    -54.19080641814553,
    -48.462387196559305,
    -36.98075879467132,
    -60.568197621407066
  ],
  "episode_lengths": [
    1000,
    1000,
    1000,
    1000,
    1000,
    1000,
    563,
    1000,
    1000,
    1000,
    1000,
    1000,
    1000,
    1000,
    1000,
    1000,
    1000,
    370,
    1000,
    1000
  ],
  "episode_terminated": [
    false,
    false,
    false,
    false,
    false,
    false,
    true,
    false,
    false,
    false,
    false,
    false,
    false,
    false,
    false,
    false,
    false,
    true,
    false,
    false
  ],
  "mean_eval_reward": -30.27171775749315,
  "mean_episode_length": 946.65,
  "min_eval_reward": -83.68406357581603,
  "max_eval_reward": 41.03188318549137,
  "termination_breakdown": {
    "terminated": 2,
    "truncated": 18
  },
  "final_policy_component_evaluation": {
    "contact_reward": {
      "episode_sum_mean": 13.70079227089882,
      "episode_abs_sum_mean": 13.70079227089882,
      "signed_contribution_share": 0.562875487637477,
      "magnitude_share": 0.562875487637477,
      "active_rate": 0.008292399514075953
    },
    "goal_proximity": {
      "episode_sum_mean": 1.894493396335747,
      "episode_abs_sum_mean": 2.137791460857261,
      "signed_contribution_share": 0.07783227956484494,
      "magnitude_share": 0.08782779763424028,
      "active_rate": 1.0
    },
    "orientation_penalty": {
      "episode_sum_mean": -1.021556281806094,
      "episode_abs_sum_mean": 1.021556281806094,
      "signed_contribution_share": -0.041969032075034184,
      "magnitude_share": 0.041969032075034184,
      "active_rate": 1.0
    },
    "velocity_penalty": {
      "episode_sum_mean": -7.480575778493933,
      "episode_abs_sum_mean": 7.480575778493933,
      "signed_contribution_share": -0.30732768265324845,
      "magnitude_share": 0.30732768265324845,
      "active_rate": 1.0
    }
  },
  "final_policy_component_error_count": 0
}