{
  "eval_episodes": 20,
  "eval_seed_offset": 10000,
  "eval_seeds": [
    10000,
    10001,
    10002,
    10003,
    10004,
    10005,
    10006,
    10007,
    10008,
    10009,
    10010,
    10011,
    10012,
    10013,
    10014,
    10015,
    10016,
    10017,
    10018,
    10019
  ],
  "episode_rewards": [
    147.86722813990392,
    265.5239663205647,
    271.5125756348417,
    243.57606080276074,
    251.73621925357187,
    242.18419442306907,
    246.18717963015177,
    143.75009551454187,
    233.6210351701559,
    260.8754773913507,
    181.25113842848253,
    167.50674801624854,
    264.4840327096962,
    286.80070937663334,
    130.53149488201504,
    244.07589178898837,
    112.54773710139018,
    255.137966931909,
    241.72254447839737,
    115.02995701013322
  ],
  "episode_lengths": [
    1000,
    299,
    318,
    260,
    272,
    263,
    458,
    1000,
    695,
    439,
    1000,
    1000,
    344,
    273,
    1000,
    275,
    1000,
    277,
    380,
    1000
  ],
  "episode_terminated": [
    false,
    true,
    true,
    true,
    true,
    true,
    true,
    false,
    true,
    true,
    false,
    false,
    true,
    true,
    false,
    true,
    false,
    true,
    true,
    false
  ],
  "mean_eval_reward": 215.2961126502403,
  "mean_episode_length": 577.65,
  "min_eval_reward": 112.54773710139018,
  "max_eval_reward": 286.80070937663334,
  "termination_breakdown": {
    "terminated": 13,
    "truncated": 7
  },
  "final_policy_component_evaluation": {
    "angle_penalty": {
      "episode_sum_mean": -1.219389012928259,
      "episode_abs_sum_mean": 1.219389012928259,
      "signed_contribution_share": -0.004945845293471168,
      "magnitude_share": 0.004945845293471168,
      "active_rate": 1.0
    },
    "contact_reward": {
      "episode_sum_mean": 193.93500000000196,
      "episode_abs_sum_mean": 193.93500000000196,
      "signed_contribution_share": 0.7866009098162772,
      "magnitude_share": 0.7866009098162772,
      "active_rate": 0.5757811823768718
    },
    "proximity_improvement": {
      "episode_sum_mean": 39.325676061914386,
      "episode_abs_sum_mean": 41.14278450613865,
      "signed_contribution_share": 0.1595050535975545,
      "magnitude_share": 0.16687525059892938,
      "active_rate": 0.9892668570933957
    },
    "velocity_penalty": {
      "episode_sum_mean": -10.250977620622177,
      "episode_abs_sum_mean": 10.250977620622177,
      "signed_contribution_share": -0.041577994291322445,
      "magnitude_share": 0.041577994291322445,
      "active_rate": 0.9988747511468883
    }
  },
  "final_policy_component_error_count": 0
}