{
  "eval_episodes": 10,
  "episode_rewards": [
    -11.456781468660893,
    3.653238497714371,
    34.108368798504316,
    -14.347923705347917,
    -32.602662213857116,
    160.48864715277372,
    7.557460479232774,
    7.22107318210879,
    13.384466183366898,
    15.201257936698727
  ],
  "episode_lengths": [
    1000,
    1000,
    1000,
    1000,
    1000,
    540,
    1000,
    1000,
    1000,
    1000
  ],
  "mean_eval_reward": 18.32071448425337,
  "mean_episode_length": 954,
  "min_eval_reward": -32.602662213857116,
  "max_eval_reward": 160.48864715277372
}