{
  "eval_episodes": 20,
  "eval_seed_offset": 10000,
  "eval_seeds": [
    10000,
    10001,
    10002,
    10003,
    10004,
    10005,
    10006,
    10007,
    10008,
    10009,
    10010,
    10011,
    10012,
    10013,
    10014,
    10015,
    10016,
    10017,
    10018,
    10019
  ],
  "episode_rewards": [
    -475.32863013598364,
    -693.3875451230491,
    -713.1279261758729,
    -513.8516293473946,
    -734.0639733153815,
    -507.6183716352168,
    -744.29130165188,
    -703.000458917169,
    -533.7117401691594,
    -689.0991247079938,
    -420.95007975779987,
    -501.29698234322274,
    -560.3655885955419,
    -606.942659445962,
    -515.259430160391,
    -730.0835914186395,
    -527.7182966471046,
    -432.266937060288,
    -431.3127975710002,
    -619.2446884256138
  ],
  "episode_lengths": [
    55,
    71,
    75,
    58,
    79,
    71,
    74,
    75,
    75,
    70,
    49,
    56,
    66,
    68,
    57,
    78,
    59,
    51,
    52,
    66
  ],
  "episode_terminated": [
    true,
    true,
    true,
    true,
    true,
    true,
    true,
    true,
    true,
    true,
    true,
    true,
    true,
    true,
    true,
    true,
    true,
    true,
    true,
    true
  ],
  "mean_eval_reward": -582.6460876302332,
  "mean_episode_length": 65.25,
  "min_eval_reward": -744.29130165188,
  "max_eval_reward": -420.95007975779987,
  "termination_breakdown": {
    "terminated": 20,
    "truncated": 0
  },
  "final_policy_component_evaluation": {
    "contact": {
      "episode_sum_mean": 1.075,
      "episode_abs_sum_mean": 1.075,
      "signed_contribution_share": 0.011264871436511267,
      "magnitude_share": 0.011264871436511267,
      "active_rate": 0.026053639846743294
    },
    "proximity": {
      "episode_sum_mean": -65.8915074184537,
      "episode_abs_sum_mean": 65.8915074184537,
      "signed_contribution_share": -0.6904738230947064,
      "magnitude_share": 0.6904738230947064,
      "active_rate": 1.0
    },
    "stability": {
      "episode_sum_mean": 28.462899482343346,
      "episode_abs_sum_mean": 28.462899482343346,
      "signed_contribution_share": 0.29826130546878227,
      "magnitude_share": 0.29826130546878227,
      "active_rate": 1.0
    }
  },
  "final_policy_component_error_count": 0
}