{
  "eval_episodes": 20,
  "eval_seed_offset": 10000,
  "eval_seeds": [
    10000,
    10001,
    10002,
    10003,
    10004,
    10005,
    10006,
    10007,
    10008,
    10009,
    10010,
    10011,
    10012,
    10013,
    10014,
    10015,
    10016,
    10017,
    10018,
    10019
  ],
  "episode_rewards": [
    245.64217687901242,
    258.59232866684704,
    294.9049964538407,
    226.17330368321885,
    244.1736466482438,
    235.2406748706061,
    264.78843190752013,
    267.87332150223904,
    233.67470177500374,
    275.51256429005866,
    278.64640061745473,
    275.91035445436046,
    277.4402840054545,
    164.29359016105425,
    258.38291666840087,
    240.03024525277593,
    105.17155413710421,
    271.20683882006153,
    255.94507539015223,
    232.0270869864555
  ],
  "episode_lengths": [
    296,
    306,
    303,
    297,
    313,
    306,
    326,
    312,
    308,
    337,
    289,
    302,
    318,
    1000,
    301,
    300,
    1000,
    284,
    285,
    315
  ],
  "episode_terminated": [
    true,
    true,
    true,
    true,
    true,
    true,
    true,
    true,
    true,
    true,
    true,
    true,
    true,
    false,
    true,
    true,
    false,
    true,
    true,
    true
  ],
  "mean_eval_reward": 245.28152465849323,
  "mean_episode_length": 374.9,
  "min_eval_reward": 105.17155413710421,
  "max_eval_reward": 294.9049964538407,
  "termination_breakdown": {
    "terminated": 18,
    "truncated": 2
  }
}