{
  "eval_episodes": 20,
  "eval_seed_offset": 10000,
  "eval_seeds": [
    10000,
    10001,
    10002,
    10003,
    10004,
    10005,
    10006,
    10007,
    10008,
    10009,
    10010,
    10011,
    10012,
    10013,
    10014,
    10015,
    10016,
    10017,
    10018,
    10019
  ],
  "episode_rewards": [
    296.8924558067148,
    294.98174098434095,
    90.31585179307882,
    296.5153805067948,
    296.7861610239846,
    295.79803187790424,
    297.99299657284917,
    295.7111419887867,
    135.2920236935311,
    295.2595573352438,
    296.08952199748654,
    296.8933935940582,
    71.21634863778573,
    296.9378151753793,
    296.88398539620124,
    295.66338559479004,
    296.95404288522576,
    295.670907166165,
    296.47456346874947,
    139.12922995346028
  ],
  "episode_lengths": [
    1024,
    1019,
    677,
    1021,
    1011,
    1018,
    1016,
    1011,
    862,
    1016,
    1020,
    1027,
    627,
    1035,
    1025,
    1024,
    1015,
    1038,
    1031,
    857
  ],
  "episode_terminated": [
    true,
    true,
    true,
    true,
    true,
    true,
    true,
    true,
    true,
    true,
    true,
    true,
    true,
    true,
    true,
    true,
    true,
    true,
    true,
    true
  ],
  "mean_eval_reward": 258.87292677262656,
  "mean_episode_length": 968.7,
  "min_eval_reward": 71.21634863778573,
  "max_eval_reward": 297.99299657284917,
  "termination_breakdown": {
    "terminated": 20,
    "truncated": 0
  },
  "final_policy_component_evaluation": {
    "forward_velocity": {
      "episode_sum_mean": 473.9633264843941,
      "episode_abs_sum_mean": 474.0651878163867,
      "signed_contribution_share": 0.9664761824193812,
      "magnitude_share": 0.9666838916360637,
      "active_rate": 1.0
    },
    "upright_penalty": {
      "episode_sum_mean": -16.338336973971874,
      "episode_abs_sum_mean": 16.338336973971874,
      "signed_contribution_share": -0.03331610836393623,
      "magnitude_share": 0.03331610836393623,
      "active_rate": 1.0
    }
  },
  "final_policy_component_error_count": 0
}