{
  "eval_episodes": 20,
  "eval_seed_offset": 10000,
  "eval_seeds": [
    10000,
    10001,
    10002,
    10003,
    10004,
    10005,
    10006,
    10007,
    10008,
    10009,
    10010,
    10011,
    10012,
    10013,
    10014,
    10015,
    10016,
    10017,
    10018,
    10019
  ],
  "episode_rewards": [
    -117.22939866814308,
    -249.6911880788415,
    -175.21017829425114,
    -151.72968592675733,
    -246.4595513491233,
    -203.6362283321967,
    -126.72436662441413,
    -216.73463276889106,
    -224.4731209731485,
    -97.7054438114632,
    -186.11382439707748,
    -36.7492822695871,
    -113.17304703558543,
    -166.32417805661925,
    -32.76712360471314,
    -127.88128553000928,
    -158.55081121504384,
    -148.13154596849427,
    -133.40785146694193,
    -148.38350061605468
  ],
  "episode_lengths": [
    67,
    101,
    85,
    67,
    111,
    118,
    89,
    158,
    111,
    86,
    95,
    72,
    82,
    70,
    1000,
    89,
    70,
    59,
    65,
    83
  ],
  "episode_terminated": [
    true,
    true,
    true,
    true,
    true,
    true,
    true,
    true,
    true,
    true,
    true,
    true,
    true,
    true,
    false,
    true,
    true,
    true,
    true,
    true
  ],
  "mean_eval_reward": -153.0538122493678,
  "mean_episode_length": 133.9,
  "min_eval_reward": -249.6911880788415,
  "max_eval_reward": -32.76712360471314,
  "termination_breakdown": {
    "terminated": 19,
    "truncated": 1
  }
}