{
  "eval_episodes": 20,
  "eval_seed_offset": 10000,
  "eval_seeds": [
    10000,
    10001,
    10002,
    10003,
    10004,
    10005,
    10006,
    10007,
    10008,
    10009,
    10010,
    10011,
    10012,
    10013,
    10014,
    10015,
    10016,
    10017,
    10018,
    10019
  ],
  "episode_rewards": [
    -106.05818423672781,
    -114.70450107450108,
    -114.61641486132208,
    -107.11093605835313,
    -105.24362068249738,
    -113.26354632994773,
    -121.06630303608551,
    -108.96598268234169,
    -114.86140663494146,
    -110.49261038133122,
    -95.05909309317079,
    -100.40785051911867,
    -123.54552383740645,
    -117.34002201939691,
    -103.79102505005059,
    -100.39734977443976,
    -106.2416176838978,
    -92.58011931267771,
    -98.86978743176181,
    -124.12984388112145
  ],
  "episode_lengths": [
    57,
    76,
    81,
    61,
    83,
    74,
    78,
    81,
    76,
    74,
    52,
    60,
    67,
    69,
    60,
    82,
    62,
    54,
    54,
    68
  ],
  "episode_terminated": [
    true,
    true,
    true,
    true,
    true,
    true,
    true,
    true,
    true,
    true,
    true,
    true,
    true,
    true,
    true,
    true,
    true,
    true,
    true,
    true
  ],
  "mean_eval_reward": -108.93728692905455,
  "mean_episode_length": 68.45,
  "min_eval_reward": -124.12984388112145,
  "max_eval_reward": -92.58011931267771,
  "termination_breakdown": {
    "terminated": 20,
    "truncated": 0
  },
  "final_policy_component_evaluation": {
    "landing_bonus": {
      "episode_sum_mean": 0.0,
      "episode_abs_sum_mean": 0.0,
      "signed_contribution_share": 0.0,
      "magnitude_share": 0.0,
      "active_rate": 0.0
    },
    "progress_reward": {
      "episode_sum_mean": 11.203190945082827,
      "episode_abs_sum_mean": 11.599326748820634,
      "signed_contribution_share": 0.28638465732797896,
      "magnitude_share": 0.29651098802830395,
      "active_rate": 1.0
    },
    "stability_penalty": {
      "episode_sum_mean": -27.520055726520887,
      "episode_abs_sum_mean": 27.520055726520887,
      "signed_contribution_share": -0.703489011971696,
      "magnitude_share": 0.703489011971696,
      "active_rate": 1.0
    }
  },
  "final_policy_component_error_count": 0
}