{
  "eval_episodes": 10,
  "episode_rewards": [
    136.29594988211554,
    154.55536436624973,
    177.41532243645966,
    123.43959942595485,
    132.1058082122343,
    119.71049048558798,
    148.26183434463672,
    148.85631820822627,
    116.91593247963502,
    158.2460274958276
  ],
  "episode_lengths": [
    1000,
    1000,
    1000,
    1000,
    1000,
    1000,
    1000,
    1000,
    1000,
    1000
  ],
  "mean_eval_reward": 141.58026473369276,
  "mean_episode_length": 1000,
  "min_eval_reward": 116.91593247963502,
  "max_eval_reward": 177.41532243645966
}