{
  "eval_episodes": 20,
  "eval_seed_offset": 10000,
  "eval_seeds": [
    10000,
    10001,
    10002,
    10003,
    10004,
    10005,
    10006,
    10007,
    10008,
    10009,
    10010,
    10011,
    10012,
    10013,
    10014,
    10015,
    10016,
    10017,
    10018,
    10019
  ],
  "episode_rewards": [
    -29.440170042257005,
    -21.943757767609387,
    1.349365539729585,
    -39.738791862471,
    -39.20368405176738,
    -50.07154320652539,
    -105.60012352788723,
    -15.796468295111323,
    -50.186575154001815,
    -18.493546605763402,
    -3.3184286570500934,
    -16.629411684671908,
    -11.094452761166135,
    -7.683048520073185,
    -43.30115153648,
    -45.379075350154565,
    -60.846547165149666,
    95.58709118629065,
    -114.58232136255161,
    -53.336593911380405
  ],
  "episode_lengths": [
    1000,
    1000,
    1000,
    1000,
    1000,
    1000,
    636,
    1000,
    1000,
    1000,
    1000,
    1000,
    1000,
    1000,
    1000,
    1000,
    1000,
    888,
    689,
    1000
  ],
  "episode_terminated": [
    false,
    false,
    false,
    false,
    false,
    false,
    true,
    false,
    false,
    false,
    false,
    false,
    false,
    false,
    false,
    false,
    false,
    true,
    true,
    false
  ],
  "mean_eval_reward": -31.485461736802563,
  "mean_episode_length": 960.65,
  "min_eval_reward": -114.58232136255161,
  "max_eval_reward": 95.58709118629065,
  "termination_breakdown": {
    "terminated": 3,
    "truncated": 17
  },
  "final_policy_component_evaluation": {
    "approach_and_soft_landing": {
      "episode_sum_mean": 686.965145893395,
      "episode_abs_sum_mean": 686.965145893395,
      "signed_contribution_share": 0.9906670010707257,
      "magnitude_share": 0.9906670010707257,
      "active_rate": 1.0
    },
    "contact_reward": {
      "episode_sum_mean": 5.85,
      "episode_abs_sum_mean": 5.85,
      "signed_contribution_share": 0.008436238710083104,
      "magnitude_share": 0.008436238710083104,
      "active_rate": 0.0020298756050590745
    },
    "upright_stabilization": {
      "episode_sum_mean": -0.6218467094818317,
      "episode_abs_sum_mean": 0.6218467094818317,
      "signed_contribution_share": -0.0008967602191911848,
      "magnitude_share": 0.0008967602191911848,
      "active_rate": 1.0
    }
  },
  "final_policy_component_error_count": 0
}