{
  "eval_episodes": 20,
  "eval_seed_offset": 10000,
  "eval_seeds": [
    10000,
    10001,
    10002,
    10003,
    10004,
    10005,
    10006,
    10007,
    10008,
    10009,
    10010,
    10011,
    10012,
    10013,
    10014,
    10015,
    10016,
    10017,
    10018,
    10019
  ],
  "episode_rewards": [
    263.99032730341906,
    260.8731296774741,
    266.0301188332894,
    262.30481741001336,
    264.0293708280996,
    262.5965854249469,
    263.3392807382113,
    265.1526726749534,
    262.65692722651534,
    264.2471699721975,
    263.4805629735266,
    262.54347754058637,
    263.51795040237835,
    263.0074342467364,
    266.16945478606596,
    263.03115326279675,
    261.83665440259284,
    260.3255048480228,
    266.4658116357898,
    261.7088161782972
  ],
  "episode_lengths": [
    1308,
    1345,
    1286,
    1329,
    1322,
    1311,
    1315,
    1285,
    1342,
    1322,
    1323,
    1323,
    1316,
    1324,
    1289,
    1332,
    1330,
    1343,
    1276,
    1355
  ],
  "episode_terminated": [
    true,
    true,
    true,
    true,
    true,
    true,
    true,
    true,
    true,
    true,
    true,
    true,
    true,
    true,
    true,
    true,
    true,
    true,
    true,
    true
  ],
  "mean_eval_reward": 263.36536101829563,
  "mean_episode_length": 1318.8,
  "min_eval_reward": 260.3255048480228,
  "max_eval_reward": 266.4658116357898,
  "termination_breakdown": {
    "terminated": 20,
    "truncated": 0
  }
}