{
  "eval_episodes": 20,
  "eval_seed_offset": 10000,
  "eval_seeds": [
    10000,
    10001,
    10002,
    10003,
    10004,
    10005,
    10006,
    10007,
    10008,
    10009,
    10010,
    10011,
    10012,
    10013,
    10014,
    10015,
    10016,
    10017,
    10018,
    10019
  ],
  "episode_rewards": [
    -75.62489885751909,
    -88.36718920760518,
    -97.99663735327697,
    -88.83984553318996,
    -73.49378780132766,
    -88.99201716765388,
    -88.42543526874506,
    -92.29948285601365,
    -96.54873132093009,
    -102.18419580740097,
    -87.49735574711306,
    -91.65756321365481,
    -119.65367778136371,
    -104.69462731376265,
    -94.50763151160076,
    -70.55874986693456,
    -86.51861291910872,
    -69.67214547046677,
    -63.37310903212908,
    -94.8040368574407
  ],
  "episode_lengths": [
    58,
    77,
    81,
    62,
    84,
    75,
    79,
    81,
    76,
    74,
    52,
    60,
    67,
    70,
    60,
    83,
    62,
    55,
    55,
    69
  ],
  "episode_terminated": [
    true,
    true,
    true,
    true,
    true,
    true,
    true,
    true,
    true,
    true,
    true,
    true,
    true,
    true,
    true,
    true,
    true,
    true,
    true,
    true
  ],
  "mean_eval_reward": -88.78548654436187,
  "mean_episode_length": 69,
  "min_eval_reward": -119.65367778136371,
  "max_eval_reward": -63.37310903212908,
  "termination_breakdown": {
    "terminated": 20,
    "truncated": 0
  }
}