{
  "eval_episodes": 20,
  "eval_seed_offset": 10000,
  "eval_seeds": [
    10000,
    10001,
    10002,
    10003,
    10004,
    10005,
    10006,
    10007,
    10008,
    10009,
    10010,
    10011,
    10012,
    10013,
    10014,
    10015,
    10016,
    10017,
    10018,
    10019
  ],
  "episode_rewards": [
    269.2792159727891,
    268.5217384313174,
    46.82893966737956,
    270.52291860581323,
    58.334933190740514,
    258.79396773468903,
    251.64366299599823,
    252.80286594292198,
    271.55695391134094,
    259.199465681517,
    273.00116100850187,
    292.87068141533604,
    41.30867326016613,
    267.5580376021666,
    127.62923726281525,
    -0.1722681648085711,
    257.161711961065,
    36.4299911876663,
    6.8728246618086075,
    276.68921704630566
  ],
  "episode_lengths": [
    1600,
    1600,
    868,
    1600,
    906,
    1600,
    1600,
    1600,
    1600,
    1600,
    1600,
    1600,
    881,
    1600,
    1361,
    623,
    1600,
    791,
    737,
    1600
  ],
  "episode_terminated": [
    false,
    false,
    true,
    false,
    true,
    false,
    false,
    false,
    false,
    false,
    false,
    false,
    true,
    false,
    true,
    true,
    false,
    true,
    true,
    false
  ],
  "mean_eval_reward": 189.3416964687765,
  "mean_episode_length": 1348.35,
  "min_eval_reward": -0.1722681648085711,
  "max_eval_reward": 292.87068141533604,
  "termination_breakdown": {
    "terminated": 7,
    "truncated": 13
  },
  "final_policy_component_evaluation": {
    "action_cost": {
      "episode_sum_mean": -10.994526180993484,
      "episode_abs_sum_mean": 10.994526180993484,
      "signed_contribution_share": -0.02067103235292016,
      "magnitude_share": 0.02067103235292016,
      "active_rate": 1.0
    },
    "forward_reward": {
      "episode_sum_mean": 378.7350365087468,
      "episode_abs_sum_mean": 378.89699746799397,
      "signed_contribution_share": 0.7120674473803724,
      "magnitude_share": 0.7123719534748957,
      "active_rate": 1.0
    },
    "stability_cost": {
      "episode_sum_mean": -141.98932261364754,
      "episode_abs_sum_mean": 141.98932261364754,
      "signed_contribution_share": -0.26695701417218415,
      "magnitude_share": 0.26695701417218415,
      "active_rate": 1.0
    }
  },
  "final_policy_component_error_count": 0
}