{
  "eval_episodes": 10,
  "episode_rewards": [
    -113.94653492047948,
    -122.83477788519505,
    -108.07199838459309,
    -115.52712722376268,
    -110.49261038133122,
    -97.39672491029472,
    -100.12965524638406,
    -124.24414958117669,
    -116.8643639528688,
    -103.79102505005059
  ],
  "episode_lengths": [
    74,
    78,
    81,
    76,
    74,
    52,
    60,
    67,
    69,
    60
  ],
  "mean_eval_reward": -111.32989675361364,
  "mean_episode_length": 69.1,
  "min_eval_reward": -124.24414958117669,
  "max_eval_reward": -97.39672491029472
}