{
  "eval_episodes": 10,
  "episode_rewards": [
    -122.47552261945664,
    -107.24507872119733,
    -108.42502775858415,
    -108.73662466346177,
    -93.7338409399866,
    -91.85062024517617,
    -121.96745793512689,
    -115.31044706426405,
    -100.09075767021778,
    -101.73910714228863
  ],
  "episode_lengths": [
    78,
    81,
    76,
    74,
    52,
    60,
    67,
    69,
    60,
    82
  ],
  "mean_eval_reward": -107.157448475976,
  "mean_episode_length": 69.9,
  "min_eval_reward": -122.47552261945664,
  "max_eval_reward": -91.85062024517617
}