{
  "eval_episodes": 10,
  "episode_rewards": [
    -102.22694546993698,
    -102.22712083237433,
    -101.99698629852136,
    -102.23107812242085,
    -102.2333468361292,
    -101.86372475332954,
    -102.26972755600698,
    -102.224061974048,
    -102.23258362117906,
    -102.23687148204321
  ],
  "episode_lengths": [
    33,
    33,
    33,
    33,
    33,
    33,
    33,
    33,
    33,
    33
  ],
  "mean_eval_reward": -102.17424469459895,
  "mean_episode_length": 33,
  "min_eval_reward": -102.26972755600698,
  "max_eval_reward": -101.86372475332954
}