{
  "eval_episodes": 20,
  "eval_seed_offset": 10000,
  "eval_seeds": [
    10000,
    10001,
    10002,
    10003,
    10004,
    10005,
    10006,
    10007,
    10008,
    10009,
    10010,
    10011,
    10012,
    10013,
    10014,
    10015,
    10016,
    10017,
    10018,
    10019
  ],
  "episode_rewards": [
    -120.5292645336259,
    202.10223292273741,
    197.60125804700806,
    178.9574021463025,
    81.0818028491673,
    185.90949786661128,
    -84.84835631949268,
    -52.73949761559328,
    -99.45876957066561,
    -68.0712614232905,
    -60.48027592149026,
    146.9924121471183,
    -86.14767667195004,
    -106.46414410255333,
    -118.01136969378025,
    -204.44292438504473,
    -155.3023559192422,
    193.30371057024377,
    -136.4585238096613,
    102.30570248844225
  ],
  "episode_lengths": [
    384,
    369,
    324,
    419,
    1000,
    433,
    327,
    260,
    863,
    313,
    217,
    447,
    353,
    537,
    449,
    905,
    527,
    374,
    532,
    644
  ],
  "episode_terminated": [
    true,
    true,
    true,
    true,
    false,
    true,
    true,
    true,
    true,
    true,
    true,
    true,
    true,
    true,
    true,
    true,
    true,
    true,
    true,
    true
  ],
  "mean_eval_reward": -0.2350200464379597,
  "mean_episode_length": 483.85,
  "min_eval_reward": -204.44292438504473,
  "max_eval_reward": 202.10223292273741,
  "termination_breakdown": {
    "terminated": 19,
    "truncated": 1
  },
  "final_policy_component_evaluation": {
    "contact_reward": {
      "episode_sum_mean": 566.4164136886596,
      "episode_abs_sum_mean": 566.4164136886596,
      "signed_contribution_share": 0.9826385071171241,
      "magnitude_share": 0.9826385071171241,
      "active_rate": 0.07305983259274569
    },
    "progress": {
      "episode_sum_mean": 4.902541403709904,
      "episode_abs_sum_mean": 10.007581082742565,
      "signed_contribution_share": 0.008505095985211632,
      "magnitude_share": 0.017361492882875848,
      "active_rate": 1.0
    }
  },
  "final_policy_component_error_count": 0
}