{
  "eval_episodes": 20,
  "eval_seed_offset": 10000,
  "eval_seeds": [
    10000,
    10001,
    10002,
    10003,
    10004,
    10005,
    10006,
    10007,
    10008,
    10009,
    10010,
    10011,
    10012,
    10013,
    10014,
    10015,
    10016,
    10017,
    10018,
    10019
  ],
  "episode_rewards": [
    -602.0239815872518,
    -3908.5720528459788,
    -798.0652628997348,
    -7274.428265705671,
    -5673.956915973568,
    -6681.749240888674,
    -7410.095895250761,
    -2407.067740798024,
    -5828.178845217549,
    -555.8446032954314,
    -395.31278119112756,
    -443.39289547370635,
    -488.79179492593687,
    -10799.475542227616,
    -7687.9132669197115,
    -9800.083042750495,
    -9202.910158268442,
    -4945.070209728363,
    -1096.9914543469436,
    -909.3711722137483
  ],
  "episode_lengths": [
    139,
    377,
    148,
    546,
    505,
    568,
    603,
    304,
    498,
    114,
    110,
    117,
    112,
    720,
    621,
    641,
    678,
    510,
    197,
    154
  ],
  "episode_terminated": [
    true,
    true,
    true,
    true,
    true,
    true,
    true,
    true,
    true,
    true,
    true,
    true,
    true,
    true,
    true,
    true,
    true,
    true,
    true,
    true
  ],
  "mean_eval_reward": -4345.464756125437,
  "mean_episode_length": 383.1,
  "min_eval_reward": -10799.475542227616,
  "max_eval_reward": -395.31278119112756,
  "termination_breakdown": {
    "terminated": 20,
    "truncated": 0
  }
}