{
  "eval_episodes": 20,
  "eval_seed_offset": 10000,
  "eval_seeds": [
    10000,
    10001,
    10002,
    10003,
    10004,
    10005,
    10006,
    10007,
    10008,
    10009,
    10010,
    10011,
    10012,
    10013,
    10014,
    10015,
    10016,
    10017,
    10018,
    10019
  ],
  "episode_rewards": [
    -87.21367169993468,
    156.08983173982924,
    191.8381146930998,
    -198.56392757540087,
    -169.69139706684,
    -191.57817121878912,
    -122.35847574626061,
    -29.124800104260345,
    -202.3660755971418,
    -46.41853111268848,
    6.702478503067347,
    -73.5879806505032,
    -88.7856534619253,
    -105.81781753594825,
    -194.2379194882178,
    -204.39520791661124,
    -141.15194685033495,
    -161.37841517483753,
    -109.21899681783623,
    -132.81595621657357
  ],
  "episode_lengths": [
    1000,
    860,
    388,
    829,
    734,
    794,
    706,
    361,
    862,
    1000,
    1000,
    1000,
    1000,
    583,
    833,
    823,
    1000,
    760,
    1000,
    1000
  ],
  "episode_terminated": [
    false,
    true,
    true,
    true,
    true,
    true,
    true,
    true,
    true,
    false,
    false,
    false,
    false,
    true,
    true,
    true,
    false,
    true,
    false,
    false
  ],
  "mean_eval_reward": -95.20372596490537,
  "mean_episode_length": 826.65,
  "min_eval_reward": -204.39520791661124,
  "max_eval_reward": 191.8381146930998,
  "termination_breakdown": {
    "terminated": 12,
    "truncated": 8
  },
  "final_policy_component_evaluation": {
    "contact_bonus": {
      "episode_sum_mean": 183.9583862900734,
      "episode_abs_sum_mean": 183.9583862900734,
      "signed_contribution_share": 0.978104337854009,
      "magnitude_share": 0.978104337854009,
      "active_rate": 0.034960382265771486
    },
    "orientation_penalty": {
      "episode_sum_mean": -0.7251739442404154,
      "episode_abs_sum_mean": 0.7251739442404154,
      "signed_contribution_share": -0.003855740392513575,
      "magnitude_share": 0.003855740392513575,
      "active_rate": 1.0
    },
    "progress_reward": {
      "episode_sum_mean": 1.1819256216287612,
      "episode_abs_sum_mean": 3.3928843438625336,
      "signed_contribution_share": 0.00628428309711841,
      "magnitude_share": 0.018039921753477416,
      "active_rate": 0.9998185447287243
    },
    "velocity_penalty": {
      "episode_sum_mean": 0.0,
      "episode_abs_sum_mean": 0.0,
      "signed_contribution_share": 0.0,
      "magnitude_share": 0.0,
      "active_rate": 0.0
    }
  },
  "final_policy_component_error_count": 0
}