{
  "eval_episodes": 20,
  "eval_seed_offset": 10000,
  "eval_seeds": [
    10000,
    10001,
    10002,
    10003,
    10004,
    10005,
    10006,
    10007,
    10008,
    10009,
    10010,
    10011,
    10012,
    10013,
    10014,
    10015,
    10016,
    10017,
    10018,
    10019
  ],
  "episode_rewards": [
    -100.30685193430602,
    -117.18501326899226,
    -117.70964556959319,
    -107.11093605835313,
    -107.47324387931323,
    -117.12458006618738,
    -122.0998452604205,
    -108.46072830712629,
    -114.96700759384393,
    -112.6580984781962,
    -95.90909016593878,
    -114.31338528497776,
    -124.83957022608257,
    -119.8254051393489,
    -103.39140212888034,
    -102.99200118420202,
    -110.40367845642766,
    -96.18150987984643,
    -98.86978743176181,
    -127.61124394751022
  ],
  "episode_lengths": [
    57,
    76,
    81,
    61,
    83,
    74,
    78,
    81,
    76,
    74,
    52,
    59,
    67,
    69,
    60,
    82,
    62,
    54,
    54,
    68
  ],
  "episode_terminated": [
    true,
    true,
    true,
    true,
    true,
    true,
    true,
    true,
    true,
    true,
    true,
    true,
    true,
    true,
    true,
    true,
    true,
    true,
    true,
    true
  ],
  "mean_eval_reward": -110.97165121306543,
  "mean_episode_length": 68.4,
  "min_eval_reward": -127.61124394751022,
  "max_eval_reward": -95.90909016593878,
  "termination_breakdown": {
    "terminated": 20,
    "truncated": 0
  },
  "final_policy_component_evaluation": {
    "distance_reward": {
      "episode_sum_mean": -66.4650327156184,
      "episode_abs_sum_mean": 66.4650327156184,
      "signed_contribution_share": -0.88685792806743,
      "magnitude_share": 0.88685792806743,
      "active_rate": 1.0
    },
    "soft_landing_bonus": {
      "episode_sum_mean": 0.175,
      "episode_abs_sum_mean": 0.175,
      "signed_contribution_share": 0.0023350644853490045,
      "magnitude_share": 0.0023350644853490045,
      "active_rate": 0.005116959064327485
    },
    "stability_penalty": {
      "episode_sum_mean": -8.304364365494349,
      "episode_abs_sum_mean": 8.304364365494349,
      "signed_contribution_share": -0.11080700744722101,
      "magnitude_share": 0.11080700744722101,
      "active_rate": 1.0
    }
  },
  "final_policy_component_error_count": 0
}