{
  "eval_episodes": 20,
  "eval_seed_offset": 10000,
  "eval_seeds": [
    10000,
    10001,
    10002,
    10003,
    10004,
    10005,
    10006,
    10007,
    10008,
    10009,
    10010,
    10011,
    10012,
    10013,
    10014,
    10015,
    10016,
    10017,
    10018,
    10019
  ],
  "episode_rewards": [
    260.17224921515077,
    262.86458663436764,
    262.47055234894714,
    259.83992454969535,
    261.0791762781914,
    263.5816281075547,
    261.9461555830653,
    261.06283268126344,
    258.3120180739431,
    261.2465839557957,
    257.9646190463629,
    261.3688059797331,
    261.85963138420743,
    261.6600838785548,
    264.7481466049203,
    258.3025390408433,
    260.07954442506974,
    76.66503383775992,
    262.4588932326014,
    260.5977237542469
  ],
  "episode_lengths": [
    1217,
    1189,
    1219,
    1221,
    1202,
    1188,
    1213,
    1197,
    1253,
    1211,
    1239,
    1207,
    1203,
    1195,
    1195,
    1234,
    1221,
    892,
    1202,
    1219
  ],
  "episode_terminated": [
    true,
    true,
    true,
    true,
    true,
    true,
    true,
    true,
    true,
    true,
    true,
    true,
    true,
    true,
    true,
    true,
    true,
    true,
    true,
    true
  ],
  "mean_eval_reward": 251.91403643061372,
  "mean_episode_length": 1195.85,
  "min_eval_reward": 76.66503383775992,
  "max_eval_reward": 264.7481466049203,
  "termination_breakdown": {
    "terminated": 20,
    "truncated": 0
  }
}