{
  "eval_episodes": 10,
  "episode_rewards": [
    -119.1883177693791,
    -117.70964556959319,
    -107.11093605835313,
    -112.5422305685309,
    -130.74661246230815,
    -124.07914894482107,
    -108.46072830712629,
    -119.79091111306334,
    -109.24610916148248,
    -95.05909309317079
  ],
  "episode_lengths": [
    76,
    81,
    61,
    83,
    74,
    78,
    81,
    76,
    74,
    52
  ],
  "mean_eval_reward": -114.39337330478284,
  "mean_episode_length": 73.6,
  "min_eval_reward": -130.74661246230815,
  "max_eval_reward": -95.05909309317079
}