#{"t_start": 1783049812.1476896, "env_id": "CartPole-v1"}
r,l,t,original_env_reward,generated_reward,reward_error_count
16.490036,18,1.360649,1.0,0.5955591926112395,0
10.521479,12,1.378498,1.0,0.5712961186904271,0
27.187812,29,1.505565,1.0,0.720994917769208,0
13.304245,15,1.619937,1.0,0.5639732972023052,0
24.230161,26,1.736793,1.0,0.5607631950485059,0
50.567524,53,1.927306,1.0,0.7421590338734783,0
37.469193,40,2.16079,1.0,0.7669251070043197,0
68.366556,72,2.442276,1.0,0.6937219167886611,0
43.255967,47,2.605166,1.0,0.7441737419990306,0
96.799173,123,3.118388,1.0,0.1664264661471122,0
36.737535,40,3.257064,1.0,0.7529479102558226,0
35.725851,41,3.491627,1.0,0.7270079532435656,0
33.779925,36,3.6329,1.0,0.7726362357311285,0
45.63518,53,3.79453,1.0,0.6787678792525348,0
82.508887,93,4.179073,1.0,0.5950777645404424,0
71.730058,79,4.551168,1.0,0.6498697508879141,0
128.362118,151,5.101732,1.0,0.30695558123880334,0
430.717364,500,7.186053,1.0,0.900375279933844,0
485.181584,500,9.315855,1.0,0.9868760999122456,0
478.293117,500,11.438441,1.0,0.9271625663437095,0
142.011658,158,12.096084,1.0,0.5715732719157873,0
127.32392,154,12.754905,1.0,0.033820796752682736,0
139.812816,156,13.39888,1.0,0.34879346832302444,0
120.171203,145,14.04747,1.0,0.1835361870697276,0
120.248016,144,14.59643,1.0,0.3465108993191172,0
122.7508,148,15.220102,1.0,0.3551650493707516,0
140.0206,153,15.774615,1.0,0.4491985337191087,0
164.37361,197,16.65871,1.0,0.40501808127881733,0
495.610039,500,18.647567,1.0,0.9912806609121609,0
489.84133,500,20.721745,1.0,0.9979762300467628,0
493.92385,500,22.790177,1.0,0.9852881754501425,0
498.246901,500,24.900128,1.0,0.9984961541895304,0
497.925095,500,26.976621,1.0,0.9978847805766071,0
498.423325,500,29.050299,1.0,0.9972191564304309,0
498.245371,500,31.155894,1.0,0.9992769135330851,0
498.583456,500,33.333243,1.0,0.9984882387751982,0
498.56737,500,35.574193,1.0,0.9977216655937098,0
498.919772,500,38.170032,1.0,0.9999076644411328,0
498.864048,500,40.40652,1.0,0.999188273253026,0
498.668621,500,42.633385,1.0,0.9992128201876282,0
498.521098,500,45.05646,1.0,0.9997945250423319,0
499.001383,500,47.880107,1.0,0.9998487113440346,0
498.896242,500,50.124732,1.0,0.9992657860436842,0
498.698585,500,52.658899,1.0,0.9993605365762144,0
498.783198,500,54.863318,1.0,0.9988889963162113,0
