#{"t_start": 1783049812.0403364, "env_id": "CartPole-v1"}
r,l,t,original_env_reward,generated_reward,reward_error_count
11.570665,13,1.457417,1.0,0.5552723016949622,0
11.66187,13,1.479873,1.0,0.7651640873428261,0
20.544009,22,1.596454,1.0,0.7247356319828808,0
11.506763,13,1.618203,1.0,0.7050522170683697,0
10.584616,12,1.724964,1.0,0.6098914926262164,0
26.377093,29,1.846803,1.0,0.7369691651539501,0
78.457823,83,2.168798,1.0,0.7371348551849796,0
84.366854,88,2.561168,1.0,0.7627216240944891,0
17.183444,19,2.67845,1.0,0.7737044452270989,0
71.096616,75,2.955766,1.0,0.7177782039036236,0
22.97294,25,3.06998,1.0,0.7580754077922172,0
83.988716,91,3.461282,1.0,0.6362462447229403,0
58.208114,62,3.726965,1.0,0.7383865320279781,0
67.421624,75,4.012111,1.0,0.63167670481679,0
74.297113,86,4.383569,1.0,0.5284878333464464,0
118.020551,146,4.933038,1.0,0.20545701480367268,0
198.608539,242,5.97399,1.0,0.3685704770085216,0
493.982879,500,7.948853,1.0,0.9836229971149691,0
493.319141,500,10.173879,1.0,0.9822285711910241,0
478.040231,500,12.294035,1.0,0.8847771514344239,0
139.59991,167,12.974958,1.0,0.3581613049418349,0
111.465927,136,13.508226,1.0,0.22158774016586358,0
151.218212,178,14.282288,1.0,0.33767572490327014,0
155.26691,181,14.981622,1.0,0.03456712836181586,0
161.619741,200,15.761065,1.0,0.2667415674949259,0
440.264028,500,17.832739,1.0,0.9658382337014897,0
488.774647,500,19.909031,1.0,0.9780392715517584,0
493.564642,500,21.92599,1.0,0.9967517060351271,0
496.746036,500,24.073243,1.0,0.9919206011056482,0
498.043933,500,26.153192,1.0,0.9983454330313857,0
498.298426,500,28.22429,1.0,0.9973639458880978,0
497.93035,500,30.322577,1.0,0.9997845450103668,0
498.327427,500,32.358138,1.0,0.9990614351523195,0
498.593915,500,34.693377,1.0,0.9987447639414989,0
498.573033,500,36.938861,1.0,0.9990042445446292,0
498.943903,500,39.516547,1.0,0.99989683210882,0
498.569208,500,41.742661,1.0,0.9997975134180989,0
498.936954,500,43.982479,1.0,0.9997088187951674,0
498.511018,500,46.904564,1.0,0.999297993289692,0
498.948805,500,49.231578,1.0,0.9996179701768565,0
498.97437,500,51.62107,1.0,0.9995219211801541,0
498.771382,500,53.969411,1.0,0.999022911542114,0
498.628412,500,56.30118,1.0,0.9997375935362284,0
