#{"t_start": 1783049811.7577116, "env_id": "CartPole-v1"}
r,l,t,original_env_reward,generated_reward,reward_error_count
11.4318,13,1.740042,1.0,0.5901290790492757,0
10.258711,12,1.761499,1.0,0.5255474387214556,0
15.476754,17,1.87126,1.0,0.6632101618168575,0
17.536302,19,1.899831,1.0,0.6569555242561868,0
19.362913,21,2.021178,1.0,0.681633204724037,0
19.343996,21,2.130801,1.0,0.7020216628053262,0
10.346336,12,2.147237,1.0,0.6245116736808107,0
17.014722,19,2.283911,1.0,0.7375640497796535,0
17.653505,19,2.317284,1.0,0.7616540576330999,0
90.389553,98,2.725197,1.0,0.693973960037294,0
51.874699,55,2.983484,1.0,0.7589255546953179,0
74.354379,78,3.262357,1.0,0.7103458989636794,0
21.319338,23,3.373573,1.0,0.7628737879346825,0
45.055225,50,3.621272,1.0,0.7372120924595071,0
36.314823,39,3.76449,1.0,0.7700898387054161,0
69.641694,79,4.056543,1.0,0.5901119095611402,0
72.330921,81,4.42724,1.0,0.6245399372357493,0
72.150297,83,4.803699,1.0,0.5328827180537345,0
108.296328,125,5.232853,1.0,0.39624669289584363,0
274.959302,315,6.545515,1.0,0.2043958183928602,0
481.045135,500,8.655207,1.0,0.9768951233554422,0
496.312396,500,10.85709,1.0,0.9863296105772312,0
384.109993,415,12.57666,1.0,0.45124067038771043,0
123.32955,150,13.150648,1.0,0.07468238402458627,0
131.523418,158,13.799647,1.0,0.11698177765255549,0
125.421954,137,14.351626,1.0,0.47699827558372254,0
108.648609,133,14.964957,1.0,0.2015979752932232,0
169.909879,192,15.730955,1.0,0.25064025051162153,0
120.720248,131,16.25742,1.0,0.523639658262302,0
343.296299,500,18.254964,1.0,0.6671125968604183,0
489.827475,500,20.329036,1.0,0.9791602047658918,0
496.421643,500,22.431862,1.0,0.988071882576469,0
498.301616,500,24.496804,1.0,0.9959210669827375,0
498.402343,500,26.579261,1.0,0.9969669670929141,0
498.265064,500,28.645583,1.0,0.9997952605752598,0
498.312616,500,30.752049,1.0,0.9979919337405376,0
498.604037,500,32.901809,1.0,0.9996911380573121,0
498.671924,500,35.122179,1.0,0.9989449361726347,0
498.413488,500,37.369076,1.0,0.9998161168185113,0
498.95096,500,40.046064,1.0,0.9997039754586683,0
498.372972,500,42.174819,1.0,0.9995795598955723,0
498.378114,500,44.428228,1.0,0.9994303312046477,0
498.885203,500,47.37413,1.0,0.9992941209322918,0
498.975113,500,49.673288,1.0,0.9997118192811515,0
498.76274,500,52.174969,1.0,0.9993351956942658,0
498.991126,500,54.419285,1.0,0.9987570173665873,0
498.619317,500,56.752789,1.0,0.9985101001520927,0
