{
  "eval_episodes": 10,
  "episode_rewards": [
    -12.861116399628662,
    -59.35293714557508,
    -58.53392137344011,
    -70.13352363118243,
    -39.38554628709001,
    -37.348505274699065,
    -73.80828281131399,
    -26.128052775092673,
    -16.177925982821467,
    -30.998770073464005
  ],
  "episode_lengths": [
    1000,
    1000,
    1000,
    1000,
    1000,
    1000,
    1000,
    1000,
    1000,
    1000
  ],
  "mean_eval_reward": -42.47285817543075,
  "mean_episode_length": 1000,
  "min_eval_reward": -73.80828281131399,
  "max_eval_reward": -12.861116399628662
}