{
  "eval_episodes": 20,
  "eval_seed_offset": 10000,
  "eval_seeds": [
    10000,
    10001,
    10002,
    10003,
    10004,
    10005,
    10006,
    10007,
    10008,
    10009,
    10010,
    10011,
    10012,
    10013,
    10014,
    10015,
    10016,
    10017,
    10018,
    10019
  ],
  "episode_rewards": [
    -3.727249812157045,
    -7.969961876587878,
    191.08570753563262,
    -23.60658980300766,
    -23.009439176741125,
    -24.436868628668194,
    8.028979556579955,
    -5.814566474359418,
    -39.48847107766344,
    11.658231227346445,
    -4.922821302752595,
    12.374617100003242,
    5.822471878173756,
    8.543050231678574,
    -13.360256643889636,
    -24.06968715244916,
    -38.36327616300225,
    -14.822825141249831,
    -27.441974512690418,
    -32.52846476359823
  ],
  "episode_lengths": [
    1000,
    1000,
    569,
    1000,
    1000,
    1000,
    1000,
    1000,
    1000,
    1000,
    433,
    1000,
    1000,
    1000,
    1000,
    1000,
    1000,
    1000,
    1000,
    1000
  ],
  "episode_terminated": [
    false,
    false,
    true,
    false,
    false,
    false,
    false,
    false,
    false,
    false,
    true,
    false,
    false,
    false,
    false,
    false,
    false,
    false,
    false,
    false
  ],
  "mean_eval_reward": -2.3024697499701143,
  "mean_episode_length": 950.1,
  "min_eval_reward": -39.48847107766344,
  "max_eval_reward": 191.08570753563262,
  "termination_breakdown": {
    "terminated": 2,
    "truncated": 18
  },
  "final_policy_component_evaluation": {
    "approach_improvement": {
      "episode_sum_mean": 2.3487355709075928,
      "episode_abs_sum_mean": 3.2194154113531113,
      "signed_contribution_share": 0.25902703230976387,
      "magnitude_share": 0.35504874627196725,
      "active_rate": 1.0
    },
    "contact_reward": {
      "episode_sum_mean": 2.25,
      "episode_abs_sum_mean": 2.25,
      "signed_contribution_share": 0.248138117341051,
      "magnitude_share": 0.248138117341051,
      "active_rate": 0.0007893905904641617
    },
    "soft_landing_velocity": {
      "episode_sum_mean": -3.0809721537498325,
      "episode_abs_sum_mean": 3.0809721537498325,
      "signed_contribution_share": -0.3397807243607496,
      "magnitude_share": 0.3397807243607496,
      "active_rate": 0.9999473739606357
    },
    "upright_stabilization": {
      "episode_sum_mean": -0.5171431476714639,
      "episode_abs_sum_mean": 0.5171431476714639,
      "signed_contribution_share": -0.05703241202623208,
      "magnitude_share": 0.05703241202623208,
      "active_rate": 1.0
    }
  },
  "final_policy_component_error_count": 0
}