{
  "eval_episodes": 20,
  "eval_seed_offset": 10000,
  "eval_seeds": [
    10000,
    10001,
    10002,
    10003,
    10004,
    10005,
    10006,
    10007,
    10008,
    10009,
    10010,
    10011,
    10012,
    10013,
    10014,
    10015,
    10016,
    10017,
    10018,
    10019
  ],
  "episode_rewards": [
    103.65565513702344,
    -88.89677799724109,
    -293.20478311724423,
    239.21513932960113,
    266.21013427960224,
    258.5053097944213,
    123.84270854303249,
    -54.65153650447188,
    231.7893178025453,
    113.85521957256724,
    -456.05003584722124,
    163.38777577109002,
    17.573604809492537,
    -148.02470330011027,
    231.67533696505757,
    209.7905517099659,
    196.51538962298676,
    24.84536316142257,
    145.13867790702218,
    176.20557165226563
  ],
  "episode_lengths": [
    1000,
    78,
    93,
    244,
    254,
    249,
    1000,
    94,
    243,
    1000,
    202,
    1000,
    208,
    70,
    653,
    292,
    250,
    84,
    1000,
    267
  ],
  "episode_terminated": [
    false,
    true,
    true,
    true,
    true,
    true,
    false,
    true,
    true,
    false,
    true,
    false,
    true,
    true,
    true,
    true,
    true,
    true,
    false,
    true
  ],
  "mean_eval_reward": 73.06889596459038,
  "mean_episode_length": 414.05,
  "min_eval_reward": -456.05003584722124,
  "max_eval_reward": 266.21013427960224,
  "termination_breakdown": {
    "terminated": 15,
    "truncated": 5
  },
  "final_policy_component_evaluation": {
    "distance_progress": {
      "episode_sum_mean": 2.1755014261558445,
      "episode_abs_sum_mean": 2.46216329648005,
      "signed_contribution_share": 0.03867168580844562,
      "magnitude_share": 0.04376738358605072,
      "active_rate": 0.9911846395362879
    },
    "landing_approach": {
      "episode_sum_mean": 52.44705630980304,
      "episode_abs_sum_mean": 52.44705630980304,
      "signed_contribution_share": 0.9322982089579495,
      "magnitude_share": 0.9322982089579495,
      "active_rate": 0.9857505132230407
    },
    "stability_penalty": {
      "episode_sum_mean": -1.3464460228767974,
      "episode_abs_sum_mean": 1.3464460228767974,
      "signed_contribution_share": -0.023934407455999823,
      "magnitude_share": 0.023934407455999823,
      "active_rate": 1.0
    }
  },
  "final_policy_component_error_count": 0
}