{
  "eval_episodes": 10,
  "episode_rewards": [
    -105.22162140247539,
    -107.11093605835313,
    -106.45737126311761,
    -113.13493894320084,
    -120.79634648567472,
    -108.46072830712629,
    -117.17467751198853,
    -110.72587252389204,
    -95.05909309317079,
    -102.00064739762288
  ],
  "episode_lengths": [
    81,
    61,
    83,
    74,
    78,
    81,
    76,
    74,
    52,
    60
  ],
  "mean_eval_reward": -108.61422329866222,
  "mean_episode_length": 72,
  "min_eval_reward": -120.79634648567472,
  "max_eval_reward": -95.05909309317079
}