{
  "eval_episodes": 10,
  "episode_rewards": [
    7.344313719424352,
    33.7335117256328,
    179.8348941334543,
    -12.146963887721459,
    -20.198425700173882,
    10.22436337789343,
    3.773290544853338,
    -26.00434988336419,
    18.88345137893367,
    23.780101215242475
  ],
  "episode_lengths": [
    1000,
    1000,
    638,
    1000,
    1000,
    1000,
    1000,
    1000,
    1000,
    1000
  ],
  "mean_eval_reward": 21.922418662417485,
  "mean_episode_length": 963.8,
  "min_eval_reward": -26.00434988336419,
  "max_eval_reward": 179.8348941334543
}