{
  "eval_episodes": 10,
  "episode_rewards": [
    243.95054407285616,
    153.64527979230738,
    225.9970448641653,
    230.1726360589327,
    220.99145178155615,
    225.6821035626363,
    246.91743988777768,
    208.15719999881543,
    257.39394486914944,
    299.98914488475447
  ],
  "episode_lengths": [
    375,
    1000,
    344,
    377,
    372,
    353,
    419,
    718,
    362,
    273
  ],
  "mean_eval_reward": 231.2896789772951,
  "mean_episode_length": 459.3,
  "min_eval_reward": 153.64527979230738,
  "max_eval_reward": 299.98914488475447
}