{
  "eval_episodes": 20,
  "eval_seed_offset": 10000,
  "eval_seeds": [
    10000,
    10001,
    10002,
    10003,
    10004,
    10005,
    10006,
    10007,
    10008,
    10009,
    10010,
    10011,
    10012,
    10013,
    10014,
    10015,
    10016,
    10017,
    10018,
    10019
  ],
  "episode_rewards": [
    -85.76252778759145,
    -59.19063848725376,
    -31.092387950331762,
    -74.94143826249909,
    -82.05060446897723,
    -81.92489442633695,
    -51.27176667899142,
    -47.33585383578463,
    -89.10178297706292,
    -37.62556907397345,
    -22.954315620658914,
    -56.495702910147706,
    -51.90786218184127,
    -39.42624208449951,
    -67.01229416470822,
    -81.81544874496547,
    -89.75425483306992,
    -56.97105623071468,
    -73.2877083984146,
    -93.2688244303532
  ],
  "episode_lengths": [
    1000,
    1000,
    1000,
    1000,
    1000,
    1000,
    1000,
    1000,
    1000,
    1000,
    1000,
    1000,
    1000,
    1000,
    1000,
    1000,
    1000,
    1000,
    1000,
    1000
  ],
  "episode_terminated": [
    false,
    false,
    false,
    false,
    false,
    false,
    false,
    false,
    false,
    false,
    false,
    false,
    false,
    false,
    false,
    false,
    false,
    false,
    false,
    false
  ],
  "mean_eval_reward": -63.65955867740881,
  "mean_episode_length": 1000,
  "min_eval_reward": -93.2688244303532,
  "max_eval_reward": -22.954315620658914,
  "termination_breakdown": {
    "terminated": 0,
    "truncated": 20
  },
  "final_policy_component_evaluation": {
    "angle_penalty": {
      "episode_sum_mean": -0.11819333702519699,
      "episode_abs_sum_mean": 0.11819333702519699,
      "signed_contribution_share": -0.044636637255446115,
      "magnitude_share": 0.044636637255446115,
      "active_rate": 0.9999
    },
    "angvel_penalty": {
      "episode_sum_mean": -0.01210958673532088,
      "episode_abs_sum_mean": 0.01210958673532088,
      "signed_contribution_share": -0.0045732800513335805,
      "magnitude_share": 0.0045732800513335805,
      "active_rate": 0.9995
    },
    "contact_reward": {
      "episode_sum_mean": 0.0,
      "episode_abs_sum_mean": 0.0,
      "signed_contribution_share": 0.0,
      "magnitude_share": 0.0,
      "active_rate": 0.0
    },
    "distance_progress": {
      "episode_sum_mean": 1.5162681579589843,
      "episode_abs_sum_mean": 2.5175967454910277,
      "signed_contribution_share": 0.5726305175254515,
      "magnitude_share": 0.9507900826932203,
      "active_rate": 0.99995
    },
    "landing_bonus": {
      "episode_sum_mean": 0.0,
      "episode_abs_sum_mean": 0.0,
      "signed_contribution_share": 0.0,
      "magnitude_share": 0.0,
      "active_rate": 0.0
    }
  },
  "final_policy_component_error_count": 0
}