{
  "eval_episodes": 10,
  "episode_rewards": [
    -101.82013458530659,
    -116.51167728700844,
    -117.70964556959319,
    -106.66789978101414,
    -105.04862025497246,
    -114.07845762930006,
    -118.8022861008321,
    -111.77318539060033,
    -115.02447947929633,
    -116.24519145994353
  ],
  "episode_lengths": [
    57,
    76,
    81,
    61,
    83,
    74,
    78,
    81,
    76,
    74
  ],
  "mean_eval_reward": -112.36815775378672,
  "mean_episode_length": 74.1,
  "min_eval_reward": -118.8022861008321,
  "max_eval_reward": -101.82013458530659
}