{
  "eval_episodes": 10,
  "episode_rewards": [
    161.80845963353238,
    162.4998766231716,
    131.96314080484257,
    171.54346934409162,
    186.36676979622388,
    155.88756355320032,
    -5.243112731902102,
    50.922958736198865,
    147.30159761175102,
    134.56861300005014
  ],
  "episode_lengths": [
    1000,
    1000,
    1000,
    1000,
    1000,
    1000,
    153,
    145,
    1000,
    1000
  ],
  "mean_eval_reward": 129.76193363711602,
  "mean_episode_length": 829.8,
  "min_eval_reward": -5.243112731902102,
  "max_eval_reward": 186.36676979622388
}