{
  "eval_episodes": 10,
  "episode_rewards": [
    -108.7281520943836,
    -122.11488584133556,
    -109.52728777269684,
    -111.56820312818047,
    -111.02147885480261,
    -128.6827199902699,
    -126.04974857104855,
    -119.89821281190638,
    -137.7224707553096,
    -123.38916659520766
  ],
  "episode_lengths": [
    57,
    76,
    81,
    61,
    83,
    74,
    78,
    80,
    75,
    74
  ],
  "mean_eval_reward": -119.87023264151412,
  "mean_episode_length": 73.9,
  "min_eval_reward": -137.7224707553096,
  "max_eval_reward": -108.7281520943836
}