{
  "eval_episodes": 10,
  "episode_rewards": [
    -109.4635048033108,
    -115.56694575566425,
    -106.10440659800392,
    -107.11093605835313,
    -106.3876229232186,
    -112.74778148130375,
    -124.07914894482107,
    -108.07199838459309,
    -114.63246493670755,
    -108.89521746702192
  ],
  "episode_lengths": [
    57,
    76,
    81,
    61,
    83,
    74,
    78,
    81,
    76,
    74
  ],
  "mean_eval_reward": -111.30600273529981,
  "mean_episode_length": 74.1,
  "min_eval_reward": -124.07914894482107,
  "max_eval_reward": -106.10440659800392
}