{
  "runner_env_id": "LunarLander-v3",
  "reward_path": "runs\\env_001\\exp_v4\\seed_0\\iter_01\\generation\\reward_v1.py",
  "run_name": "exp_v4/seed_0/iter_01/training",
  "n_envs": 4,
  "total_timesteps": 1000000,
  "reward_clip": 20.0,
  "error_fallback": "zero",
  "ppo_args": {
    "policy": "MlpPolicy",
    "verbose": "1",
    "device": "auto",
    "seed": "0",
    "n_steps": "1024",
    "batch_size": "64",
    "gae_lambda": "0.98",
    "gamma": "0.999",
    "n_epochs": "4",
    "ent_coef": "0.01",
    "tensorboard_log": "runs/env_001/tensorboard"
  },
  "model_path": "runs\\env_001\\exp_v4\\seed_0\\iter_01\\training\\model.zip",
  "monitor_dir": "runs\\env_001\\exp_v4\\seed_0\\iter_01\\training\\monitor",
  "tensorboard_log": "runs/env_001/tensorboard",
  "external_eval": {
    "eval_episodes": 10,
    "episode_rewards": [
      -109.4635048033108,
      -115.56694575566425,
      -106.10440659800392,
      -107.11093605835313,
      -106.3876229232186,
      -112.74778148130375,
      -124.07914894482107,
      -108.07199838459309,
      -114.63246493670755,
      -108.89521746702192
    ],
    "episode_lengths": [
      57,
      76,
      81,
      61,
      83,
      74,
      78,
      81,
      76,
      74
    ],
    "mean_eval_reward": -111.30600273529981,
    "mean_episode_length": 74.1,
    "min_eval_reward": -124.07914894482107,
    "max_eval_reward": -106.10440659800392
  },
  "component_summary": {
    "steps_seen": 1003520,
    "reward_error_count_max": 0,
    "component_stats": {
      "component.energy_penalty": {
        "count": 1003520,
        "mean": -0.00792610012757112,
        "abs_mean": 0.00792610012757112,
        "nonzero_rate": 0.15852200255102042,
        "min": -0.05,
        "max": -0.0
      },
      "component.progress_reward": {
        "count": 1003520,
        "mean": 0.161319934625521,
        "abs_mean": 0.17062267895961092,
        "nonzero_rate": 0.9999900350765306,
        "min": -0.4167419970035553,
        "max": 0.42116594314575195
      },
      "component.soft_landing_bonus": {
        "count": 1003520,
        "mean": 0.01010642538265306,
        "abs_mean": 0.01010642538265306,
        "nonzero_rate": 0.00505321269132653,
        "min": 0.0,
        "max": 2.0
      },
      "component.stability_penalty": {
        "count": 1003520,
        "mean": -0.241066810191383,
        "abs_mean": 0.241066810191383,
        "nonzero_rate": 1.0,
        "min": -3.368588447570801,
        "max": -8.01939791017503e-07
      },
      "component.total_reward": {
        "count": 1003520,
        "mean": -0.0775665500746377,
        "abs_mean": 0.10209281041036909,
        "nonzero_rate": 1.0,
        "min": -3.5791256427764893,
        "max": 2.000559091567993
      },
      "generated_reward": {
        "count": 1003520,
        "mean": -0.0775665500746377,
        "abs_mean": 0.10209281041036909,
        "nonzero_rate": 1.0,
        "min": -3.5791256427764893,
        "max": 2.000559091567993
      },
      "original_env_reward": {
        "count": 1003520,
        "mean": -1.5765369161281593,
        "abs_mean": 2.2960651496080176,
        "nonzero_rate": 1.0,
        "min": -100.0,
        "max": 133.85411949264508
      }
    }
  }
}