{
  "eval_episodes": 10,
  "episode_rewards": [
    149.0431909709738,
    139.26240483096203,
    161.817704826568,
    166.0678679898262,
    134.69820770792117,
    176.32610543773842,
    195.13925201786378,
    169.31937631034833,
    167.85826036175823,
    193.11662952450078
  ],
  "episode_lengths": [
    1000,
    1000,
    1000,
    1000,
    1000,
    1000,
    1000,
    1000,
    1000,
    1000
  ],
  "mean_eval_reward": 165.26489999784607,
  "mean_episode_length": 1000,
  "min_eval_reward": 134.69820770792117,
  "max_eval_reward": 195.13925201786378
}