{
  "eval_episodes": 20,
  "eval_seed_offset": 10000,
  "eval_seeds": [
    10000,
    10001,
    10002,
    10003,
    10004,
    10005,
    10006,
    10007,
    10008,
    10009,
    10010,
    10011,
    10012,
    10013,
    10014,
    10015,
    10016,
    10017,
    10018,
    10019
  ],
  "episode_rewards": [
    -69.38535155377306,
    -117.57309126455527,
    -115.76678608614118,
    -86.10395883033735,
    -93.57074451323413,
    -94.97296311803926,
    -71.34128629628557,
    -111.77148563153537,
    -101.17633644029489,
    -65.04424232377984,
    -66.84525137125951,
    -56.37067507357501,
    -77.46786122726931,
    -117.83126117304563,
    -71.30710750972756,
    -70.26486415600436,
    -82.31046739228336,
    -96.32695863885614,
    -58.166390162578594,
    -80.90786297169116
  ],
  "episode_lengths": [
    58,
    76,
    81,
    61,
    83,
    75,
    81,
    81,
    76,
    76,
    53,
    62,
    69,
    69,
    61,
    83,
    63,
    54,
    55,
    70
  ],
  "episode_terminated": [
    true,
    true,
    true,
    true,
    true,
    true,
    true,
    true,
    true,
    true,
    true,
    true,
    true,
    true,
    true,
    true,
    true,
    true,
    true,
    true
  ],
  "mean_eval_reward": -85.22524728671333,
  "mean_episode_length": 69.35,
  "min_eval_reward": -117.83126117304563,
  "max_eval_reward": -56.37067507357501,
  "termination_breakdown": {
    "terminated": 20,
    "truncated": 0
  },
  "final_policy_component_evaluation": {
    "landing_quality": {
      "episode_sum_mean": 0.7517020009458065,
      "episode_abs_sum_mean": 0.7517020009458065,
      "signed_contribution_share": 0.11451996744555391,
      "magnitude_share": 0.11451996744555391,
      "active_rate": 0.03460706560922855
    },
    "orientation_penalty": {
      "episode_sum_mean": -0.008575685597786598,
      "episode_abs_sum_mean": 0.008575685597786598,
      "signed_contribution_share": -0.001306484796164098,
      "magnitude_share": 0.001306484796164098,
      "active_rate": 0.9992790194664743
    },
    "progress": {
      "episode_sum_mean": 5.590425299666822,
      "episode_abs_sum_mean": 5.803660617955029,
      "signed_contribution_share": 0.8516876668135959,
      "magnitude_share": 0.884173547758282,
      "active_rate": 1.0
    }
  },
  "final_policy_component_error_count": 0
}