#{"t_start": 1783049225.5955555, "env_id": "CartPole-v1"}
r,l,t,original_env_reward,generated_reward,reward_error_count
2.474429,31,1.488885,1.0,0.037989895066697504,0
2.880142,35,1.720811,1.0,0.038899603871002934,0
2.91405,35,1.869174,1.0,0.03976632882397718,0
4.143749,51,2.044275,1.0,0.04515068008787088,0
2.134314,36,2.183877,1.0,0.04371559685318392,0
4.978768,70,2.553187,1.0,0.03849484375110721,0
4.717044,60,2.730811,1.0,0.04298134365930825,0
7.925565,136,3.388247,1.0,0.04101808888719702,0
32.128506,347,4.902344,1.0,0.07101194966812363,0
10.552696,155,5.505182,1.0,0.06669007018122602,0
11.58573,151,6.192526,1.0,0.04567453065276701,0
20.177888,236,7.167301,1.0,0.05396776414629529,0
47.587839,500,9.376675,1.0,0.10823750652047015,0
48.425266,500,11.597841,1.0,0.10981662096841693,0
50.788423,500,13.69317,1.0,0.10467275506108698,0
52.574643,500,15.777169,1.0,0.10921339921515093,0
54.860357,500,17.916153,1.0,0.10965194082009333,0
52.501198,500,19.938765,1.0,0.10627413714602187,0
53.650087,500,22.076483,1.0,0.10768249519960145,0
54.154974,500,24.19111,1.0,0.10095833318670133,0
52.944004,500,26.314721,1.0,0.10163515336356599,0
52.634885,500,28.451748,1.0,0.10669914301185746,0
55.238578,500,30.472045,1.0,0.11268785318880603,0
54.87407,500,32.790123,1.0,0.1065306581746926,0
54.5961,500,35.013149,1.0,0.10982116115454488,0
53.578027,500,37.072584,1.0,0.10506009530426239,0
55.188468,500,39.234495,1.0,0.10990075681135629,0
54.667681,500,41.329039,1.0,0.10864949833076054,0
54.518794,500,43.533254,1.0,0.10489120660113622,0
53.194508,500,45.745599,1.0,0.10485531419732344,0
54.388199,500,47.795089,1.0,0.10898101742029644,0
53.867414,500,49.941826,1.0,0.10561398764179197,0
54.346883,500,52.167472,1.0,0.1118424698097837,0
55.265055,500,54.277028,1.0,0.1074063379666519,0
