#{"t_start": 1783049225.164583, "env_id": "CartPole-v1"}
r,l,t,original_env_reward,generated_reward,reward_error_count
1.863047,24,1.908065,1.0,0.04196099850778746,0
2.641307,33,2.047968,1.0,0.04429114843524809,0
4.606329,54,2.314219,1.0,0.04219802929148369,0
6.265499,87,2.712967,1.0,0.03822412413473516,0
2.958828,48,2.881079,1.0,0.04058971364698461,0
11.458666,158,3.5661,1.0,0.05694224888793436,0
2.675165,41,3.718963,1.0,0.04268344026443444,0
14.002774,171,4.520864,1.0,0.0895658830293291,0
9.310283,140,5.082276,1.0,0.042687035220572316,0
10.899736,156,5.780104,1.0,0.05973403045495526,0
13.512074,171,6.494237,1.0,0.07355725022826978,0
17.762332,224,7.455021,1.0,0.04888104903585341,0
44.796542,500,9.665233,1.0,0.09343935334989505,0
47.183667,500,11.881809,1.0,0.10538253678702308,0
50.837028,500,13.991667,1.0,0.10502306763868206,0
52.490752,500,16.067099,1.0,0.10067729191651932,0
52.571751,500,18.106838,1.0,0.10494708678731196,0
53.439512,500,20.22133,1.0,0.1050092564473037,0
53.637068,500,22.36329,1.0,0.1077583992671245,0
55.023575,500,24.466363,1.0,0.109646543133785,0
54.565466,500,26.606529,1.0,0.10746249825295759,0
54.322153,500,28.741879,1.0,0.10927334702374569,0
54.612529,500,30.766865,1.0,0.11121283470792212,0
53.392354,500,33.037379,1.0,0.10105702201980646,0
52.575437,500,35.223519,1.0,0.10579776686700165,0
54.372064,500,37.356278,1.0,0.10984681386375668,0
55.271068,500,39.523074,1.0,0.11237433377700642,0
53.984525,500,41.603369,1.0,0.10781945799689602,0
53.149074,500,43.809036,1.0,0.10446764804602714,0
54.827224,500,46.021402,1.0,0.1059915947560936,0
54.271474,500,48.082774,1.0,0.10801704268836501,0
53.265648,500,50.235276,1.0,0.10501433119507236,0
53.119335,500,52.36583,1.0,0.10414229649272932,0
55.062139,500,54.551952,1.0,0.10922085857627031,0
