{
  "eval_episodes": 20,
  "eval_seed_offset": 10000,
  "eval_seeds": [
    10000,
    10001,
    10002,
    10003,
    10004,
    10005,
    10006,
    10007,
    10008,
    10009,
    10010,
    10011,
    10012,
    10013,
    10014,
    10015,
    10016,
    10017,
    10018,
    10019
  ],
  "episode_rewards": [
    -142.75135137680883,
    -7.634683384695328,
    17.561254298970024,
    -135.91159765910763,
    -189.678290961904,
    -140.52301098241546,
    -131.98812829268363,
    -15.427375313062171,
    -171.09315094400358,
    -86.26515114853247,
    -64.27150562471805,
    -101.19431978163598,
    -134.66347475720113,
    6.332657157712312,
    -174.3099230189593,
    -207.6827655163346,
    -190.04552160716332,
    -16.769904770222617,
    -152.58674790753366,
    61.17765082975332
  ],
  "episode_lengths": [
    597,
    1000,
    1000,
    634,
    861,
    724,
    644,
    1000,
    768,
    539,
    322,
    481,
    573,
    1000,
    726,
    926,
    731,
    1000,
    655,
    875
  ],
  "episode_terminated": [
    true,
    false,
    false,
    true,
    true,
    true,
    true,
    false,
    true,
    true,
    true,
    true,
    true,
    false,
    true,
    true,
    true,
    false,
    true,
    true
  ],
  "mean_eval_reward": -98.8862670380273,
  "mean_episode_length": 752.8,
  "min_eval_reward": -207.6827655163346,
  "max_eval_reward": 61.17765082975332,
  "termination_breakdown": {
    "terminated": 15,
    "truncated": 5
  },
  "final_policy_component_evaluation": {
    "approach_landing_reward": {
      "episode_sum_mean": 6315.711812380968,
      "episode_abs_sum_mean": 6315.711812380968,
      "signed_contribution_share": 0.9359098678983625,
      "magnitude_share": 0.9359098678983625,
      "active_rate": 1.0
    },
    "distance_cost": {
      "episode_sum_mean": -426.0135950699453,
      "episode_abs_sum_mean": 426.0135950699453,
      "signed_contribution_share": -0.06312991145403589,
      "magnitude_share": 0.06312991145403589,
      "active_rate": 1.0
    },
    "stability_cost": {
      "episode_sum_mean": -6.479765941743553,
      "episode_abs_sum_mean": 6.479765941743553,
      "signed_contribution_share": -0.0009602206476015983,
      "magnitude_share": 0.0009602206476015983,
      "active_rate": 1.0
    }
  },
  "final_policy_component_error_count": 0
}