{
  "eval_episodes": 10,
  "episode_rewards": [
    65.98445545486577,
    62.69437326400165,
    95.68543261905218,
    43.73996289429806,
    54.41462452364967,
    40.93800287096562,
    72.71045950078181,
    83.61374127256201,
    52.3778918583204,
    93.06199533255035
  ],
  "episode_lengths": [
    1000,
    1000,
    1000,
    1000,
    1000,
    1000,
    1000,
    1000,
    1000,
    1000
  ],
  "mean_eval_reward": 66.52209395910475,
  "mean_episode_length": 1000,
  "min_eval_reward": 40.93800287096562,
  "max_eval_reward": 95.68543261905218
}