{
  "eval_episodes": 20,
  "eval_seed_offset": 10000,
  "eval_seeds": [
    10000,
    10001,
    10002,
    10003,
    10004,
    10005,
    10006,
    10007,
    10008,
    10009,
    10010,
    10011,
    10012,
    10013,
    10014,
    10015,
    10016,
    10017,
    10018,
    10019
  ],
  "episode_rewards": [
    -118.69017714504989,
    -124.89602066820385,
    -121.60462565512165,
    -107.11093605835313,
    -112.5422305685309,
    -121.00629321704753,
    -115.97171486090582,
    -110.77783707074883,
    -129.7057268388258,
    -112.6580984781962,
    -95.05909309317079,
    -114.31338528497776,
    -124.83957022608257,
    -121.21922812959869,
    -103.79102505005059,
    -103.47875895363543,
    -111.80662566871285,
    -103.81033827852099,
    -111.02888515715506,
    -141.58236723614857
  ],
  "episode_lengths": [
    57,
    76,
    82,
    61,
    83,
    74,
    79,
    81,
    75,
    74,
    52,
    59,
    67,
    68,
    60,
    82,
    62,
    54,
    54,
    68
  ],
  "episode_terminated": [
    true,
    true,
    true,
    true,
    true,
    true,
    true,
    true,
    true,
    true,
    true,
    true,
    true,
    true,
    true,
    true,
    true,
    true,
    true,
    true
  ],
  "mean_eval_reward": -115.29464688195185,
  "mean_episode_length": 68.4,
  "min_eval_reward": -141.58236723614857,
  "max_eval_reward": -95.05909309317079,
  "termination_breakdown": {
    "terminated": 20,
    "truncated": 0
  }
}