{
  "eval_episodes": 10,
  "episode_rewards": [
    -101.96783525299645,
    -13.978598874411148,
    -7.748626407339245,
    -3.370500599560401,
    -107.26212174781854,
    -80.1654818382759,
    -8.568184387302367,
    -108.6623574314381,
    -98.25786281300304,
    -76.72054666568283
  ],
  "episode_lengths": [
    82,
    93,
    112,
    104,
    79,
    85,
    111,
    74,
    52,
    61
  ],
  "mean_eval_reward": -60.6702116017828,
  "mean_episode_length": 85.3,
  "min_eval_reward": -108.6623574314381,
  "max_eval_reward": -3.370500599560401
}