{
  "eval_episodes": 20,
  "eval_seed_offset": 10000,
  "eval_seeds": [
    10000,
    10001,
    10002,
    10003,
    10004,
    10005,
    10006,
    10007,
    10008,
    10009,
    10010,
    10011,
    10012,
    10013,
    10014,
    10015,
    10016,
    10017,
    10018,
    10019
  ],
  "episode_rewards": [
    -109.4635048033108,
    -124.05762583087244,
    -121.60462565512165,
    -107.11093605835313,
    -114.52170757691788,
    -121.00629321704753,
    -122.77807735575927,
    -113.55748723305041,
    -129.7057268388258,
    -110.40479452179544,
    -95.05909309317079,
    -100.6452515153746,
    -124.9471476702339,
    -109.5246887393813,
    -103.79102505005059,
    -111.00865319902584,
    -111.80662566871285,
    -103.81033827852099,
    -78.93329196449965,
    -123.12960484749951
  ],
  "episode_lengths": [
    57,
    76,
    82,
    61,
    83,
    74,
    78,
    81,
    75,
    74,
    52,
    60,
    67,
    69,
    60,
    82,
    62,
    54,
    55,
    68
  ],
  "episode_terminated": [
    true,
    true,
    true,
    true,
    true,
    true,
    true,
    true,
    true,
    true,
    true,
    true,
    true,
    true,
    true,
    true,
    true,
    true,
    true,
    true
  ],
  "mean_eval_reward": -111.84332495587621,
  "mean_episode_length": 68.5,
  "min_eval_reward": -129.7057268388258,
  "max_eval_reward": -78.93329196449965,
  "termination_breakdown": {
    "terminated": 20,
    "truncated": 0
  },
  "final_policy_component_evaluation": {
    "contact_establishment": {
      "episode_sum_mean": 3.4,
      "episode_abs_sum_mean": 3.4,
      "signed_contribution_share": 0.03862295163654518,
      "magnitude_share": 0.03862295163654518,
      "active_rate": 0.032116788321167884
    },
    "goal_proximity": {
      "episode_sum_mean": -73.9331464085728,
      "episode_abs_sum_mean": 73.9331464085728,
      "signed_contribution_share": -0.839857746492918,
      "magnitude_share": 0.839857746492918,
      "active_rate": 1.0
    },
    "soft_landing_stabilization": {
      "episode_sum_mean": -9.302658074196628,
      "episode_abs_sum_mean": 9.302658074196628,
      "signed_contribution_share": -0.10567532732088616,
      "magnitude_share": 0.10567532732088616,
      "active_rate": 0.9978102189781022
    },
    "upright_attitude": {
      "episode_sum_mean": -1.394753927036499,
      "episode_abs_sum_mean": 1.394753927036499,
      "signed_contribution_share": -0.015843974549650638,
      "magnitude_share": 0.015843974549650638,
      "active_rate": 1.0
    }
  },
  "final_policy_component_error_count": 0
}