{
  "eval_episodes": 20,
  "eval_seed_offset": 10000,
  "eval_seeds": [
    10000,
    10001,
    10002,
    10003,
    10004,
    10005,
    10006,
    10007,
    10008,
    10009,
    10010,
    10011,
    10012,
    10013,
    10014,
    10015,
    10016,
    10017,
    10018,
    10019
  ],
  "episode_rewards": [
    -113.65590641649578,
    -119.40442213898534,
    -116.59486333980203,
    -109.50960745960565,
    -108.60308732454077,
    -117.87786418816131,
    -131.2797441787093,
    -114.90852839928131,
    -108.164097564988,
    -128.26358277200777,
    -112.77177579860069,
    -99.29222543279684,
    -133.03497042438366,
    -117.91949661486652,
    -111.97537676832269,
    -106.04281008865384,
    -112.94082364144018,
    -104.59713410225223,
    -106.25832505535158,
    -139.09783774079585
  ],
  "episode_lengths": [
    57,
    76,
    81,
    61,
    83,
    74,
    78,
    81,
    76,
    74,
    51,
    60,
    67,
    69,
    60,
    82,
    62,
    54,
    54,
    68
  ],
  "episode_terminated": [
    true,
    true,
    true,
    true,
    true,
    true,
    true,
    true,
    true,
    true,
    true,
    true,
    true,
    true,
    true,
    true,
    true,
    true,
    true,
    true
  ],
  "mean_eval_reward": -115.60962397250206,
  "mean_episode_length": 68.4,
  "min_eval_reward": -139.09783774079585,
  "max_eval_reward": -99.29222543279684,
  "termination_breakdown": {
    "terminated": 20,
    "truncated": 0
  },
  "final_policy_component_evaluation": {
    "progress": {
      "episode_sum_mean": 1.1191591969597172,
      "episode_abs_sum_mean": 1.1587438267264905,
      "signed_contribution_share": 0.6364327560408037,
      "magnitude_share": 0.6589433649762982,
      "active_rate": 1.0
    },
    "soft_landing_bonus": {
      "episode_sum_mean": 0.5,
      "episode_abs_sum_mean": 0.5,
      "signed_contribution_share": 0.2843352213741006,
      "magnitude_share": 0.2843352213741006,
      "active_rate": 0.003654970760233918
    },
    "stability_penalty": {
      "episode_sum_mean": -0.09974391033141249,
      "episode_abs_sum_mean": 0.09974391033141249,
      "signed_contribution_share": -0.05672141364960122,
      "magnitude_share": 0.05672141364960122,
      "active_rate": 1.0
    }
  },
  "final_policy_component_error_count": 0
}