{
  "eval_episodes": 20,
  "eval_seed_offset": 10000,
  "eval_seeds": [
    10000,
    10001,
    10002,
    10003,
    10004,
    10005,
    10006,
    10007,
    10008,
    10009,
    10010,
    10011,
    10012,
    10013,
    10014,
    10015,
    10016,
    10017,
    10018,
    10019
  ],
  "episode_rewards": [
    -6.998995945835428,
    -24.243261704346082,
    245.5898574181117,
    155.58025171582648,
    -53.653212909628685,
    149.16071860594755,
    -28.933634835051993,
    195.6863745494061,
    43.91294174178982,
    201.20971672679514,
    -32.80330080746829,
    -17.496531632397005,
    196.48645107286367,
    214.76792452614978,
    -49.7375962078933,
    -41.62511755756108,
    -62.64751647376734,
    224.46868408725442,
    -62.08109697506348,
    -63.06278603729635
  ],
  "episode_lengths": [
    1000,
    1000,
    462,
    398,
    1000,
    422,
    1000,
    539,
    1000,
    497,
    565,
    1000,
    456,
    505,
    1000,
    1000,
    1000,
    437,
    1000,
    1000
  ],
  "episode_terminated": [
    false,
    false,
    true,
    true,
    false,
    true,
    false,
    true,
    false,
    true,
    true,
    false,
    true,
    true,
    false,
    false,
    false,
    true,
    false,
    false
  ],
  "mean_eval_reward": 59.17899346789178,
  "mean_episode_length": 764.05,
  "min_eval_reward": -63.06278603729635,
  "max_eval_reward": 245.5898574181117,
  "termination_breakdown": {
    "terminated": 9,
    "truncated": 11
  },
  "final_policy_component_evaluation": {
    "contact_reward": {
      "episode_sum_mean": 20.25,
      "episode_abs_sum_mean": 20.25,
      "signed_contribution_share": 0.059069876347437794,
      "magnitude_share": 0.059069876347437794,
      "active_rate": 0.026503501079772267
    },
    "engine_penalty": {
      "episode_sum_mean": -22.212000000000153,
      "episode_abs_sum_mean": 22.212000000000153,
      "signed_contribution_share": -0.06479309103354555,
      "magnitude_share": 0.06479309103354555,
      "active_rate": 0.9690465283685623
    },
    "progress_reward": {
      "episode_sum_mean": 1.9082503499463201,
      "episode_abs_sum_mean": 1.9082503499463201,
      "signed_contribution_share": 0.005566425294384397,
      "magnitude_share": 0.005566425294384397,
      "active_rate": 0.5640337674235979
    },
    "proximity_reward": {
      "episode_sum_mean": 298.30533419549465,
      "episode_abs_sum_mean": 298.30533419549465,
      "signed_contribution_share": 0.8701658866522951,
      "magnitude_share": 0.8701658866522951,
      "active_rate": 1.0
    },
    "upright_penalty": {
      "episode_sum_mean": -0.13874404555412098,
      "episode_abs_sum_mean": 0.13874404555412098,
      "signed_contribution_share": -0.00040472067233704705,
      "magnitude_share": 0.00040472067233704705,
      "active_rate": 0.03900268307047968
    }
  },
  "final_policy_component_error_count": 0
}