{
  "eval_episodes": 10,
  "episode_rewards": [
    -120.10336502211322,
    -108.7797548379396,
    -107.11093605835313,
    -105.42647167017475,
    -114.95581805352191,
    -124.07914894482107,
    -108.46072830712629,
    -119.79091111306334,
    -112.6580984781962,
    -95.05909309317079
  ],
  "episode_lengths": [
    76,
    81,
    61,
    83,
    74,
    78,
    81,
    76,
    74,
    52
  ],
  "mean_eval_reward": -111.64243255784802,
  "mean_episode_length": 73.6,
  "min_eval_reward": -124.07914894482107,
  "max_eval_reward": -95.05909309317079
}