{
  "eval_episodes": 10,
  "episode_rewards": [
    -107.11093605835313,
    -107.04140786238881,
    -113.43817946901859,
    -124.07914894482107,
    -118.51334839581662,
    -119.79091111306334,
    -112.6580984781962,
    -95.05909309317079,
    -114.31338528497776,
    -124.83957022608257
  ],
  "episode_lengths": [
    61,
    83,
    74,
    78,
    80,
    76,
    74,
    52,
    59,
    67
  ],
  "mean_eval_reward": -113.6844078925889,
  "mean_episode_length": 70.4,
  "min_eval_reward": -124.83957022608257,
  "max_eval_reward": -95.05909309317079
}