{
  "eval_episodes": 20,
  "eval_seed_offset": 10000,
  "eval_seeds": [
    10000,
    10001,
    10002,
    10003,
    10004,
    10005,
    10006,
    10007,
    10008,
    10009,
    10010,
    10011,
    10012,
    10013,
    10014,
    10015,
    10016,
    10017,
    10018,
    10019
  ],
  "episode_rewards": [
    -18.333647555547966,
    -17.199056434309217,
    11.024083612780895,
    -43.71738768382165,
    -38.78250267163804,
    -36.98951767738749,
    -13.401113180317468,
    -8.981954466487553,
    -43.49999501946332,
    0.5304597821877792,
    -5.336522873153133,
    8.358418642703318,
    -2.5623828843966736,
    6.058005525317797,
    -19.026328491466757,
    -45.03611193076216,
    -48.47640071150157,
    -14.093322620853645,
    -18.969835247833885,
    -38.05110165057394
  ],
  "episode_lengths": [
    1000,
    1000,
    1000,
    1000,
    1000,
    1000,
    1000,
    1000,
    1000,
    1000,
    1000,
    1000,
    1000,
    1000,
    1000,
    1000,
    1000,
    1000,
    1000,
    1000
  ],
  "episode_terminated": [
    false,
    false,
    false,
    false,
    false,
    false,
    false,
    false,
    false,
    false,
    false,
    false,
    false,
    false,
    false,
    false,
    false,
    false,
    false,
    false
  ],
  "mean_eval_reward": -19.324310676826233,
  "mean_episode_length": 1000,
  "min_eval_reward": -48.47640071150157,
  "max_eval_reward": 11.024083612780895,
  "termination_breakdown": {
    "terminated": 0,
    "truncated": 20
  },
  "final_policy_component_evaluation": {
    "angle_stability": {
      "episode_sum_mean": -1.4135541703585068,
      "episode_abs_sum_mean": 1.4135541703585068,
      "signed_contribution_share": -0.020426348471728743,
      "magnitude_share": 0.020426348471728743,
      "active_rate": 1.0
    },
    "approach_progress": {
      "episode_sum_mean": 2.3829891994595527,
      "episode_abs_sum_mean": 2.5642041519284247,
      "signed_contribution_share": 0.034435021177986795,
      "magnitude_share": 0.037053640149255614,
      "active_rate": 1.0
    },
    "landing_quality": {
      "episode_sum_mean": 0.0,
      "episode_abs_sum_mean": 0.0,
      "signed_contribution_share": 0.0,
      "magnitude_share": 0.0,
      "active_rate": 0.0
    },
    "velocity_penalty": {
      "episode_sum_mean": -65.22473140880466,
      "episode_abs_sum_mean": 65.22473140880466,
      "signed_contribution_share": -0.9425200113790156,
      "magnitude_share": 0.9425200113790156,
      "active_rate": 0.0911
    }
  },
  "final_policy_component_error_count": 0
}