{
  "eval_episodes": 20,
  "eval_seed_offset": 10000,
  "eval_seeds": [
    10000,
    10001,
    10002,
    10003,
    10004,
    10005,
    10006,
    10007,
    10008,
    10009,
    10010,
    10011,
    10012,
    10013,
    10014,
    10015,
    10016,
    10017,
    10018,
    10019
  ],
  "episode_rewards": [
    -28.959338225361915,
    -15.688545521771449,
    9.50258201930589,
    140.80818259052558,
    -51.50541684269093,
    157.60528400781033,
    -28.560380454564562,
    -14.04547381382515,
    -37.46008649449382,
    -7.385337974509663,
    -10.142985718066589,
    -13.035324378209014,
    153.92125850764396,
    14.143261681351298,
    -36.167230405016866,
    -30.937517792694983,
    -54.984720344045535,
    -10.641204620310896,
    -48.38429697637013,
    -56.84196898523225
  ],
  "episode_lengths": [
    1000,
    1000,
    1000,
    929,
    1000,
    483,
    1000,
    1000,
    1000,
    1000,
    1000,
    1000,
    675,
    1000,
    1000,
    1000,
    1000,
    1000,
    1000,
    1000
  ],
  "episode_terminated": [
    false,
    false,
    false,
    true,
    false,
    true,
    false,
    false,
    false,
    false,
    false,
    false,
    true,
    false,
    false,
    false,
    false,
    false,
    false,
    false
  ],
  "mean_eval_reward": 1.5620370129736647,
  "mean_episode_length": 954.35,
  "min_eval_reward": -56.84196898523225,
  "max_eval_reward": 157.60528400781033,
  "termination_breakdown": {
    "terminated": 3,
    "truncated": 17
  },
  "final_policy_component_evaluation": {
    "energy_penalty": {
      "episode_sum_mean": -9.335999999999846,
      "episode_abs_sum_mean": 9.335999999999846,
      "signed_contribution_share": -0.15075198298457387,
      "magnitude_share": 0.15075198298457387,
      "active_rate": 0.9782574527165087
    },
    "landing_quality": {
      "episode_sum_mean": 43.89576564575531,
      "episode_abs_sum_mean": 51.277217178093416,
      "signed_contribution_share": 0.7088018118813042,
      "magnitude_share": 0.8279929489640494,
      "active_rate": 1.0
    },
    "proximity": {
      "episode_sum_mean": 1.316316451691091,
      "episode_abs_sum_mean": 1.316316451691091,
      "signed_contribution_share": 0.021255068051376745,
      "magnitude_share": 0.021255068051376745,
      "active_rate": 0.6289097291350133
    }
  },
  "final_policy_component_error_count": 0
}