{
  "eval_episodes": 20,
  "eval_seed_offset": 10000,
  "eval_seeds": [
    10000,
    10001,
    10002,
    10003,
    10004,
    10005,
    10006,
    10007,
    10008,
    10009,
    10010,
    10011,
    10012,
    10013,
    10014,
    10015,
    10016,
    10017,
    10018,
    10019
  ],
  "episode_rewards": [
    89.50941429630285,
    91.13901739881284,
    104.97180863504737,
    50.23466598170939,
    52.65137177651547,
    32.965333886706404,
    82.64981181257873,
    76.59896842320858,
    54.14539007964352,
    90.68436382216082,
    168.3185288141821,
    94.78771584993669,
    88.75979643416525,
    107.60528139193113,
    71.27913061548617,
    41.30828686887856,
    47.573948811876434,
    86.30615826944296,
    72.09419511265875,
    33.28176321104332
  ],
  "episode_lengths": [
    1000,
    1000,
    1000,
    1000,
    1000,
    1000,
    1000,
    1000,
    1000,
    1000,
    1000,
    1000,
    1000,
    1000,
    1000,
    1000,
    1000,
    1000,
    1000,
    1000
  ],
  "episode_terminated": [
    false,
    false,
    false,
    false,
    false,
    false,
    false,
    false,
    false,
    false,
    false,
    false,
    false,
    false,
    false,
    false,
    false,
    false,
    false,
    false
  ],
  "mean_eval_reward": 76.84324757461437,
  "mean_episode_length": 1000,
  "min_eval_reward": 32.965333886706404,
  "max_eval_reward": 168.3185288141821,
  "termination_breakdown": {
    "terminated": 0,
    "truncated": 20
  },
  "final_policy_component_evaluation": {
    "contact_bonus": {
      "episode_sum_mean": 544.9182628828445,
      "episode_abs_sum_mean": 544.9182628828445,
      "signed_contribution_share": 0.6326130636329056,
      "magnitude_share": 0.6326130636329056,
      "active_rate": 0.11735
    },
    "landing_progress": {
      "episode_sum_mean": 4.445107114705367,
      "episode_abs_sum_mean": 316.4586106100038,
      "signed_contribution_share": 0.005160467214171467,
      "magnitude_share": 0.3673869363670944,
      "active_rate": 1.0
    }
  },
  "final_policy_component_error_count": 0
}