{
  "eval_episodes": 20,
  "eval_seed_offset": 10000,
  "eval_seeds": [
    10000,
    10001,
    10002,
    10003,
    10004,
    10005,
    10006,
    10007,
    10008,
    10009,
    10010,
    10011,
    10012,
    10013,
    10014,
    10015,
    10016,
    10017,
    10018,
    10019
  ],
  "episode_rewards": [
    -142.15243188221416,
    136.31908207100173,
    196.94762214569715,
    -119.52153260726803,
    -95.12725864196119,
    -134.26060034759925,
    -109.75817157927538,
    163.65466868982332,
    -207.68155709735728,
    -100.97991655243665,
    -84.42553546561143,
    -105.27513415275276,
    -161.34276885633713,
    -143.74201934226505,
    -146.01462414526168,
    -185.65773827799137,
    -182.9654007479907,
    159.67581576447157,
    -155.68727758514865,
    -171.3922116785622
  ],
  "episode_lengths": [
    516,
    762,
    571,
    616,
    1000,
    1000,
    441,
    571,
    777,
    446,
    317,
    434,
    719,
    725,
    528,
    728,
    635,
    536,
    563,
    589
  ],
  "episode_terminated": [
    true,
    true,
    true,
    true,
    false,
    false,
    true,
    true,
    true,
    true,
    true,
    true,
    true,
    true,
    true,
    true,
    true,
    true,
    true,
    true
  ],
  "mean_eval_reward": -79.46934951445196,
  "mean_episode_length": 623.7,
  "min_eval_reward": -207.68155709735728,
  "max_eval_reward": 196.94762214569715,
  "termination_breakdown": {
    "terminated": 18,
    "truncated": 2
  },
  "final_policy_component_evaluation": {
    "approach_signal": {
      "episode_sum_mean": 284.9592147050298,
      "episode_abs_sum_mean": 284.9592147050298,
      "signed_contribution_share": 0.723509149718635,
      "magnitude_share": 0.723509149718635,
      "active_rate": 1.0
    },
    "landing_bonus": {
      "episode_sum_mean": 104.7511365039952,
      "episode_abs_sum_mean": 104.7511365039952,
      "signed_contribution_share": 0.26596229141955346,
      "magnitude_share": 0.26596229141955346,
      "active_rate": 0.02749719416386083
    },
    "stability_penalty": {
      "episode_sum_mean": -4.146747648463375,
      "episode_abs_sum_mean": 4.146747648463375,
      "signed_contribution_share": -0.010528558861811494,
      "magnitude_share": 0.010528558861811494,
      "active_rate": 1.0
    }
  },
  "final_policy_component_error_count": 0
}