{
  "eval_episodes": 20,
  "eval_seed_offset": 10000,
  "eval_seeds": [
    10000,
    10001,
    10002,
    10003,
    10004,
    10005,
    10006,
    10007,
    10008,
    10009,
    10010,
    10011,
    10012,
    10013,
    10014,
    10015,
    10016,
    10017,
    10018,
    10019
  ],
  "episode_rewards": [
    39.44688242852095,
    54.973209055695946,
    53.243565663138895,
    21.299228621172674,
    26.937523775848575,
    18.022584713635112,
    40.12759014868965,
    42.970860322671086,
    20.105029823709316,
    50.98712146404233,
    75.26397832637099,
    56.441359342651594,
    42.15394648629757,
    35.07917548307381,
    31.678436321793868,
    27.680928740331723,
    20.315089830321185,
    55.5114804579718,
    38.27136415875208,
    12.195987792180333
  ],
  "episode_lengths": [
    122,
    163,
    146,
    128,
    152,
    137,
    185,
    172,
    142,
    190,
    109,
    142,
    180,
    116,
    141,
    138,
    109,
    124,
    108,
    137
  ],
  "episode_terminated": [
    true,
    true,
    true,
    true,
    true,
    true,
    true,
    true,
    true,
    true,
    true,
    true,
    true,
    true,
    true,
    true,
    true,
    true,
    true,
    true
  ],
  "mean_eval_reward": 38.13526714784347,
  "mean_episode_length": 142.05,
  "min_eval_reward": 12.195987792180333,
  "max_eval_reward": 75.26397832637099,
  "termination_breakdown": {
    "terminated": 20,
    "truncated": 0
  },
  "final_policy_component_evaluation": {
    "landing_bonus": {
      "episode_sum_mean": 0.15,
      "episode_abs_sum_mean": 0.15,
      "signed_contribution_share": 0.008201903064906993,
      "magnitude_share": 0.008201903064906993,
      "active_rate": 0.0010559662090813093
    },
    "progress_reward": {
      "episode_sum_mean": 13.60616590698905,
      "episode_abs_sum_mean": 14.297149201341643,
      "signed_contribution_share": 0.7439763590277768,
      "magnitude_share": 0.7817588790261105,
      "active_rate": 1.0
    },
    "stability_penalty": {
      "episode_sum_mean": -3.8412893248092335,
      "episode_abs_sum_mean": 3.8412893248092335,
      "signed_contribution_share": -0.21003921790898242,
      "magnitude_share": 0.21003921790898242,
      "active_rate": 1.0
    }
  },
  "final_policy_component_error_count": 0
}