{
  "eval_episodes": 10,
  "episode_rewards": [
    -105.16140789698346,
    -107.11093605835313,
    -105.57487352868506,
    -113.241781696549,
    -124.07914894482107,
    -108.46072830712629,
    -110.68982964603504,
    -108.47552261619052,
    -95.05909309317079,
    -100.30413547239284
  ],
  "episode_lengths": [
    81,
    61,
    83,
    74,
    78,
    81,
    76,
    74,
    52,
    60
  ],
  "mean_eval_reward": -107.81574572603071,
  "mean_episode_length": 72,
  "min_eval_reward": -124.07914894482107,
  "max_eval_reward": -95.05909309317079
}