{
  "eval_episodes": 20,
  "eval_seed_offset": 10000,
  "eval_seeds": [
    10000,
    10001,
    10002,
    10003,
    10004,
    10005,
    10006,
    10007,
    10008,
    10009,
    10010,
    10011,
    10012,
    10013,
    10014,
    10015,
    10016,
    10017,
    10018,
    10019
  ],
  "episode_rewards": [
    -22.830276501199762,
    -2.1737604177560184,
    21.234292988285883,
    -23.598709662718058,
    -18.301767312322646,
    -27.7688092385353,
    203.7189932288655,
    2.210449643666321,
    -39.61768188846055,
    18.56373622132457,
    23.742323986736768,
    0.31656858109939634,
    5.725561044709154,
    19.288314587650255,
    -10.81626972282906,
    -32.82846285400743,
    -39.25853271197078,
    -2.4085147144728136,
    -11.588598239461339,
    -31.727705297661927
  ],
  "episode_lengths": [
    1000,
    1000,
    1000,
    1000,
    1000,
    1000,
    297,
    1000,
    1000,
    1000,
    1000,
    1000,
    1000,
    1000,
    1000,
    1000,
    1000,
    1000,
    1000,
    1000
  ],
  "episode_terminated": [
    false,
    false,
    false,
    false,
    false,
    false,
    true,
    false,
    false,
    false,
    false,
    false,
    false,
    false,
    false,
    false,
    false,
    false,
    false,
    false
  ],
  "mean_eval_reward": 1.5940575860471076,
  "mean_episode_length": 964.85,
  "min_eval_reward": -39.61768188846055,
  "max_eval_reward": 203.7189932288655,
  "termination_breakdown": {
    "terminated": 1,
    "truncated": 19
  },
  "final_policy_component_evaluation": {
    "contact_reward": {
      "episode_sum_mean": 6.214308798313141,
      "episode_abs_sum_mean": 6.214308798313141,
      "signed_contribution_share": 0.04987301373578716,
      "magnitude_share": 0.04987301373578716,
      "active_rate": 0.0019692180131626676
    },
    "goal_proximity": {
      "episode_sum_mean": -108.56096546145272,
      "episode_abs_sum_mean": 108.56096546145272,
      "signed_contribution_share": -0.8712573992298285,
      "magnitude_share": 0.8712573992298285,
      "active_rate": 1.0
    },
    "orientation_penalty": {
      "episode_sum_mean": -1.0351883284352008,
      "episode_abs_sum_mean": 1.0351883284352008,
      "signed_contribution_share": -0.008307917002320453,
      "magnitude_share": 0.008307917002320453,
      "active_rate": 1.0
    },
    "velocity_penalty": {
      "episode_sum_mean": -8.792169834109641,
      "episode_abs_sum_mean": 8.792169834109641,
      "signed_contribution_share": -0.07056167003206396,
      "magnitude_share": 0.07056167003206396,
      "active_rate": 1.0
    }
  },
  "final_policy_component_error_count": 0
}