{
  "eval_episodes": 10,
  "episode_rewards": [
    160.716068711443,
    139.70138032270333,
    33.13643335985056,
    134.57954083909567,
    171.62106771750229,
    153.15758365144973,
    148.15019533893576,
    198.65778266739275,
    148.18334010866027,
    174.4334827712246
  ],
  "episode_lengths": [
    799,
    974,
    1000,
    876,
    755,
    766,
    922,
    708,
    776,
    831
  ],
  "mean_eval_reward": 146.2336875488258,
  "mean_episode_length": 840.7,
  "min_eval_reward": 33.13643335985056,
  "max_eval_reward": 198.65778266739275
}