{
  "eval_episodes": 20,
  "eval_seed_offset": 10000,
  "eval_seeds": [
    10000,
    10001,
    10002,
    10003,
    10004,
    10005,
    10006,
    10007,
    10008,
    10009,
    10010,
    10011,
    10012,
    10013,
    10014,
    10015,
    10016,
    10017,
    10018,
    10019
  ],
  "episode_rewards": [
    -294.0015244215118,
    -246.01216999665684,
    -266.2749795258891,
    -364.8921545596137,
    -351.3912072873703,
    -348.3938894761113,
    -296.15000891798263,
    -276.5946376168738,
    -384.05839866724426,
    -255.90534501152695,
    -234.69046700926572,
    -267.15144360274144,
    -329.5836134627596,
    -202.48604992951144,
    -262.2622566714609,
    -388.85929613593066,
    -327.28975936575125,
    -230.26726945498712,
    -241.21681237763045,
    -395.99571995944433
  ],
  "episode_lengths": [
    80,
    76,
    80,
    94,
    90,
    87,
    79,
    80,
    89,
    74,
    56,
    64,
    73,
    71,
    75,
    95,
    96,
    65,
    88,
    84
  ],
  "episode_terminated": [
    true,
    true,
    true,
    true,
    true,
    true,
    true,
    true,
    true,
    true,
    true,
    true,
    true,
    true,
    true,
    true,
    true,
    true,
    true,
    true
  ],
  "mean_eval_reward": -298.1738501725132,
  "mean_episode_length": 79.8,
  "min_eval_reward": -395.99571995944433,
  "max_eval_reward": -202.48604992951144,
  "termination_breakdown": {
    "terminated": 20,
    "truncated": 0
  },
  "final_policy_component_evaluation": {
    "fuel_cost": {
      "episode_sum_mean": -0.3460000000000001,
      "episode_abs_sum_mean": 0.3460000000000001,
      "signed_contribution_share": -0.21000317919053707,
      "magnitude_share": 0.21000317919053707,
      "active_rate": 0.21679197994987467
    },
    "progress": {
      "episode_sum_mean": 0.8865921661257744,
      "episode_abs_sum_mean": 0.9629592761397362,
      "signed_contribution_share": 0.538113218300108,
      "magnitude_share": 0.5844639000588522,
      "active_rate": 1.0
    },
    "soft_landing": {
      "episode_sum_mean": -0.33863482854794713,
      "episode_abs_sum_mean": 0.33863482854794713,
      "signed_contribution_share": -0.20553292075061078,
      "magnitude_share": 0.20553292075061078,
      "active_rate": 0.06077694235588972
    }
  },
  "final_policy_component_error_count": 0
}