{
  "eval_episodes": 20,
  "eval_seed_offset": 10000,
  "eval_seeds": [
    10000,
    10001,
    10002,
    10003,
    10004,
    10005,
    10006,
    10007,
    10008,
    10009,
    10010,
    10011,
    10012,
    10013,
    10014,
    10015,
    10016,
    10017,
    10018,
    10019
  ],
  "episode_rewards": [
    221.37791011314593,
    234.06365496686965,
    245.8296660741662,
    198.90808466436633,
    212.6007144742569,
    194.0432942001711,
    223.62039403668882,
    223.2252676615694,
    197.90611777703907,
    243.9532997531239,
    265.52155691762596,
    241.32690405260894,
    229.36255674909498,
    228.99980514792958,
    217.2138211905392,
    198.71391658758338,
    192.1307055480942,
    222.22312043714325,
    216.96556370306902,
    196.8536508184485
  ],
  "episode_lengths": [
    501,
    528,
    547,
    521,
    526,
    531,
    550,
    555,
    518,
    499,
    452,
    476,
    519,
    515,
    540,
    514,
    494,
    529,
    480,
    522
  ],
  "episode_terminated": [
    true,
    true,
    true,
    true,
    true,
    true,
    true,
    true,
    true,
    true,
    true,
    true,
    true,
    true,
    true,
    true,
    true,
    true,
    true,
    true
  ],
  "mean_eval_reward": 220.24200024367673,
  "mean_episode_length": 515.85,
  "min_eval_reward": 192.1307055480942,
  "max_eval_reward": 265.52155691762596,
  "termination_breakdown": {
    "terminated": 20,
    "truncated": 0
  },
  "final_policy_component_evaluation": {
    "contact_completion": {
      "episode_sum_mean": 724.455653500557,
      "episode_abs_sum_mean": 724.455653500557,
      "signed_contribution_share": 0.6577500843208958,
      "magnitude_share": 0.6577500843208958,
      "active_rate": 1.0
    },
    "position_proximity": {
      "episode_sum_mean": 375.5312941908836,
      "episode_abs_sum_mean": 375.5312941908836,
      "signed_contribution_share": 0.34095356869072857,
      "magnitude_share": 0.34095356869072857,
      "active_rate": 1.0
    },
    "soft_landing_velocity": {
      "episode_sum_mean": -0.43667312376627565,
      "episode_abs_sum_mean": 0.43667312376627565,
      "signed_contribution_share": -0.0003964656533358338,
      "magnitude_share": 0.0003964656533358338,
      "active_rate": 0.9721818358049821
    },
    "stable_orientation": {
      "episode_sum_mean": -0.9911425877235376,
      "episode_abs_sum_mean": 0.9911425877235376,
      "signed_contribution_share": -0.0008998813350397665,
      "magnitude_share": 0.0008998813350397665,
      "active_rate": 1.0
    }
  },
  "final_policy_component_error_count": 0
}