{
  "eval_episodes": 20,
  "eval_seed_offset": 10000,
  "eval_seeds": [
    10000,
    10001,
    10002,
    10003,
    10004,
    10005,
    10006,
    10007,
    10008,
    10009,
    10010,
    10011,
    10012,
    10013,
    10014,
    10015,
    10016,
    10017,
    10018,
    10019
  ],
  "episode_rewards": [
    25.729412725061167,
    307.1145855718802,
    305.26542528725946,
    306.58811479413146,
    306.9231711583266,
    306.8845732170957,
    308.7415225843307,
    305.34931478861637,
    88.5627706088317,
    307.18655553522905,
    308.1055429097313,
    112.56884942247885,
    44.82590944259496,
    306.853761245616,
    137.13627185132097,
    307.3287751422248,
    305.58247695280255,
    18.91770341768047,
    11.64592615894722,
    306.6986837687017
  ],
  "episode_lengths": [
    575,
    1417,
    1455,
    1418,
    1416,
    1442,
    1382,
    1430,
    899,
    1382,
    1401,
    1029,
    709,
    1420,
    1136,
    1421,
    1465,
    570,
    584,
    1422
  ],
  "episode_terminated": [
    true,
    true,
    true,
    true,
    true,
    true,
    true,
    true,
    true,
    true,
    true,
    true,
    true,
    true,
    true,
    true,
    true,
    true,
    true,
    true
  ],
  "mean_eval_reward": 221.40046732914305,
  "mean_episode_length": 1198.65,
  "min_eval_reward": 11.64592615894722,
  "max_eval_reward": 308.7415225843307,
  "termination_breakdown": {
    "terminated": 20,
    "truncated": 0
  },
  "final_policy_component_evaluation": {
    "forward_reward": {
      "episode_sum_mean": 423.64105692748467,
      "episode_abs_sum_mean": 423.72929722015203,
      "signed_contribution_share": 0.8167047711399545,
      "magnitude_share": 0.8168748827635798,
      "active_rate": 1.0
    },
    "stability_cost": {
      "episode_sum_mean": -94.99065140481743,
      "episode_abs_sum_mean": 94.99065140481743,
      "signed_contribution_share": -0.18312511723642028,
      "magnitude_share": 0.18312511723642028,
      "active_rate": 1.0
    }
  },
  "final_policy_component_error_count": 0
}