{
  "eval_episodes": 20,
  "eval_seed_offset": 10000,
  "eval_seeds": [
    10000,
    10001,
    10002,
    10003,
    10004,
    10005,
    10006,
    10007,
    10008,
    10009,
    10010,
    10011,
    10012,
    10013,
    10014,
    10015,
    10016,
    10017,
    10018,
    10019
  ],
  "episode_rewards": [
    149.5857781640327,
    270.48146113131577,
    283.3952519144259,
    130.9153748714366,
    249.15902023498887,
    127.30583285370419,
    277.1397867078697,
    262.6647577353592,
    236.68104269009444,
    287.8017317060144,
    302.7144983777919,
    289.2152906536984,
    147.34861099493327,
    173.38342301700555,
    256.7712412973202,
    242.61954274185524,
    235.61178075072812,
    158.9725592270879,
    258.2979008582765,
    239.8986940695878
  ],
  "episode_lengths": [
    1000,
    357,
    374,
    1000,
    338,
    1000,
    287,
    353,
    320,
    295,
    549,
    284,
    1000,
    1000,
    315,
    323,
    289,
    1000,
    296,
    293
  ],
  "episode_terminated": [
    false,
    true,
    true,
    false,
    true,
    false,
    true,
    true,
    true,
    true,
    true,
    true,
    false,
    false,
    true,
    true,
    true,
    false,
    true,
    true
  ],
  "mean_eval_reward": 228.99817899987633,
  "mean_episode_length": 533.65,
  "min_eval_reward": 127.30583285370419,
  "max_eval_reward": 302.7144983777919,
  "termination_breakdown": {
    "terminated": 14,
    "truncated": 6
  },
  "final_policy_component_evaluation": {
    "distance_progress": {
      "episode_sum_mean": 1.3873022016021423,
      "episode_abs_sum_mean": 1.4251359497080558,
      "signed_contribution_share": 0.011198512892163356,
      "magnitude_share": 0.01150391262081198,
      "active_rate": 0.9808863487304413
    },
    "orientation_penalty": {
      "episode_sum_mean": -0.4109505629815524,
      "episode_abs_sum_mean": 0.4109505629815524,
      "signed_contribution_share": -0.003317255009237345,
      "magnitude_share": 0.003317255009237345,
      "active_rate": 0.9991567506792842
    },
    "soft_landing_bonus": {
      "episode_sum_mean": 115.21389855146408,
      "episode_abs_sum_mean": 115.21389855146408,
      "signed_contribution_share": 0.9300239895784356,
      "magnitude_share": 0.9300239895784356,
      "active_rate": 0.4345544832755551
    },
    "velocity_damping": {
      "episode_sum_mean": -6.832731771665371,
      "episode_abs_sum_mean": 6.832731771665371,
      "signed_contribution_share": -0.05515484279151501,
      "magnitude_share": 0.05515484279151501,
      "active_rate": 0.998688278834442
    }
  },
  "final_policy_component_error_count": 0
}