{
  "eval_episodes": 20,
  "eval_seed_offset": 10000,
  "eval_seeds": [
    10000,
    10001,
    10002,
    10003,
    10004,
    10005,
    10006,
    10007,
    10008,
    10009,
    10010,
    10011,
    10012,
    10013,
    10014,
    10015,
    10016,
    10017,
    10018,
    10019
  ],
  "episode_rewards": [
    116.95406558354026,
    -33.85797575889433,
    -28.69965636174703,
    145.77460013177165,
    203.90875113537555,
    -43.177995263745146,
    159.82085359342636,
    -47.687285202375335,
    -97.77995781709673,
    80.29724151584182,
    -52.45775597018668,
    70.96171238213033,
    172.79456615229088,
    -49.584743963811576,
    170.23961664825515,
    30.99766174252047,
    -228.19567803688201,
    7.237281273977757,
    208.20048649059004,
    -231.40583308133432
  ],
  "episode_lengths": [
    790,
    120,
    103,
    446,
    268,
    207,
    678,
    113,
    352,
    1000,
    190,
    1000,
    646,
    167,
    632,
    1000,
    950,
    109,
    348,
    792
  ],
  "episode_terminated": [
    true,
    true,
    true,
    true,
    true,
    true,
    true,
    true,
    true,
    false,
    true,
    false,
    true,
    true,
    true,
    false,
    true,
    true,
    true,
    true
  ],
  "mean_eval_reward": 27.716997759682357,
  "mean_episode_length": 495.55,
  "min_eval_reward": -231.40583308133432,
  "max_eval_reward": 208.20048649059004,
  "termination_breakdown": {
    "terminated": 17,
    "truncated": 3
  },
  "final_policy_component_evaluation": {
    "angular_vel_penalty": {
      "episode_sum_mean": -0.36423098641876933,
      "episode_abs_sum_mean": 0.36423098641876933,
      "signed_contribution_share": -0.0010542945924373664,
      "magnitude_share": 0.0010542945924373664,
      "active_rate": 0.992937140550903
    },
    "landing_bonus": {
      "episode_sum_mean": 312.2425357282162,
      "episode_abs_sum_mean": 312.2425357282162,
      "signed_contribution_share": 0.903810025017206,
      "magnitude_share": 0.903810025017206,
      "active_rate": 0.12763596004439512
    },
    "shaped_progress": {
      "episode_sum_mean": 20.52408064083071,
      "episode_abs_sum_mean": 32.86686943171337,
      "signed_contribution_share": 0.05940852931578366,
      "magnitude_share": 0.09513568039035668,
      "active_rate": 0.9982847341337907
    }
  },
  "final_policy_component_error_count": 0
}