{
  "eval_episodes": 20,
  "eval_seed_offset": 10000,
  "eval_seeds": [
    10000,
    10001,
    10002,
    10003,
    10004,
    10005,
    10006,
    10007,
    10008,
    10009,
    10010,
    10011,
    10012,
    10013,
    10014,
    10015,
    10016,
    10017,
    10018,
    10019
  ],
  "episode_rewards": [
    303.3344602951654,
    303.63589136253034,
    302.42100991930613,
    129.02627261167393,
    303.0203223986055,
    303.355763942142,
    303.83974955649865,
    300.8037963672423,
    300.6452834857076,
    301.7623019315262,
    302.6077808252201,
    304.78547637759334,
    304.5044473349167,
    303.18039911729335,
    302.12704541310626,
    303.6326565087934,
    301.6088117230481,
    303.4408312797639,
    304.2511215164688,
    303.1368984652708
  ],
  "episode_lengths": [
    1110,
    1100,
    1120,
    855,
    1133,
    1115,
    1109,
    1162,
    1140,
    1137,
    1126,
    1098,
    1101,
    1135,
    1117,
    1132,
    1176,
    1130,
    1111,
    1130
  ],
  "episode_terminated": [
    true,
    true,
    true,
    true,
    true,
    true,
    true,
    true,
    true,
    true,
    true,
    true,
    true,
    true,
    true,
    true,
    true,
    true,
    true,
    true
  ],
  "mean_eval_reward": 294.25601602159367,
  "mean_episode_length": 1111.85,
  "min_eval_reward": 129.02627261167393,
  "max_eval_reward": 304.78547637759334,
  "termination_breakdown": {
    "terminated": 20,
    "truncated": 0
  },
  "final_policy_component_evaluation": {
    "action_penalty": {
      "episode_sum_mean": -1.4906799162742284,
      "episode_abs_sum_mean": 1.4906799162742284,
      "signed_contribution_share": -0.003332195989994893,
      "magnitude_share": 0.003332195989994893,
      "active_rate": 1.0
    },
    "angular_vel_penalty": {
      "episode_sum_mean": -0.012714262499875964,
      "episode_abs_sum_mean": 0.012714262499875964,
      "signed_contribution_share": -2.8420866247208044e-05,
      "magnitude_share": 2.8420866247208044e-05,
      "active_rate": 0.999145568197149
    },
    "forward_progress": {
      "episode_sum_mean": 442.90138370767994,
      "episode_abs_sum_mean": 442.90138370767994,
      "signed_contribution_share": 0.9900409864262391,
      "magnitude_share": 0.9900409864262391,
      "active_rate": 0.9942438278544767
    },
    "posture_penalty": {
      "episode_sum_mean": -2.951836415369457,
      "episode_abs_sum_mean": 2.951836415369457,
      "signed_contribution_share": -0.006598396717518757,
      "magnitude_share": 0.006598396717518757,
      "active_rate": 0.9999550299051131
    }
  },
  "final_policy_component_error_count": 0
}