{
  "eval_episodes": 10,
  "episode_rewards": [
    -158.20412834200442,
    -414.47291646890824,
    -519.526345041714,
    -202.33793407124213,
    -168.6070312197557,
    -199.63289166556766,
    -276.73037986716685,
    -381.71730535712686,
    -195.38198256842608,
    -302.48569105821633
  ],
  "episode_lengths": [
    57,
    76,
    79,
    61,
    85,
    77,
    78,
    81,
    77,
    74
  ],
  "mean_eval_reward": -281.9096605660128,
  "mean_episode_length": 74.5,
  "min_eval_reward": -519.526345041714,
  "max_eval_reward": -158.20412834200442
}