{
  "eval_episodes": 20,
  "eval_seed_offset": 10000,
  "eval_seeds": [
    10000,
    10001,
    10002,
    10003,
    10004,
    10005,
    10006,
    10007,
    10008,
    10009,
    10010,
    10011,
    10012,
    10013,
    10014,
    10015,
    10016,
    10017,
    10018,
    10019
  ],
  "episode_rewards": [
    -115.11400364946111,
    -47.31579706527792,
    -64.98619653737872,
    -81.44724525319891,
    15.076898515411429,
    230.62235686891339,
    -37.23302006612626,
    -44.05740944619282,
    -27.60547437233096,
    -19.364478423151283,
    -15.731106890444082,
    -3.53132944438795,
    -40.27068018604426,
    -65.60932280720758,
    -102.16585328800458,
    221.67162918775742,
    -209.67317546971518,
    -20.56438859846348,
    -49.560699564744425,
    -197.6142235779882
  ],
  "episode_lengths": [
    282,
    82,
    84,
    463,
    117,
    225,
    93,
    88,
    147,
    87,
    65,
    75,
    78,
    75,
    358,
    305,
    894,
    72,
    1000,
    506
  ],
  "episode_terminated": [
    true,
    true,
    true,
    true,
    true,
    true,
    true,
    true,
    true,
    true,
    true,
    true,
    true,
    true,
    true,
    true,
    true,
    true,
    false,
    true
  ],
  "mean_eval_reward": -33.72367600340178,
  "mean_episode_length": 254.8,
  "min_eval_reward": -209.67317546971518,
  "max_eval_reward": 230.62235686891339,
  "termination_breakdown": {
    "terminated": 19,
    "truncated": 1
  },
  "final_policy_component_evaluation": {
    "distance_reward": {
      "episode_sum_mean": -156.10176415406877,
      "episode_abs_sum_mean": 156.10176415406877,
      "signed_contribution_share": -0.45816167767042637,
      "magnitude_share": 0.45816167767042637,
      "active_rate": 1.0
    },
    "landing_quality": {
      "episode_sum_mean": 169.97391506452277,
      "episode_abs_sum_mean": 169.97391506452277,
      "signed_contribution_share": 0.49887670718000976,
      "magnitude_share": 0.49887670718000976,
      "active_rate": 1.0
    },
    "stability_penalty": {
      "episode_sum_mean": -14.63759245394429,
      "episode_abs_sum_mean": 14.63759245394429,
      "signed_contribution_share": -0.042961615149563884,
      "magnitude_share": 0.042961615149563884,
      "active_rate": 1.0
    }
  },
  "final_policy_component_error_count": 0
}