{
  "eval_episodes": 20,
  "eval_seed_offset": 10000,
  "eval_seeds": [
    10000,
    10001,
    10002,
    10003,
    10004,
    10005,
    10006,
    10007,
    10008,
    10009,
    10010,
    10011,
    10012,
    10013,
    10014,
    10015,
    10016,
    10017,
    10018,
    10019
  ],
  "episode_rewards": [
    -106.97882021779674,
    -114.88123919207436,
    -114.31038123764515,
    -107.11093605835313,
    -105.58258895172617,
    -114.22437454982122,
    -124.07914894482107,
    -113.48364503724721,
    -111.3447143047803,
    -107.96626603261143,
    -95.05909309317079,
    -102.06852785571564,
    -122.77361143794289,
    -119.12299383732588,
    -104.08186187192717,
    -101.27354840886679,
    -110.8216375288726,
    -100.95962270090934,
    -102.89805485288309,
    -122.8386271483719
  ],
  "episode_lengths": [
    57,
    76,
    81,
    61,
    83,
    74,
    78,
    81,
    76,
    74,
    52,
    60,
    67,
    69,
    60,
    82,
    62,
    54,
    54,
    68
  ],
  "episode_terminated": [
    true,
    true,
    true,
    true,
    true,
    true,
    true,
    true,
    true,
    true,
    true,
    true,
    true,
    true,
    true,
    true,
    true,
    true,
    true,
    true
  ],
  "mean_eval_reward": -110.09298466314314,
  "mean_episode_length": 68.45,
  "min_eval_reward": -124.07914894482107,
  "max_eval_reward": -95.05909309317079,
  "termination_breakdown": {
    "terminated": 20,
    "truncated": 0
  },
  "final_policy_component_evaluation": {
    "fuel_cost": {
      "episode_sum_mean": -0.46499999999999997,
      "episode_abs_sum_mean": 0.46499999999999997,
      "signed_contribution_share": -0.022185110620279738,
      "magnitude_share": 0.022185110620279738,
      "active_rate": 0.045288531775018265
    },
    "proximity_reward": {
      "episode_sum_mean": 18.049104791929857,
      "episode_abs_sum_mean": 18.783204530295187,
      "signed_contribution_share": 0.8611212610881398,
      "magnitude_share": 0.8961450974364263,
      "active_rate": 1.0
    },
    "soft_landing_bonus": {
      "episode_sum_mean": 1.7117991387844085,
      "episode_abs_sum_mean": 1.7117991387844085,
      "signed_contribution_share": 0.08166979194329396,
      "magnitude_share": 0.08166979194329396,
      "active_rate": 0.018261504747991233
    },
    "velocity_penalty": {
      "episode_sum_mean": 0.0,
      "episode_abs_sum_mean": 0.0,
      "signed_contribution_share": 0.0,
      "magnitude_share": 0.0,
      "active_rate": 0.0
    }
  },
  "final_policy_component_error_count": 0
}