{
  "eval_episodes": 10,
  "episode_rewards": [
    -109.4635048033108,
    -120.10336502211322,
    -105.79971275655095,
    -107.11093605835313,
    -107.77267014202215,
    -113.89576463825495,
    -124.07914894482107,
    -108.46072830712629,
    -119.79091111306334,
    -111.99276719081362
  ],
  "episode_lengths": [
    57,
    76,
    81,
    61,
    83,
    74,
    78,
    81,
    76,
    74
  ],
  "mean_eval_reward": -112.84695089764296,
  "mean_episode_length": 74.1,
  "min_eval_reward": -124.07914894482107,
  "max_eval_reward": -105.79971275655095
}