{
  "eval_episodes": 10,
  "episode_rewards": [
    -107.11093605835313,
    -107.61128197364272,
    -114.38244822056942,
    -95.53284533983005,
    -110.20686184245733,
    -111.12521282267102,
    -105.5324953893499,
    -87.1838182244455,
    -93.38018618485184,
    -118.56683351841414
  ],
  "episode_lengths": [
    61,
    83,
    74,
    79,
    81,
    76,
    74,
    52,
    60,
    67
  ],
  "mean_eval_reward": -105.0632919574585,
  "mean_episode_length": 70.7,
  "min_eval_reward": -118.56683351841414,
  "max_eval_reward": -87.1838182244455
}