{
  "eval_episodes": 20,
  "eval_seed_offset": 10000,
  "eval_seeds": [
    10000,
    10001,
    10002,
    10003,
    10004,
    10005,
    10006,
    10007,
    10008,
    10009,
    10010,
    10011,
    10012,
    10013,
    10014,
    10015,
    10016,
    10017,
    10018,
    10019
  ],
  "episode_rewards": [
    -115.29818887867495,
    -120.10336502211322,
    -105.34453954053637,
    -111.58601794765048,
    -110.78812798355756,
    -117.78198640659991,
    -114.64410072065373,
    -109.34975068766829,
    -137.03604091520427,
    -119.26473117306689,
    -116.64459977936956,
    -121.04792177219672,
    -132.4357327653962,
    -119.12299383732588,
    -106.43202157977933,
    -106.7349218211335,
    -113.26094659826347,
    -94.04046953027955,
    -105.72252150886567,
    -132.13955126910042
  ],
  "episode_lengths": [
    57,
    76,
    81,
    61,
    83,
    74,
    79,
    81,
    75,
    74,
    52,
    59,
    67,
    69,
    60,
    82,
    62,
    54,
    54,
    68
  ],
  "episode_terminated": [
    true,
    true,
    true,
    true,
    true,
    true,
    true,
    true,
    true,
    true,
    true,
    true,
    true,
    true,
    true,
    true,
    true,
    true,
    true,
    true
  ],
  "mean_eval_reward": -115.4389264868718,
  "mean_episode_length": 68.4,
  "min_eval_reward": -137.03604091520427,
  "max_eval_reward": -94.04046953027955,
  "termination_breakdown": {
    "terminated": 20,
    "truncated": 0
  },
  "final_policy_component_evaluation": {
    "landing_bonus": {
      "episode_sum_mean": 2.5,
      "episode_abs_sum_mean": 2.5,
      "signed_contribution_share": 0.5180695782317969,
      "magnitude_share": 0.5180695782317969,
      "active_rate": 0.003654970760233918
    },
    "progress_delta": {
      "episode_sum_mean": 1.121694062463939,
      "episode_abs_sum_mean": 1.1607824029400944,
      "signed_contribution_share": 0.23244622793832154,
      "magnitude_share": 0.2405464199640266,
      "active_rate": 1.0
    },
    "stability_penalty": {
      "episode_sum_mean": -1.1648242434348048,
      "episode_abs_sum_mean": 1.1648242434348048,
      "signed_contribution_share": -0.24138400180417652,
      "magnitude_share": 0.24138400180417652,
      "active_rate": 1.0
    }
  },
  "final_policy_component_error_count": 0
}