{
  "eval_episodes": 10,
  "episode_rewards": [
    -53.70636084277766,
    -58.43454257666869,
    -56.583663128381325,
    -17.805489068500844,
    -29.742223579564914,
    -51.74478915406081,
    -16.83976625127382,
    -43.52328624518248,
    -27.16119903161316,
    -31.049116979532045
  ],
  "episode_lengths": [
    1000,
    1000,
    1000,
    1000,
    1000,
    1000,
    1000,
    1000,
    1000,
    1000
  ],
  "mean_eval_reward": -38.65904368575558,
  "mean_episode_length": 1000,
  "min_eval_reward": -58.43454257666869,
  "max_eval_reward": -16.83976625127382
}