{
  "eval_episodes": 20,
  "eval_seed_offset": 10000,
  "eval_seeds": [
    10000,
    10001,
    10002,
    10003,
    10004,
    10005,
    10006,
    10007,
    10008,
    10009,
    10010,
    10011,
    10012,
    10013,
    10014,
    10015,
    10016,
    10017,
    10018,
    10019
  ],
  "episode_rewards": [
    -119.28032073095713,
    16.0242571191626,
    -201.36157606386084,
    -122.83347125192714,
    -132.61244339651853,
    -136.391793805012,
    -123.38399549936028,
    14.114535280965328,
    -151.3350033926734,
    -139.49623313828334,
    -95.05909309317079,
    -102.59335430002338,
    -136.0616148244027,
    -176.16670193809136,
    -113.96270132005391,
    -110.63283231780022,
    -111.80662566871285,
    -84.43946565203157,
    -111.02888515715506,
    -141.58236723614857
  ],
  "episode_lengths": [
    57,
    86,
    89,
    61,
    83,
    74,
    79,
    91,
    75,
    74,
    52,
    60,
    67,
    70,
    60,
    82,
    62,
    54,
    54,
    68
  ],
  "episode_terminated": [
    true,
    true,
    true,
    true,
    true,
    true,
    true,
    true,
    true,
    true,
    true,
    true,
    true,
    true,
    true,
    true,
    true,
    true,
    true,
    true
  ],
  "mean_eval_reward": -113.99448431930276,
  "mean_episode_length": 69.9,
  "min_eval_reward": -201.36157606386084,
  "max_eval_reward": 16.0242571191626,
  "termination_breakdown": {
    "terminated": 20,
    "truncated": 0
  },
  "final_policy_component_evaluation": {
    "approach_landing_reward": {
      "episode_sum_mean": 44.68414666188046,
      "episode_abs_sum_mean": 44.68414666188046,
      "signed_contribution_share": 0.3403913642469684,
      "magnitude_share": 0.3403913642469684,
      "active_rate": 0.9971387696709585
    },
    "distance_cost": {
      "episode_sum_mean": -75.7321874608139,
      "episode_abs_sum_mean": 75.7321874608139,
      "signed_contribution_share": -0.5769066779378605,
      "magnitude_share": 0.5769066779378605,
      "active_rate": 1.0
    },
    "stability_cost": {
      "episode_sum_mean": -10.856522228209446,
      "episode_abs_sum_mean": 10.856522228209446,
      "signed_contribution_share": -0.08270195781517097,
      "magnitude_share": 0.08270195781517097,
      "active_rate": 1.0
    }
  },
  "final_policy_component_error_count": 0
}