{
  "eval_episodes": 20,
  "eval_seed_offset": 10000,
  "eval_seeds": [
    10000,
    10001,
    10002,
    10003,
    10004,
    10005,
    10006,
    10007,
    10008,
    10009,
    10010,
    10011,
    10012,
    10013,
    10014,
    10015,
    10016,
    10017,
    10018,
    10019
  ],
  "episode_rewards": [
    -547.2498968117263,
    -578.4064441467146,
    -543.0759552829247,
    -974.0737964324953,
    -842.5300382993856,
    -764.6812496084716,
    -560.3445676869123,
    -761.681418727103,
    -948.2394395441793,
    -520.6674674197641,
    -356.7229283222919,
    -425.4756565798844,
    -451.748828526476,
    -421.6762063969809,
    -658.3670075029436,
    -6802.7255997703,
    -1134.1745016454015,
    -8273.59898618039,
    -1006.5322862640814,
    -807.8064436073583
  ],
  "episode_lengths": [
    131,
    111,
    110,
    159,
    138,
    138,
    114,
    124,
    145,
    104,
    105,
    107,
    106,
    102,
    124,
    536,
    184,
    681,
    189,
    144
  ],
  "episode_terminated": [
    true,
    true,
    true,
    true,
    true,
    true,
    true,
    true,
    true,
    true,
    true,
    true,
    true,
    true,
    true,
    true,
    true,
    true,
    true,
    true
  ],
  "mean_eval_reward": -1368.9889359377892,
  "mean_episode_length": 177.6,
  "min_eval_reward": -8273.59898618039,
  "max_eval_reward": -356.7229283222919,
  "termination_breakdown": {
    "terminated": 20,
    "truncated": 0
  }
}