{
  "eval_episodes": 100,
  "eval_seed_offset": 30000,
  "eval_seeds": [
    30000,
    30001,
    30002,
    30003,
    30004,
    30005,
    30006,
    30007,
    30008,
    30009,
    30010,
    30011,
    30012,
    30013,
    30014,
    30015,
    30016,
    30017,
    30018,
    30019,
    30020,
    30021,
    30022,
    30023,
    30024,
    30025,
    30026,
    30027,
    30028,
    30029,
    30030,
    30031,
    30032,
    30033,
    30034,
    30035,
    30036,
    30037,
    30038,
    30039,
    30040,
    30041,
    30042,
    30043,
    30044,
    30045,
    30046,
    30047,
    30048,
    30049,
    30050,
    30051,
    30052,
    30053,
    30054,
    30055,
    30056,
    30057,
    30058,
    30059,
    30060,
    30061,
    30062,
    30063,
    30064,
    30065,
    30066,
    30067,
    30068,
    30069,
    30070,
    30071,
    30072,
    30073,
    30074,
    30075,
    30076,
    30077,
    30078,
    30079,
    30080,
    30081,
    30082,
    30083,
    30084,
    30085,
    30086,
    30087,
    30088,
    30089,
    30090,
    30091,
    30092,
    30093,
    30094,
    30095,
    30096,
    30097,
    30098,
    30099
  ],
  "episode_rewards": [
    148.77606066579474,
    297.1869965546624,
    268.2380794389538,
    262.7344238395026,
    198.94782857752224,
    306.9299579006727,
    290.1705449311321,
    287.56749904902756,
    265.2329250163453,
    241.0496005728215,
    186.51759989572665,
    260.23430053880384,
    125.95880456780787,
    200.94571437537152,
    293.26014913601614,
    284.91378877416435,
    232.12152636040932,
    177.31451373677012,
    259.0327484060905,
    245.46340232596245,
    195.03089976948962,
    189.4316783360945,
    247.6971787702381,
    151.6364403200876,
    232.30473254039904,
    189.07809454636237,
    287.3610008929639,
    268.9873063239546,
    144.25375507771196,
    264.47058724104215,
    193.24058899506682,
    257.6708791325643,
    237.1611766135604,
    284.89543115198603,
    153.14599132446372,
    192.32340730921658,
    181.58604137260582,
    264.21939921639273,
    282.33797556014906,
    177.29819640540197,
    277.63585709152164,
    152.10498111284147,
    263.03031743883326,
    267.66416710985294,
    233.7419243629742,
    276.0828267726582,
    175.372420385838,
    273.89968595104824,
    148.36552964544956,
    247.27210972447597,
    163.9072650820105,
    167.590336422927,
    175.46731994186774,
    191.60474169318738,
    266.18393432818203,
    163.34679263216884,
    250.50747977011108,
    252.4143729938234,
    191.44104166368973,
    286.13756041216675,
    281.32314890981564,
    264.11637225243607,
    288.0173007426188,
    169.40321490581044,
    228.2974187126303,
    244.07720909165707,
    152.87215358195013,
    173.46852598502045,
    264.9793911566092,
    192.0318795951141,
    188.44617535544046,
    256.2940435868304,
    253.3116068190669,
    262.1065699553358,
    144.11333694414571,
    276.4510651428996,
    254.27334734161337,
    263.84796807709245,
    191.32025217998236,
    144.8153418771104,
    158.2774551291944,
    167.17273031049825,
    234.4774903491067,
    160.29074031434334,
    266.2125602542754,
    270.8813772596017,
    285.468570021668,
    245.64545286411501,
    262.43729347830714,
    239.88163448561235,
    225.1843686171697,
    297.51558845530303,
    224.90078655761127,
    256.25642847076824,
    153.7808018951819,
    178.13130359367477,
    278.00220089905486,
    263.37645527105275,
    180.87056147091062,
    230.77349914875177
  ],
  "episode_lengths": [
    1000,
    277,
    291,
    269,
    1000,
    303,
    286,
    254,
    294,
    257,
    1000,
    257,
    1000,
    1000,
    297,
    267,
    254,
    1000,
    240,
    271,
    1000,
    1000,
    273,
    1000,
    252,
    1000,
    265,
    308,
    1000,
    255,
    1000,
    307,
    258,
    260,
    1000,
    1000,
    1000,
    273,
    292,
    1000,
    275,
    1000,
    283,
    267,
    266,
    264,
    1000,
    277,
    1000,
    251,
    1000,
    1000,
    1000,
    1000,
    294,
    1000,
    275,
    259,
    1000,
    248,
    306,
    285,
    303,
    1000,
    252,
    280,
    1000,
    1000,
    261,
    1000,
    1000,
    252,
    283,
    281,
    1000,
    248,
    287,
    270,
    1000,
    1000,
    1000,
    1000,
    271,
    1000,
    291,
    243,
    251,
    263,
    280,
    264,
    905,
    252,
    264,
    278,
    1000,
    1000,
    248,
    252,
    1000,
    261
  ],
  "episode_terminated": [
    false,
    true,
    true,
    true,
    false,
    true,
    true,
    true,
    true,
    true,
    false,
    true,
    false,
    false,
    true,
    true,
    true,
    false,
    true,
    true,
    false,
    false,
    true,
    false,
    true,
    false,
    true,
    true,
    false,
    true,
    false,
    true,
    true,
    true,
    false,
    false,
    false,
    true,
    true,
    false,
    true,
    false,
    true,
    true,
    true,
    true,
    false,
    true,
    false,
    true,
    false,
    false,
    false,
    false,
    true,
    false,
    true,
    true,
    false,
    true,
    true,
    true,
    true,
    false,
    true,
    true,
    false,
    false,
    true,
    false,
    false,
    true,
    true,
    true,
    false,
    true,
    true,
    true,
    false,
    false,
    false,
    false,
    true,
    false,
    true,
    true,
    true,
    true,
    true,
    true,
    true,
    true,
    true,
    true,
    false,
    false,
    true,
    true,
    false,
    true
  ],
  "mean_eval_reward": 227.23601511158319,
  "mean_episode_length": 561.5,
  "min_eval_reward": 125.95880456780787,
  "max_eval_reward": 306.9299579006727,
  "termination_breakdown": {
    "terminated": 61,
    "truncated": 39
  },
  "final_policy_component_evaluation": {
    "landing_proxy": {
      "episode_sum_mean": 264.5662539225247,
      "episode_abs_sum_mean": 264.5662539225247,
      "signed_contribution_share": 0.9739782974907325,
      "magnitude_share": 0.9739782974907325,
      "active_rate": 0.9998040961709707
    },
    "progress_reward": {
      "episode_sum_mean": 5.494265941772568,
      "episode_abs_sum_mean": 5.723753677572844,
      "signed_contribution_share": 0.020226675581595636,
      "magnitude_share": 0.02107151528014317,
      "active_rate": 0.9840071237756011
    },
    "stability_penalty": {
      "episode_sum_mean": -1.344642375295845,
      "episode_abs_sum_mean": 1.344642375295845,
      "signed_contribution_share": -0.0049501872291243115,
      "magnitude_share": 0.0049501872291243115,
      "active_rate": 1.0
    }
  },
  "final_policy_component_error_count": 0
}