{
  "eval_episodes": 20,
  "eval_seed_offset": 10000,
  "eval_seeds": [
    10000,
    10001,
    10002,
    10003,
    10004,
    10005,
    10006,
    10007,
    10008,
    10009,
    10010,
    10011,
    10012,
    10013,
    10014,
    10015,
    10016,
    10017,
    10018,
    10019
  ],
  "episode_rewards": [
    -12.424672299939868,
    -5.121708066337975,
    21.242935693576626,
    -23.158431256338446,
    -22.06534232930821,
    -26.711658844664253,
    -4.300149086484016,
    -1.5365977062946607,
    -45.13673591038039,
    10.05455613928074,
    18.92115699459883,
    8.886739464715735,
    3.933644024531757,
    14.247699119326136,
    -18.062198147225807,
    -27.69236360933655,
    -44.05932358783456,
    -1.6775784697501133,
    -19.036593015692556,
    -36.42397044489285
  ],
  "episode_lengths": [
    1000,
    1000,
    1000,
    1000,
    1000,
    1000,
    1000,
    1000,
    1000,
    1000,
    1000,
    1000,
    1000,
    1000,
    1000,
    1000,
    1000,
    1000,
    1000,
    1000
  ],
  "episode_terminated": [
    false,
    false,
    false,
    false,
    false,
    false,
    false,
    false,
    false,
    false,
    false,
    false,
    false,
    false,
    false,
    false,
    false,
    false,
    false,
    false
  ],
  "mean_eval_reward": -10.506029566922521,
  "mean_episode_length": 1000,
  "min_eval_reward": -45.13673591038039,
  "max_eval_reward": 21.242935693576626,
  "termination_breakdown": {
    "terminated": 0,
    "truncated": 20
  },
  "final_policy_component_evaluation": {
    "approach_reward": {
      "episode_sum_mean": 32.62110571284801,
      "episode_abs_sum_mean": 38.00765401984818,
      "signed_contribution_share": 0.8438783649502787,
      "magnitude_share": 0.9832234753843093,
      "active_rate": 1.0
    },
    "soft_landing_proxy": {
      "episode_sum_mean": 0.0,
      "episode_abs_sum_mean": 0.0,
      "signed_contribution_share": 0.0,
      "magnitude_share": 0.0,
      "active_rate": 0.0
    },
    "stability_penalty": {
      "episode_sum_mean": -0.6485161910921678,
      "episode_abs_sum_mean": 0.6485161910921678,
      "signed_contribution_share": -0.016776524615690635,
      "magnitude_share": 0.016776524615690635,
      "active_rate": 1.0
    }
  },
  "final_policy_component_error_count": 0
}