{
  "eval_episodes": 20,
  "eval_seed_offset": 10000,
  "eval_seeds": [
    10000,
    10001,
    10002,
    10003,
    10004,
    10005,
    10006,
    10007,
    10008,
    10009,
    10010,
    10011,
    10012,
    10013,
    10014,
    10015,
    10016,
    10017,
    10018,
    10019
  ],
  "episode_rewards": [
    270.15707523346845,
    266.5494949933967,
    275.2908171969569,
    249.91672852229533,
    259.4532684973856,
    240.06951690136805,
    285.65134820234124,
    224.8379648162624,
    126.02644986305003,
    296.74083793207865,
    296.5615996681638,
    298.5363020934265,
    293.0572398144858,
    286.6806517155243,
    270.196499969201,
    237.92088348089487,
    226.9937039657006,
    268.19933945140497,
    268.1853689181113,
    249.03989530570738
  ],
  "episode_lengths": [
    221,
    285,
    263,
    239,
    278,
    257,
    221,
    482,
    1000,
    232,
    218,
    205,
    219,
    252,
    214,
    259,
    243,
    279,
    217,
    222
  ],
  "episode_terminated": [
    true,
    true,
    true,
    true,
    true,
    true,
    true,
    true,
    false,
    true,
    true,
    true,
    true,
    true,
    true,
    true,
    true,
    true,
    true,
    true
  ],
  "mean_eval_reward": 259.5032493270612,
  "mean_episode_length": 290.3,
  "min_eval_reward": 126.02644986305003,
  "max_eval_reward": 298.5363020934265,
  "termination_breakdown": {
    "terminated": 19,
    "truncated": 1
  },
  "final_policy_component_evaluation": {
    "angle_stability": {
      "episode_sum_mean": -2.5468809895705045,
      "episode_abs_sum_mean": 2.5468809895705045,
      "signed_contribution_share": -0.034356047779157496,
      "magnitude_share": 0.034356047779157496,
      "active_rate": 1.0
    },
    "approach_progress": {
      "episode_sum_mean": 6.554559994954616,
      "episode_abs_sum_mean": 6.733268531411886,
      "signed_contribution_share": 0.08841747112651306,
      "magnitude_share": 0.0908281526786592,
      "active_rate": 0.9574578022735102
    },
    "grounded_quality": {
      "episode_sum_mean": 28.07522740319255,
      "episode_abs_sum_mean": 28.07522740319255,
      "signed_contribution_share": 0.37871964101371436,
      "magnitude_share": 0.37871964101371436,
      "active_rate": 0.35342748880468483
    },
    "landing_quality": {
      "episode_sum_mean": 17.89223836408928,
      "episode_abs_sum_mean": 17.89223836408928,
      "signed_contribution_share": 0.24135662350535966,
      "magnitude_share": 0.24135662350535966,
      "active_rate": 1.0
    },
    "velocity_penalty": {
      "episode_sum_mean": -18.884339759126306,
      "episode_abs_sum_mean": 18.884339759126306,
      "signed_contribution_share": -0.25473953502310936,
      "magnitude_share": 0.25473953502310936,
      "active_rate": 0.6040303134688254
    }
  },
  "final_policy_component_error_count": 0
}