{
  "eval_episodes": 10,
  "episode_rewards": [
    -115.3605406377848,
    -108.64246660120409,
    -106.07729879145455,
    -113.20720053984235,
    -122.41249488618377,
    -112.71874732794163,
    -114.49273632067445,
    -110.28266871825608,
    -98.65441916894365,
    -101.24438134608073
  ],
  "episode_lengths": [
    81,
    61,
    83,
    74,
    78,
    81,
    76,
    74,
    52,
    60
  ],
  "mean_eval_reward": -110.30929543383661,
  "mean_episode_length": 72,
  "min_eval_reward": -122.41249488618377,
  "max_eval_reward": -98.65441916894365
}