{
  "eval_episodes": 20,
  "eval_seed_offset": 10000,
  "eval_seeds": [
    10000,
    10001,
    10002,
    10003,
    10004,
    10005,
    10006,
    10007,
    10008,
    10009,
    10010,
    10011,
    10012,
    10013,
    10014,
    10015,
    10016,
    10017,
    10018,
    10019
  ],
  "episode_rewards": [
    -92.68794855615634,
    -122.09927309637384,
    -113.09113835822741,
    -117.47072290636797,
    -110.71845862710298,
    -117.93689481022845,
    -107.8733286762466,
    -122.38660657338289,
    -122.25130785264919,
    -110.52434359279326,
    -94.71135471597734,
    -98.10224432806977,
    -124.02942261318464,
    -129.25505773290743,
    -111.06737663167463,
    -103.33072850460564,
    -105.39929252442381,
    -101.4518621044316,
    -90.57612607409584,
    -126.4384460204668
  ],
  "episode_lengths": [
    58,
    77,
    82,
    61,
    84,
    75,
    79,
    81,
    77,
    75,
    52,
    60,
    68,
    70,
    60,
    83,
    63,
    55,
    55,
    69
  ],
  "episode_terminated": [
    true,
    true,
    true,
    true,
    true,
    true,
    true,
    true,
    true,
    true,
    true,
    true,
    true,
    true,
    true,
    true,
    true,
    true,
    true,
    true
  ],
  "mean_eval_reward": -111.07009671496832,
  "mean_episode_length": 69.2,
  "min_eval_reward": -129.25505773290743,
  "max_eval_reward": -90.57612607409584,
  "termination_breakdown": {
    "terminated": 20,
    "truncated": 0
  },
  "final_policy_component_evaluation": {
    "landing_improvement": {
      "episode_sum_mean": 21.69797489902551,
      "episode_abs_sum_mean": 21.69797489902551,
      "signed_contribution_share": 0.3293837863195324,
      "magnitude_share": 0.3293837863195324,
      "active_rate": 0.47760115606936415
    },
    "progress_reward": {
      "episode_sum_mean": 1.1165785907054981,
      "episode_abs_sum_mean": 1.156323399825845,
      "signed_contribution_share": 0.016950101824775462,
      "magnitude_share": 0.017553443647020585,
      "active_rate": 1.0
    },
    "speed_tracking_reward": {
      "episode_sum_mean": -43.020149079006174,
      "episode_abs_sum_mean": 43.020149079006174,
      "signed_contribution_share": -0.6530627700334469,
      "magnitude_share": 0.6530627700334469,
      "active_rate": 1.0
    }
  },
  "final_policy_component_error_count": 0
}