{
  "eval_episodes": 20,
  "eval_seed_offset": 10000,
  "eval_seeds": [
    10000,
    10001,
    10002,
    10003,
    10004,
    10005,
    10006,
    10007,
    10008,
    10009,
    10010,
    10011,
    10012,
    10013,
    10014,
    10015,
    10016,
    10017,
    10018,
    10019
  ],
  "episode_rewards": [
    -18.702668189526715,
    -4.135089749445111,
    25.662801776212532,
    -24.612158989306284,
    -23.4258049393444,
    -26.96344886371629,
    -0.3208946992743884,
    1.5888918588322989,
    -45.19252433832486,
    5.119779149175624,
    9.707553283783454,
    10.0920828719117,
    -0.2534053676056658,
    8.977173520228867,
    -18.15391677381284,
    -36.42088557843221,
    -44.793519964681465,
    -5.5081214656091415,
    -19.578238988771993,
    -32.834656455111606
  ],
  "episode_lengths": [
    1000,
    1000,
    1000,
    1000,
    1000,
    1000,
    1000,
    1000,
    1000,
    1000,
    1000,
    1000,
    1000,
    1000,
    1000,
    1000,
    1000,
    1000,
    1000,
    1000
  ],
  "episode_terminated": [
    false,
    false,
    false,
    false,
    false,
    false,
    false,
    false,
    false,
    false,
    false,
    false,
    false,
    false,
    false,
    false,
    false,
    false,
    false,
    false
  ],
  "mean_eval_reward": -11.987352595140925,
  "mean_episode_length": 1000,
  "min_eval_reward": -45.19252433832486,
  "max_eval_reward": 25.662801776212532,
  "termination_breakdown": {
    "terminated": 0,
    "truncated": 20
  },
  "final_policy_component_evaluation": {
    "contact_bonus": {
      "episode_sum_mean": 0.0,
      "episode_abs_sum_mean": 0.0,
      "signed_contribution_share": 0.0,
      "magnitude_share": 0.0,
      "active_rate": 0.0
    },
    "landing_quality": {
      "episode_sum_mean": 749.1346356612054,
      "episode_abs_sum_mean": 749.1346356612054,
      "signed_contribution_share": 1.0,
      "magnitude_share": 1.0,
      "active_rate": 1.0
    }
  },
  "final_policy_component_error_count": 0
}