{
  "eval_episodes": 20,
  "eval_seed_offset": 10000,
  "eval_seeds": [
    10000,
    10001,
    10002,
    10003,
    10004,
    10005,
    10006,
    10007,
    10008,
    10009,
    10010,
    10011,
    10012,
    10013,
    10014,
    10015,
    10016,
    10017,
    10018,
    10019
  ],
  "episode_rewards": [
    -65.66428911712218,
    -60.51691346871296,
    -25.16310811710752,
    -87.41763293384089,
    -76.53031745584128,
    -80.24000540081282,
    -56.17692949170659,
    -51.095998127114626,
    -84.17245855334413,
    -45.23713067285125,
    -32.591517574225186,
    -44.99546570049941,
    -46.39296177907957,
    -36.885074083451265,
    -78.60091058111132,
    -82.39075607388968,
    -93.66184409581605,
    -60.07952973858085,
    -70.78234998439157,
    -97.52006599812573
  ],
  "episode_lengths": [
    1000,
    1000,
    1000,
    1000,
    1000,
    1000,
    1000,
    1000,
    1000,
    1000,
    1000,
    1000,
    1000,
    1000,
    1000,
    1000,
    1000,
    1000,
    1000,
    1000
  ],
  "episode_terminated": [
    false,
    false,
    false,
    false,
    false,
    false,
    false,
    false,
    false,
    false,
    false,
    false,
    false,
    false,
    false,
    false,
    false,
    false,
    false,
    false
  ],
  "mean_eval_reward": -63.80576294738125,
  "mean_episode_length": 1000,
  "min_eval_reward": -97.52006599812573,
  "max_eval_reward": -25.16310811710752,
  "termination_breakdown": {
    "terminated": 0,
    "truncated": 20
  },
  "final_policy_component_evaluation": {
    "contact_bonus": {
      "episode_sum_mean": 0.0,
      "episode_abs_sum_mean": 0.0,
      "signed_contribution_share": 0.0,
      "magnitude_share": 0.0,
      "active_rate": 0.0
    },
    "engine_penalty": {
      "episode_sum_mean": -49.309999999999334,
      "episode_abs_sum_mean": 49.309999999999334,
      "signed_contribution_share": -0.09511647416487473,
      "magnitude_share": 0.09511647416487473,
      "active_rate": 0.9862
    },
    "gated_goal": {
      "episode_sum_mean": 185.91627501100302,
      "episode_abs_sum_mean": 185.91627501100302,
      "signed_contribution_share": 0.3586230089011165,
      "magnitude_share": 0.3586230089011165,
      "active_rate": 1.0
    },
    "height_reward": {
      "episode_sum_mean": 283.1907545618713,
      "episode_abs_sum_mean": 283.1907545618713,
      "signed_contribution_share": 0.5462605169340089,
      "magnitude_share": 0.5462605169340089,
      "active_rate": 1.0
    }
  },
  "final_policy_component_error_count": 0
}