{
  "eval_episodes": 20,
  "eval_seed_offset": 10000,
  "eval_seeds": [
    10000,
    10001,
    10002,
    10003,
    10004,
    10005,
    10006,
    10007,
    10008,
    10009,
    10010,
    10011,
    10012,
    10013,
    10014,
    10015,
    10016,
    10017,
    10018,
    10019
  ],
  "episode_rewards": [
    -8.186838968550418,
    -39.92229870335498,
    -68.52379574844822,
    10.247519855858968,
    -19.232761936025412,
    -18.869194827717706,
    -28.637258682426236,
    -52.10850491705537,
    -17.190060115062224,
    -17.77352497760235,
    -7.185389302816191,
    10.297684690460045,
    -47.49015680326828,
    -54.54768512590498,
    -18.34349694670557,
    3.7286412969390312,
    -15.146689331403834,
    -23.034500707826496,
    18.31642247693584,
    1.8551585982123413
  ],
  "episode_lengths": [
    67,
    84,
    84,
    76,
    92,
    84,
    90,
    87,
    86,
    84,
    63,
    73,
    74,
    77,
    71,
    92,
    71,
    62,
    66,
    82
  ],
  "episode_terminated": [
    true,
    true,
    true,
    true,
    true,
    true,
    true,
    true,
    true,
    true,
    true,
    true,
    true,
    true,
    true,
    true,
    true,
    true,
    true,
    true
  ],
  "mean_eval_reward": -19.587336508788102,
  "mean_episode_length": 78.25,
  "min_eval_reward": -68.52379574844822,
  "max_eval_reward": 18.31642247693584,
  "termination_breakdown": {
    "terminated": 20,
    "truncated": 0
  },
  "final_policy_component_evaluation": {
    "contact_bonus": {
      "episode_sum_mean": 0.34548259489238264,
      "episode_abs_sum_mean": 0.34548259489238264,
      "signed_contribution_share": 0.002086299758916874,
      "magnitude_share": 0.002086299758916874,
      "active_rate": 0.0268370607028754
    },
    "orientation_penalty": {
      "episode_sum_mean": -0.6113216958442035,
      "episode_abs_sum_mean": 0.6113216958442035,
      "signed_contribution_share": -0.0036916485099855803,
      "magnitude_share": 0.0036916485099855803,
      "active_rate": 1.0
    },
    "proximity": {
      "episode_sum_mean": -153.49867245212664,
      "episode_abs_sum_mean": 153.49867245212664,
      "signed_contribution_share": -0.926947545449251,
      "magnitude_share": 0.926947545449251,
      "active_rate": 1.0
    },
    "velocity_penalty": {
      "episode_sum_mean": -11.140379468970787,
      "episode_abs_sum_mean": 11.140379468970787,
      "signed_contribution_share": -0.06727450628184656,
      "magnitude_share": 0.06727450628184656,
      "active_rate": 0.9987220447284345
    }
  },
  "final_policy_component_error_count": 0
}