{
  "eval_episodes": 10,
  "episode_rewards": [
    148.02862341842035,
    146.86300035652425,
    115.21497851786663,
    159.07182476962996,
    174.2216038025947,
    158.1038252630917,
    155.15553218869948,
    171.0338471245352,
    134.41323228446174,
    119.17248747003049
  ],
  "episode_lengths": [
    1000,
    1000,
    1000,
    1000,
    1000,
    1000,
    1000,
    1000,
    1000,
    1000
  ],
  "mean_eval_reward": 148.12789551958545,
  "mean_episode_length": 1000,
  "min_eval_reward": 115.21497851786663,
  "max_eval_reward": 174.2216038025947
}