{
  "eval_episodes": 20,
  "eval_seed_offset": 10000,
  "eval_seeds": [
    10000,
    10001,
    10002,
    10003,
    10004,
    10005,
    10006,
    10007,
    10008,
    10009,
    10010,
    10011,
    10012,
    10013,
    10014,
    10015,
    10016,
    10017,
    10018,
    10019
  ],
  "episode_rewards": [
    266.87904918675304,
    282.3351972612928,
    292.15806896545644,
    250.01729521207503,
    257.512646340053,
    249.3967042493253,
    280.33979913472723,
    276.5306654777117,
    245.6564937543157,
    290.01497707992246,
    66.81444584743147,
    180.86247081785672,
    159.811540532714,
    299.1407899319981,
    263.3193618941542,
    251.11790611183545,
    242.14914135889106,
    279.1809416753484,
    268.5822831938762,
    245.46227809918375
  ],
  "episode_lengths": [
    256,
    279,
    710,
    282,
    295,
    287,
    279,
    280,
    276,
    261,
    145,
    1000,
    1000,
    263,
    271,
    286,
    269,
    260,
    258,
    263
  ],
  "episode_terminated": [
    true,
    true,
    true,
    true,
    true,
    true,
    true,
    true,
    true,
    true,
    true,
    false,
    false,
    true,
    true,
    true,
    true,
    true,
    true,
    true
  ],
  "mean_eval_reward": 247.3641028062461,
  "mean_episode_length": 361,
  "min_eval_reward": 66.81444584743147,
  "max_eval_reward": 299.1407899319981,
  "termination_breakdown": {
    "terminated": 18,
    "truncated": 2
  },
  "final_policy_component_evaluation": {
    "shaping_reward": {
      "episode_sum_mean": 1.7361195739592812,
      "episode_abs_sum_mean": 3.332242017037923,
      "signed_contribution_share": 0.5210064470354835,
      "magnitude_share": 1.0,
      "active_rate": 1.0
    }
  },
  "final_policy_component_error_count": 0
}