{
  "eval_episodes": 10,
  "episode_rewards": [
    174.41212009990457,
    191.97417402404304,
    247.32267083673923,
    257.02361444086216,
    253.16144115797266,
    169.2846576670162,
    170.44454090877505,
    240.36869707404952,
    279.820483755963,
    197.1457032396554
  ],
  "episode_lengths": [
    1000,
    1000,
    794,
    733,
    255,
    1000,
    1000,
    901,
    895,
    1000
  ],
  "mean_eval_reward": 218.0958103204981,
  "mean_episode_length": 857.8,
  "min_eval_reward": 169.2846576670162,
  "max_eval_reward": 279.820483755963
}