{
  "eval_episodes": 20,
  "eval_seed_offset": 10000,
  "eval_seeds": [
    10000,
    10001,
    10002,
    10003,
    10004,
    10005,
    10006,
    10007,
    10008,
    10009,
    10010,
    10011,
    10012,
    10013,
    10014,
    10015,
    10016,
    10017,
    10018,
    10019
  ],
  "episode_rewards": [
    -122.6104051830628,
    -120.10336502211322,
    -108.33571269419551,
    -106.3355334516863,
    -112.13670250427657,
    -132.35058994577318,
    -136.36912625238656,
    -122.48321950020653,
    -139.70899978395332,
    -128.2882404691004,
    -116.3557671213342,
    -105.24727118439986,
    -131.20253738765769,
    -119.12299383732588,
    -120.58954070538468,
    -110.29924809036052,
    -111.80662566871285,
    -97.92391422113582,
    -111.02888515715506,
    -138.83505196583823
  ],
  "episode_lengths": [
    57,
    76,
    81,
    61,
    83,
    74,
    78,
    80,
    75,
    74,
    51,
    60,
    67,
    69,
    60,
    82,
    62,
    54,
    54,
    68
  ],
  "episode_terminated": [
    true,
    true,
    true,
    true,
    true,
    true,
    true,
    true,
    true,
    true,
    true,
    true,
    true,
    true,
    true,
    true,
    true,
    true,
    true,
    true
  ],
  "mean_eval_reward": -119.55668650730296,
  "mean_episode_length": 68.3,
  "min_eval_reward": -139.70899978395332,
  "max_eval_reward": -97.92391422113582,
  "termination_breakdown": {
    "terminated": 20,
    "truncated": 0
  },
  "final_policy_component_evaluation": {
    "distance_cost": {
      "episode_sum_mean": -75.30764742115832,
      "episode_abs_sum_mean": 75.30764742115832,
      "signed_contribution_share": -0.842940193636003,
      "magnitude_share": 0.842940193636003,
      "active_rate": 1.0
    },
    "soft_landing_bonus": {
      "episode_sum_mean": 4.0,
      "episode_abs_sum_mean": 4.0,
      "signed_contribution_share": 0.044773152395631566,
      "magnitude_share": 0.044773152395631566,
      "active_rate": 0.0029282576866764276
    },
    "stability_cost": {
      "episode_sum_mean": -10.031605813784152,
      "episode_abs_sum_mean": 10.031605813784152,
      "signed_contribution_share": -0.11228665396836536,
      "magnitude_share": 0.11228665396836536,
      "active_rate": 1.0
    }
  },
  "final_policy_component_error_count": 0
}