{
  "eval_episodes": 20,
  "eval_seed_offset": 10000,
  "eval_seeds": [
    10000,
    10001,
    10002,
    10003,
    10004,
    10005,
    10006,
    10007,
    10008,
    10009,
    10010,
    10011,
    10012,
    10013,
    10014,
    10015,
    10016,
    10017,
    10018,
    10019
  ],
  "episode_rewards": [
    -96.1754694114752,
    -120.10336502211322,
    -108.7797548379396,
    -108.84208032762763,
    -106.37016018668663,
    -130.74661246230815,
    -124.07914894482107,
    -109.97253256699602,
    -119.79091111306334,
    -108.69615149333961,
    -95.05909309317079,
    -98.05724253030002,
    -122.21341867113915,
    -119.12299383732588,
    -104.67877096928564,
    -102.089120915666,
    -111.80662566871285,
    -96.18150987984643,
    -102.89805485288309,
    -123.17930648228128
  ],
  "episode_lengths": [
    57,
    76,
    81,
    61,
    83,
    74,
    78,
    81,
    76,
    74,
    52,
    60,
    67,
    69,
    60,
    82,
    62,
    54,
    54,
    68
  ],
  "episode_terminated": [
    true,
    true,
    true,
    true,
    true,
    true,
    true,
    true,
    true,
    true,
    true,
    true,
    true,
    true,
    true,
    true,
    true,
    true,
    true,
    true
  ],
  "mean_eval_reward": -110.44211616334908,
  "mean_episode_length": 68.45,
  "min_eval_reward": -130.74661246230815,
  "max_eval_reward": -95.05909309317079,
  "termination_breakdown": {
    "terminated": 20,
    "truncated": 0
  },
  "final_policy_component_evaluation": {
    "fuel_cost": {
      "episode_sum_mean": -0.3825,
      "episode_abs_sum_mean": 0.3825,
      "signed_contribution_share": -0.017497726395594822,
      "magnitude_share": 0.017497726395594822,
      "active_rate": 0.03725346968590212
    },
    "proximity_reward": {
      "episode_sum_mean": 17.906316370853165,
      "episode_abs_sum_mean": 18.639601795088673,
      "signed_contribution_share": 0.8191367963664028,
      "magnitude_share": 0.8526814440086266,
      "active_rate": 1.0
    },
    "soft_landing_bonus": {
      "episode_sum_mean": 2.1372868180274964,
      "episode_abs_sum_mean": 2.1372868180274964,
      "signed_contribution_share": 0.09777166005426559,
      "magnitude_share": 0.09777166005426559,
      "active_rate": 0.016800584368151936
    },
    "velocity_penalty": {
      "episode_sum_mean": -0.7005942985092612,
      "episode_abs_sum_mean": 0.7005942985092612,
      "signed_contribution_share": -0.03204916954151304,
      "magnitude_share": 0.03204916954151304,
      "active_rate": 0.9956172388604821
    }
  },
  "final_policy_component_error_count": 0
}