{
  "eval_episodes": 20,
  "eval_seed_offset": 10000,
  "eval_seeds": [
    10000,
    10001,
    10002,
    10003,
    10004,
    10005,
    10006,
    10007,
    10008,
    10009,
    10010,
    10011,
    10012,
    10013,
    10014,
    10015,
    10016,
    10017,
    10018,
    10019
  ],
  "episode_rewards": [
    212.84064352887395,
    244.97224814106883,
    256.4813403426874,
    194.4830727970583,
    216.82463873046697,
    194.4512538797566,
    200.6622118846307,
    229.79478388129476,
    201.81535217807715,
    243.22044067905344,
    244.24379460613815,
    235.2393546086763,
    228.3375475089565,
    265.23070231109506,
    216.0475320503973,
    197.38592041146654,
    191.9621308575392,
    240.61967408812254,
    216.48710713892046,
    203.97647797176793
  ],
  "episode_lengths": [
    525,
    466,
    509,
    538,
    513,
    553,
    599,
    501,
    516,
    506,
    560,
    536,
    551,
    449,
    519,
    572,
    521,
    471,
    510,
    492
  ],
  "episode_terminated": [
    true,
    true,
    true,
    true,
    true,
    true,
    true,
    true,
    true,
    true,
    true,
    true,
    true,
    true,
    true,
    true,
    true,
    true,
    true,
    true
  ],
  "mean_eval_reward": 221.7538113798024,
  "mean_episode_length": 520.35,
  "min_eval_reward": 191.9621308575392,
  "max_eval_reward": 265.23070231109506,
  "termination_breakdown": {
    "terminated": 20,
    "truncated": 0
  },
  "final_policy_component_evaluation": {
    "approach_reward": {
      "episode_sum_mean": 1.3827604319547002,
      "episode_abs_sum_mean": 1.4342541219965197,
      "signed_contribution_share": 0.012989624321989291,
      "magnitude_share": 0.013473355034221668,
      "active_rate": 0.9716536946286154
    },
    "soft_landing_proxy": {
      "episode_sum_mean": 104.56986175403317,
      "episode_abs_sum_mean": 104.56986175403317,
      "signed_contribution_share": 0.982327226175464,
      "magnitude_share": 0.982327226175464,
      "active_rate": 0.07812049582012107
    },
    "stability_penalty": {
      "episode_sum_mean": -0.4470329546501108,
      "episode_abs_sum_mean": 0.4470329546501108,
      "signed_contribution_share": -0.004199418790314393,
      "magnitude_share": 0.004199418790314393,
      "active_rate": 1.0
    }
  },
  "final_policy_component_error_count": 0
}