{
  "eval_episodes": 20,
  "eval_seed_offset": 10000,
  "eval_seeds": [
    10000,
    10001,
    10002,
    10003,
    10004,
    10005,
    10006,
    10007,
    10008,
    10009,
    10010,
    10011,
    10012,
    10013,
    10014,
    10015,
    10016,
    10017,
    10018,
    10019
  ],
  "episode_rewards": [
    137.55230892233809,
    159.76318019509296,
    191.94258146315974,
    -55.08425379932021,
    82.17208150573151,
    -56.58057828342905,
    154.2897433839348,
    160.48361320946256,
    -61.340048221488026,
    -35.16341535181056,
    87.16773520688311,
    -21.712978323913102,
    -37.11649602078981,
    -36.13378032495938,
    -44.486455831464475,
    -57.47850788668044,
    -72.85213506893277,
    -34.45107004801953,
    149.0386700163071,
    -63.11586760832238
  ],
  "episode_lengths": [
    632,
    535,
    568,
    1000,
    940,
    1000,
    565,
    576,
    1000,
    1000,
    1000,
    1000,
    513,
    647,
    1000,
    1000,
    1000,
    465,
    567,
    1000
  ],
  "episode_terminated": [
    true,
    true,
    true,
    false,
    true,
    false,
    true,
    true,
    false,
    false,
    false,
    false,
    true,
    true,
    false,
    false,
    false,
    true,
    true,
    false
  ],
  "mean_eval_reward": 27.344716356689005,
  "mean_episode_length": 800.4,
  "min_eval_reward": -72.85213506893277,
  "max_eval_reward": 191.94258146315974,
  "termination_breakdown": {
    "terminated": 10,
    "truncated": 10
  },
  "final_policy_component_evaluation": {
    "contact_reward": {
      "episode_sum_mean": 202.43349906206132,
      "episode_abs_sum_mean": 202.43349906206132,
      "signed_contribution_share": 0.9293468247768887,
      "magnitude_share": 0.9293468247768887,
      "active_rate": 0.04572713643178411
    },
    "goal_proximity": {
      "episode_sum_mean": 9.190897717140615,
      "episode_abs_sum_mean": 10.35630771331489,
      "signed_contribution_share": 0.042194259595617394,
      "magnitude_share": 0.047544510836276754,
      "active_rate": 1.0
    },
    "orientation_penalty": {
      "episode_sum_mean": -1.6657254734505382,
      "episode_abs_sum_mean": 1.6657254734505382,
      "signed_contribution_share": -0.007647136896184588,
      "magnitude_share": 0.007647136896184588,
      "active_rate": 1.0
    },
    "velocity_penalty": {
      "episode_sum_mean": -3.36788271862655,
      "episode_abs_sum_mean": 3.36788271862655,
      "signed_contribution_share": -0.015461527490650039,
      "magnitude_share": 0.015461527490650039,
      "active_rate": 1.0
    }
  },
  "final_policy_component_error_count": 0
}