{
  "eval_episodes": 20,
  "eval_seed_offset": 10000,
  "eval_seeds": [
    10000,
    10001,
    10002,
    10003,
    10004,
    10005,
    10006,
    10007,
    10008,
    10009,
    10010,
    10011,
    10012,
    10013,
    10014,
    10015,
    10016,
    10017,
    10018,
    10019
  ],
  "episode_rewards": [
    -119.31590827089121,
    -125.98424653362207,
    -109.42818559327853,
    -121.35247605980894,
    -129.93442894779741,
    -136.7493558829486,
    -133.84391841371166,
    -124.96672750273976,
    -146.08481514156273,
    -131.47733414688477,
    -116.27736707401496,
    -104.75135646242543,
    -133.19384928041316,
    -124.1834214876215,
    -117.12990927809662,
    -110.63283231780022,
    -111.80662566871285,
    -101.24676164040437,
    -110.42511662710675,
    -146.65591947815082
  ],
  "episode_lengths": [
    57,
    76,
    81,
    61,
    83,
    74,
    78,
    80,
    75,
    74,
    51,
    60,
    67,
    69,
    60,
    82,
    62,
    54,
    54,
    68
  ],
  "episode_terminated": [
    true,
    true,
    true,
    true,
    true,
    true,
    true,
    true,
    true,
    true,
    true,
    true,
    true,
    true,
    true,
    true,
    true,
    true,
    true,
    true
  ],
  "mean_eval_reward": -122.77202779039962,
  "mean_episode_length": 68.3,
  "min_eval_reward": -146.65591947815082,
  "max_eval_reward": -101.24676164040437,
  "termination_breakdown": {
    "terminated": 20,
    "truncated": 0
  },
  "final_policy_component_evaluation": {
    "engine_penalty": {
      "episode_sum_mean": -0.2025,
      "episode_abs_sum_mean": 0.2025,
      "signed_contribution_share": -0.019924128222394078,
      "magnitude_share": 0.019924128222394078,
      "active_rate": 0.05929721815519766
    },
    "landing_reward": {
      "episode_sum_mean": 7.0,
      "episode_abs_sum_mean": 7.0,
      "signed_contribution_share": 0.6887352965765854,
      "magnitude_share": 0.6887352965765854,
      "active_rate": 0.005124450951683748
    },
    "lateral_penalty": {
      "episode_sum_mean": -2.1057540729801985,
      "episode_abs_sum_mean": 2.1057540729801985,
      "signed_contribution_share": -0.20718673656733852,
      "magnitude_share": 0.20718673656733852,
      "active_rate": 1.0
    },
    "progress_reward": {
      "episode_sum_mean": 0.802203777607383,
      "episode_abs_sum_mean": 0.8553022813900043,
      "signed_contribution_share": 0.07892943666932543,
      "magnitude_share": 0.0841538386336821,
      "active_rate": 1.0
    }
  },
  "final_policy_component_error_count": 0
}