{
  "eval_episodes": 20,
  "eval_seed_offset": 10000,
  "eval_seeds": [
    10000,
    10001,
    10002,
    10003,
    10004,
    10005,
    10006,
    10007,
    10008,
    10009,
    10010,
    10011,
    10012,
    10013,
    10014,
    10015,
    10016,
    10017,
    10018,
    10019
  ],
  "episode_rewards": [
    29.037483754274415,
    58.32701859633024,
    62.70186233416628,
    -88.53278677981163,
    22.232313482003203,
    12.528239638736782,
    15.237285540039908,
    43.53863144365599,
    -1.3737192903524686,
    48.49472312309768,
    14.867280954692887,
    11.053117238052474,
    39.96165301554296,
    -117.73285821930452,
    5.175569620775935,
    8.596103705543467,
    2.196335235523395,
    52.030439787011495,
    27.10871578058598,
    -39.77899689409833
  ],
  "episode_lengths": [
    1000,
    1000,
    1000,
    1000,
    1000,
    1000,
    1000,
    1000,
    1000,
    1000,
    186,
    1000,
    1000,
    120,
    1000,
    1000,
    1000,
    1000,
    1000,
    1000
  ],
  "episode_terminated": [
    false,
    false,
    false,
    false,
    false,
    false,
    false,
    false,
    false,
    false,
    true,
    false,
    false,
    true,
    false,
    false,
    false,
    false,
    false,
    false
  ],
  "mean_eval_reward": 10.283420603323307,
  "mean_episode_length": 915.3,
  "min_eval_reward": -117.73285821930452,
  "max_eval_reward": 62.70186233416628,
  "termination_breakdown": {
    "terminated": 2,
    "truncated": 18
  },
  "final_policy_component_evaluation": {
    "approach_velocity_penalty": {
      "episode_sum_mean": -7.585091178792137,
      "episode_abs_sum_mean": 7.585091178792137,
      "signed_contribution_share": -0.004345424697580145,
      "magnitude_share": 0.004345424697580145,
      "active_rate": 1.0
    },
    "landing_event": {
      "episode_sum_mean": 1719.107382273674,
      "episode_abs_sum_mean": 1719.107382273674,
      "signed_contribution_share": 0.9848598389444742,
      "magnitude_share": 0.9848598389444742,
      "active_rate": 0.08215885502021195
    },
    "landing_stability": {
      "episode_sum_mean": 15.622013576654718,
      "episode_abs_sum_mean": 15.622013576654718,
      "signed_contribution_share": 0.008949699090201019,
      "magnitude_share": 0.008949699090201019,
      "active_rate": 0.36742051786299573
    },
    "orientation_penalty": {
      "episode_sum_mean": -1.6781967907310789,
      "episode_abs_sum_mean": 1.6781967907310789,
      "signed_contribution_share": -0.0009614225603816454,
      "magnitude_share": 0.0009614225603816454,
      "active_rate": 1.0
    },
    "progress": {
      "episode_sum_mean": 1.1966579865576932,
      "episode_abs_sum_mean": 1.5423804550111526,
      "signed_contribution_share": 0.0006855536798138246,
      "magnitude_share": 0.0008836147073630368,
      "active_rate": 0.9998907462034305
    }
  },
  "final_policy_component_error_count": 0
}