{
  "eval_episodes": 20,
  "eval_seed_offset": 10000,
  "eval_seeds": [
    10000,
    10001,
    10002,
    10003,
    10004,
    10005,
    10006,
    10007,
    10008,
    10009,
    10010,
    10011,
    10012,
    10013,
    10014,
    10015,
    10016,
    10017,
    10018,
    10019
  ],
  "episode_rewards": [
    234.63987579244383,
    256.58645727712536,
    279.23072753915534,
    228.31566066874223,
    238.72301167950624,
    224.0933043885974,
    255.5744033296485,
    217.89631866261578,
    220.6973299767517,
    269.82999030444057,
    254.08938226872675,
    267.51820654870943,
    249.7037057383812,
    277.789206096811,
    248.9226805496598,
    108.03365535645597,
    187.26503079242156,
    263.2384890767074,
    236.4517263370131,
    225.60759901756836
  ],
  "episode_lengths": [
    333,
    372,
    416,
    341,
    377,
    397,
    338,
    725,
    362,
    341,
    331,
    335,
    407,
    375,
    343,
    1000,
    725,
    354,
    335,
    358
  ],
  "episode_terminated": [
    true,
    true,
    true,
    true,
    true,
    true,
    true,
    true,
    true,
    true,
    true,
    true,
    true,
    true,
    true,
    false,
    true,
    true,
    true,
    true
  ],
  "mean_eval_reward": 237.21033807007407,
  "mean_episode_length": 428.25,
  "min_eval_reward": 108.03365535645597,
  "max_eval_reward": 279.23072753915534,
  "termination_breakdown": {
    "terminated": 19,
    "truncated": 1
  },
  "final_policy_component_evaluation": {
    "fuel_penalty": {
      "episode_sum_mean": -13.787500000000062,
      "episode_abs_sum_mean": 13.787500000000062,
      "signed_contribution_share": -0.038170792614731504,
      "magnitude_share": 0.038170792614731504,
      "active_rate": 0.6438995913601868
    },
    "proximity_reward": {
      "episode_sum_mean": 327.37216586562926,
      "episode_abs_sum_mean": 327.37216586562926,
      "signed_contribution_share": 0.9063321886558378,
      "magnitude_share": 0.9063321886558378,
      "active_rate": 1.0
    },
    "rotation_penalty": {
      "episode_sum_mean": -1.472776945416965,
      "episode_abs_sum_mean": 1.472776945416965,
      "signed_contribution_share": -0.004077393534090187,
      "magnitude_share": 0.004077393534090187,
      "active_rate": 0.9977816695855225
    },
    "tilt_penalty": {
      "episode_sum_mean": -10.141922541145414,
      "episode_abs_sum_mean": 10.141922541145414,
      "signed_contribution_share": -0.02807798527889252,
      "magnitude_share": 0.02807798527889252,
      "active_rate": 1.0
    },
    "velocity_penalty": {
      "episode_sum_mean": -8.43112857509348,
      "episode_abs_sum_mean": 8.43112857509348,
      "signed_contribution_share": -0.023341639916448123,
      "magnitude_share": 0.023341639916448123,
      "active_rate": 0.9977816695855225
    }
  },
  "final_policy_component_error_count": 0
}