{
  "eval_episodes": 20,
  "eval_seed_offset": 10000,
  "eval_seeds": [
    10000,
    10001,
    10002,
    10003,
    10004,
    10005,
    10006,
    10007,
    10008,
    10009,
    10010,
    10011,
    10012,
    10013,
    10014,
    10015,
    10016,
    10017,
    10018,
    10019
  ],
  "episode_rewards": [
    208.61787168703069,
    128.6835584298005,
    237.39495042007965,
    230.35748076860813,
    246.06203999330734,
    209.96098745922293,
    244.17200771896285,
    241.05933517399566,
    229.93449438597239,
    264.56424827266994,
    246.52896250537202,
    107.48478419495846,
    244.77104581667408,
    25.53865657037396,
    242.37734568996063,
    57.14938507170978,
    146.02164007752287,
    241.81075699931023,
    213.40025563763294,
    75.73917016218874
  ],
  "episode_lengths": [
    462,
    1000,
    312,
    355,
    362,
    368,
    423,
    315,
    524,
    396,
    514,
    1000,
    421,
    214,
    388,
    1000,
    629,
    623,
    435,
    1000
  ],
  "episode_terminated": [
    true,
    false,
    true,
    true,
    true,
    true,
    true,
    true,
    true,
    true,
    true,
    false,
    true,
    true,
    true,
    false,
    true,
    true,
    true,
    false
  ],
  "mean_eval_reward": 192.0814488517677,
  "mean_episode_length": 537.05,
  "min_eval_reward": 25.53865657037396,
  "max_eval_reward": 264.56424827266994,
  "termination_breakdown": {
    "terminated": 16,
    "truncated": 4
  },
  "final_policy_component_evaluation": {
    "attitude_penalty": {
      "episode_sum_mean": -0.07430617358194079,
      "episode_abs_sum_mean": 0.07430617358194079,
      "signed_contribution_share": -4.879037572609542e-05,
      "magnitude_share": 4.879037572609542e-05,
      "active_rate": 1.0
    },
    "descent_quality": {
      "episode_sum_mean": 1111.6057694166898,
      "episode_abs_sum_mean": 1111.6057694166898,
      "signed_contribution_share": 0.7298944426108492,
      "magnitude_share": 0.7298944426108492,
      "active_rate": 1.0
    },
    "proximity": {
      "episode_sum_mean": 410.98308798223735,
      "episode_abs_sum_mean": 410.98308798223735,
      "signed_contribution_share": 0.2698567065576593,
      "magnitude_share": 0.2698567065576593,
      "active_rate": 1.0
    },
    "velocity_penalty": {
      "episode_sum_mean": -0.30468564202996506,
      "episode_abs_sum_mean": 0.30468564202996506,
      "signed_contribution_share": -0.00020006045576543506,
      "magnitude_share": 0.00020006045576543506,
      "active_rate": 0.9834279862210222
    }
  },
  "final_policy_component_error_count": 0
}