{
  "eval_episodes": 20,
  "eval_seed_offset": 10000,
  "eval_seeds": [
    10000,
    10001,
    10002,
    10003,
    10004,
    10005,
    10006,
    10007,
    10008,
    10009,
    10010,
    10011,
    10012,
    10013,
    10014,
    10015,
    10016,
    10017,
    10018,
    10019
  ],
  "episode_rewards": [
    -12.99757916284654,
    -1.9062834186054118,
    236.79011513436006,
    -17.32490498471779,
    146.13990823694928,
    118.2550092697092,
    172.6979363169146,
    6.720986522342113,
    -44.108230801307485,
    214.25763550347435,
    207.65705261655918,
    19.091274037481856,
    190.97652435285744,
    180.06270600697553,
    131.38392199156976,
    -25.10728078697445,
    -37.430267299016535,
    230.40298991566272,
    187.772316035254,
    -26.02864295111072
  ],
  "episode_lengths": [
    1000,
    1000,
    638,
    1000,
    877,
    977,
    835,
    1000,
    1000,
    686,
    765,
    1000,
    747,
    906,
    943,
    1000,
    1000,
    517,
    669,
    1000
  ],
  "episode_terminated": [
    false,
    false,
    true,
    false,
    true,
    true,
    true,
    false,
    false,
    true,
    true,
    false,
    true,
    true,
    true,
    false,
    false,
    true,
    true,
    false
  ],
  "mean_eval_reward": 93.86525932677655,
  "mean_episode_length": 878,
  "min_eval_reward": -44.108230801307485,
  "max_eval_reward": 236.79011513436006,
  "termination_breakdown": {
    "terminated": 11,
    "truncated": 9
  },
  "final_policy_component_evaluation": {
    "attitude_penalty": {
      "episode_sum_mean": -0.3121298505527873,
      "episode_abs_sum_mean": 0.3121298505527873,
      "signed_contribution_share": -0.006544557308078318,
      "magnitude_share": 0.006544557308078318,
      "active_rate": 1.0
    },
    "landing_proxy": {
      "episode_sum_mean": 42.611702756509246,
      "episode_abs_sum_mean": 42.611702756509246,
      "signed_contribution_share": 0.8934574190545431,
      "magnitude_share": 0.8934574190545431,
      "active_rate": 0.024658314350797267
    },
    "progress_reward": {
      "episode_sum_mean": 1.363555806961433,
      "episode_abs_sum_mean": 1.5786613668218301,
      "signed_contribution_share": 0.02859024571221801,
      "magnitude_share": 0.033100454079983715,
      "active_rate": 0.9905466970387243
    },
    "velocity_penalty": {
      "episode_sum_mean": -3.1905486353553827,
      "episode_abs_sum_mean": 3.1905486353553827,
      "signed_contribution_share": -0.06689756955739494,
      "magnitude_share": 0.06689756955739494,
      "active_rate": 0.9914578587699316
    }
  },
  "final_policy_component_error_count": 0
}