{
  "runner_env_id": "LunarLander-v3",
  "reward_path": "runs\\env_001\\exp_v4\\seed_1\\iter_01\\generation\\reward_v1.py",
  "run_name": "exp_v4/seed_1/iter_01/training",
  "n_envs": 4,
  "total_timesteps": 1000000,
  "reward_clip": 20.0,
  "error_fallback": "zero",
  "ppo_args": {
    "policy": "MlpPolicy",
    "verbose": "1",
    "device": "auto",
    "seed": "1",
    "n_steps": "1024",
    "batch_size": "64",
    "gae_lambda": "0.98",
    "gamma": "0.999",
    "n_epochs": "4",
    "ent_coef": "0.01",
    "tensorboard_log": "runs/env_001/tensorboard"
  },
  "model_path": "runs\\env_001\\exp_v4\\seed_1\\iter_01\\training\\model.zip",
  "monitor_dir": "runs\\env_001\\exp_v4\\seed_1\\iter_01\\training\\monitor",
  "tensorboard_log": "runs/env_001/tensorboard",
  "external_eval": {
    "eval_episodes": 10,
    "episode_rewards": [
      -120.10336502211322,
      -108.7797548379396,
      -107.11093605835313,
      -105.42647167017475,
      -114.95581805352191,
      -124.07914894482107,
      -108.46072830712629,
      -119.79091111306334,
      -112.6580984781962,
      -95.05909309317079
    ],
    "episode_lengths": [
      76,
      81,
      61,
      83,
      74,
      78,
      81,
      76,
      74,
      52
    ],
    "mean_eval_reward": -111.64243255784802,
    "mean_episode_length": 73.6,
    "min_eval_reward": -124.07914894482107,
    "max_eval_reward": -95.05909309317079
  },
  "component_summary": {
    "steps_seen": 1003520,
    "reward_error_count_max": 0,
    "component_stats": {
      "component.energy_penalty": {
        "count": 1003520,
        "mean": -0.010656190210480481,
        "abs_mean": 0.010656190210480481,
        "nonzero_rate": 0.10656190210459184,
        "min": -0.1,
        "max": 0.0
      },
      "component.progress_delta_reward": {
        "count": 1003520,
        "mean": 0.16129761425423864,
        "abs_mean": 0.17064172970405186,
        "nonzero_rate": 0.9999940210459184,
        "min": -0.4135729670524597,
        "max": 0.42445364594459534
      },
      "component.soft_landing_proxy": {
        "count": 1003520,
        "mean": 0.008242984693877551,
        "abs_mean": 0.008242984693877551,
        "nonzero_rate": 0.0041214923469387755,
        "min": 0.0,
        "max": 2.0
      },
      "component.stability_penalty": {
        "count": 1003520,
        "mean": -0.5493128640945498,
        "abs_mean": 0.5493128640945498,
        "nonzero_rate": 1.0,
        "min": -2.490365743637085,
        "max": -3.430329513776087e-07
      },
      "component.total_reward": {
        "count": 1003520,
        "mean": -0.3904284559495752,
        "abs_mean": 0.40596131600070656,
        "nonzero_rate": 1.0,
        "min": -2.7576162815093994,
        "max": 2.0016555786132812
      },
      "generated_reward": {
        "count": 1003520,
        "mean": -0.3904284559495752,
        "abs_mean": 0.40596131600070656,
        "nonzero_rate": 1.0,
        "min": -2.7576162815093994,
        "max": 2.0016555786132812
      },
      "original_env_reward": {
        "count": 1003520,
        "mean": -1.6327359217356308,
        "abs_mean": 2.3450544261776765,
        "nonzero_rate": 1.0,
        "min": -100.0,
        "max": 134.09072042170033
      }
    }
  }
}