{
  "eval_episodes": 20,
  "eval_seed_offset": 10000,
  "eval_seeds": [
    10000,
    10001,
    10002,
    10003,
    10004,
    10005,
    10006,
    10007,
    10008,
    10009,
    10010,
    10011,
    10012,
    10013,
    10014,
    10015,
    10016,
    10017,
    10018,
    10019
  ],
  "episode_rewards": [
    -94.09380133109772,
    -54.748434918721344,
    -38.2537558001478,
    146.32823938653746,
    -106.72802336196489,
    -111.88647054353551,
    -68.67689190292081,
    -67.68104405904418,
    -108.73761909891397,
    -81.8033073763803,
    -176.86047574018033,
    -83.4346602069342,
    -73.32175888989927,
    -53.792391883617526,
    -97.42759208843066,
    -89.56434112058194,
    -101.03327924557782,
    -63.73188233644929,
    -102.26239390452774,
    -165.02620010207093
  ],
  "episode_lengths": [
    1000,
    1000,
    1000,
    387,
    1000,
    1000,
    1000,
    1000,
    1000,
    1000,
    989,
    1000,
    1000,
    1000,
    1000,
    1000,
    1000,
    1000,
    1000,
    1000
  ],
  "episode_terminated": [
    false,
    false,
    false,
    true,
    false,
    false,
    false,
    false,
    false,
    false,
    true,
    false,
    false,
    false,
    false,
    false,
    false,
    false,
    false,
    false
  ],
  "mean_eval_reward": -79.63680422622294,
  "mean_episode_length": 968.8,
  "min_eval_reward": -176.86047574018033,
  "max_eval_reward": 146.32823938653746,
  "termination_breakdown": {
    "terminated": 2,
    "truncated": 18
  },
  "final_policy_component_evaluation": {
    "contact_bonus": {
      "episode_sum_mean": 13.68878176510334,
      "episode_abs_sum_mean": 13.68878176510334,
      "signed_contribution_share": 0.815635496333655,
      "magnitude_share": 0.815635496333655,
      "active_rate": 0.005780346820809248
    },
    "orientation_penalty": {
      "episode_sum_mean": -0.6955774330010803,
      "episode_abs_sum_mean": 0.6955774330010803,
      "signed_contribution_share": -0.04144544449168102,
      "magnitude_share": 0.04144544449168102,
      "active_rate": 1.0
    },
    "progress_reward": {
      "episode_sum_mean": 1.225438915193081,
      "episode_abs_sum_mean": 2.3899652644991876,
      "signed_contribution_share": 0.07301683195564765,
      "magnitude_share": 0.1424042356858535,
      "active_rate": 0.9999483897605285
    },
    "velocity_penalty": {
      "episode_sum_mean": -0.008640264453367763,
      "episode_abs_sum_mean": 0.008640264453367763,
      "signed_contribution_share": -0.0005148234888105436,
      "magnitude_share": 0.0005148234888105436,
      "active_rate": 0.002425681255161024
    }
  },
  "final_policy_component_error_count": 0
}