{
  "eval_episodes": 20,
  "eval_seed_offset": 10000,
  "eval_seeds": [
    10000,
    10001,
    10002,
    10003,
    10004,
    10005,
    10006,
    10007,
    10008,
    10009,
    10010,
    10011,
    10012,
    10013,
    10014,
    10015,
    10016,
    10017,
    10018,
    10019
  ],
  "episode_rewards": [
    -109.4635048033108,
    -120.10336502211322,
    -108.7797548379396,
    -108.85894378390165,
    -113.43274751138026,
    -130.74661246230815,
    -123.32208801775792,
    -109.34975068766829,
    -119.79091111306334,
    -112.6580984781962,
    -95.05909309317079,
    -114.31338528497776,
    -124.83957022608257,
    -119.8254051393489,
    -103.79102505005059,
    -109.88912016036815,
    -110.59143283869557,
    -96.18150987984643,
    -98.86978743176181,
    -129.40766527137842
  ],
  "episode_lengths": [
    57,
    76,
    81,
    61,
    83,
    74,
    78,
    81,
    76,
    74,
    52,
    59,
    67,
    69,
    60,
    82,
    62,
    54,
    54,
    68
  ],
  "episode_terminated": [
    true,
    true,
    true,
    true,
    true,
    true,
    true,
    true,
    true,
    true,
    true,
    true,
    true,
    true,
    true,
    true,
    true,
    true,
    true,
    true
  ],
  "mean_eval_reward": -112.96368855466602,
  "mean_episode_length": 68.4,
  "min_eval_reward": -130.74661246230815,
  "max_eval_reward": -95.05909309317079,
  "termination_breakdown": {
    "terminated": 20,
    "truncated": 0
  },
  "final_policy_component_evaluation": {
    "distance_reward": {
      "episode_sum_mean": -66.48471633376555,
      "episode_abs_sum_mean": 66.48471633376555,
      "signed_contribution_share": -0.8789316117580976,
      "magnitude_share": 0.8789316117580976,
      "active_rate": 1.0
    },
    "landing_quality": {
      "episode_sum_mean": 0.6369134569405778,
      "episode_abs_sum_mean": 0.6369134569405778,
      "signed_contribution_share": 0.008420030980487117,
      "magnitude_share": 0.008420030980487117,
      "active_rate": 0.4247076023391813
    },
    "stability_penalty": {
      "episode_sum_mean": -8.521020268015036,
      "episode_abs_sum_mean": 8.521020268015036,
      "signed_contribution_share": -0.11264835726141527,
      "magnitude_share": 0.11264835726141527,
      "active_rate": 1.0
    }
  },
  "final_policy_component_error_count": 0
}