{
  "eval_episodes": 10,
  "episode_rewards": [
    -98.10341331436473,
    -119.00988895248692,
    -116.92134540032517,
    -108.1257851201271,
    -106.99762648447371,
    -113.98240126240268,
    -122.73841940844213,
    -112.24475751709458,
    -115.08998979466855,
    -109.51822961745619
  ],
  "episode_lengths": [
    57,
    76,
    81,
    61,
    83,
    74,
    78,
    81,
    76,
    74
  ],
  "mean_eval_reward": -112.27318568718418,
  "mean_episode_length": 74.1,
  "min_eval_reward": -122.73841940844213,
  "max_eval_reward": -98.10341331436473
}