{
  "eval_episodes": 10,
  "episode_rewards": [
    23.87101283191852,
    -30.59798133186134,
    -24.47064034539242,
    -35.72053556227475,
    -11.535059682795948,
    -3.979506485744822,
    -40.057329032660924,
    3.067637456936347,
    -0.09396281347840651,
    -3.11154966517937
  ],
  "episode_lengths": [
    1000,
    1000,
    1000,
    1000,
    1000,
    1000,
    1000,
    1000,
    1000,
    1000
  ],
  "mean_eval_reward": -12.262791463053311,
  "mean_episode_length": 1000,
  "min_eval_reward": -40.057329032660924,
  "max_eval_reward": 23.87101283191852
}