{
  "eval_episodes": 10,
  "episode_rewards": [
    -107.54951722585602,
    -116.20306840485071,
    -124.07914894482107,
    -113.05089767262247,
    -111.38126315583213,
    -108.6025782192743,
    -95.05909309317079,
    -102.32218097459871,
    -121.35401180101042,
    -116.38267209307062
  ],
  "episode_lengths": [
    83,
    74,
    78,
    81,
    76,
    74,
    52,
    60,
    67,
    69
  ],
  "mean_eval_reward": -111.59844315851072,
  "mean_episode_length": 71.4,
  "min_eval_reward": -124.07914894482107,
  "max_eval_reward": -95.05909309317079
}