{
  "eval_episodes": 20,
  "eval_seed_offset": 10000,
  "eval_seeds": [
    10000,
    10001,
    10002,
    10003,
    10004,
    10005,
    10006,
    10007,
    10008,
    10009,
    10010,
    10011,
    10012,
    10013,
    10014,
    10015,
    10016,
    10017,
    10018,
    10019
  ],
  "episode_rewards": [
    -40.51235445389412,
    9.668149009387662,
    -15.228331204048573,
    209.09363553277285,
    184.93683852490688,
    195.20125694465855,
    -119.88477343399776,
    257.86913812276146,
    -56.91271911071229,
    -152.4724889582671,
    -207.9333308852211,
    -110.93872569484867,
    -179.98641606793976,
    -33.605844342761785,
    -51.22943835477566,
    141.68076686954035,
    53.20781091974986,
    -13.1838152381371,
    144.78837890271683,
    18.755619636800915
  ],
  "episode_lengths": [
    1000,
    123,
    94,
    515,
    668,
    619,
    483,
    285,
    352,
    675,
    1000,
    488,
    781,
    85,
    1000,
    809,
    1000,
    183,
    897,
    1000
  ],
  "episode_terminated": [
    false,
    true,
    true,
    true,
    true,
    true,
    true,
    true,
    true,
    true,
    true,
    true,
    true,
    true,
    false,
    true,
    false,
    true,
    true,
    false
  ],
  "mean_eval_reward": 11.665667835934572,
  "mean_episode_length": 602.85,
  "min_eval_reward": -207.9333308852211,
  "max_eval_reward": 257.86913812276146,
  "termination_breakdown": {
    "terminated": 16,
    "truncated": 4
  },
  "final_policy_component_evaluation": {
    "angle_penalty": {
      "episode_sum_mean": -0.06336707251139159,
      "episode_abs_sum_mean": 0.06336707251139159,
      "signed_contribution_share": -5.4825875253370314e-05,
      "magnitude_share": 5.4825875253370314e-05,
      "active_rate": 0.008210997760636975
    },
    "contact_reward": {
      "episode_sum_mean": 1131.888208079338,
      "episode_abs_sum_mean": 1131.888208079338,
      "signed_contribution_share": 0.9793218975953577,
      "magnitude_share": 0.9793218975953577,
      "active_rate": 0.06635149705565231
    },
    "fuel_penalty": {
      "episode_sum_mean": -10.439999999999856,
      "episode_abs_sum_mean": 10.439999999999856,
      "signed_contribution_share": -0.009032800711162412,
      "magnitude_share": 0.009032800711162412,
      "active_rate": 0.8658870365762628
    },
    "progress": {
      "episode_sum_mean": 9.127867876610253,
      "episode_abs_sum_mean": 13.124001585633959,
      "signed_contribution_share": 0.007897529832111377,
      "magnitude_share": 0.01135502785977133,
      "active_rate": 0.9937795471510326
    },
    "speed_penalty": {
      "episode_sum_mean": -0.2721278554539822,
      "episode_abs_sum_mean": 0.2721278554539822,
      "signed_contribution_share": -0.00023544795845515965,
      "magnitude_share": 0.00023544795845515965,
      "active_rate": 0.02106660031516961
    }
  },
  "final_policy_component_error_count": 0
}