{
  "eval_episodes": 20,
  "eval_seed_offset": 10000,
  "eval_seeds": [
    10000,
    10001,
    10002,
    10003,
    10004,
    10005,
    10006,
    10007,
    10008,
    10009,
    10010,
    10011,
    10012,
    10013,
    10014,
    10015,
    10016,
    10017,
    10018,
    10019
  ],
  "episode_rewards": [
    270.7538000162665,
    290.2725937366731,
    169.17957573586992,
    255.8961035264339,
    266.5115459450543,
    252.0460349981897,
    154.77113382340417,
    276.824307946313,
    254.31121915009584,
    268.70124802700127,
    190.13678595371252,
    288.12259551365594,
    150.23672759628118,
    303.323416761865,
    260.51164731593366,
    251.51525551595898,
    242.53141703643695,
    284.70142122350273,
    265.714378883941,
    248.07201996250194
  ],
  "episode_lengths": [
    235,
    274,
    1000,
    228,
    241,
    244,
    1000,
    311,
    242,
    439,
    1000,
    247,
    1000,
    231,
    283,
    264,
    249,
    223,
    245,
    252
  ],
  "episode_terminated": [
    true,
    true,
    false,
    true,
    true,
    true,
    false,
    true,
    true,
    true,
    false,
    true,
    false,
    true,
    true,
    true,
    true,
    true,
    true,
    true
  ],
  "mean_eval_reward": 247.20666143345457,
  "mean_episode_length": 410.4,
  "min_eval_reward": 150.23672759628118,
  "max_eval_reward": 303.323416761865,
  "termination_breakdown": {
    "terminated": 16,
    "truncated": 4
  },
  "final_policy_component_evaluation": {
    "engine_penalty": {
      "episode_sum_mean": -1.3962499999999893,
      "episode_abs_sum_mean": 1.3962499999999893,
      "signed_contribution_share": -0.013650410811569725,
      "magnitude_share": 0.013650410811569725,
      "active_rate": 0.6804337231968811
    },
    "landing_reward": {
      "episode_sum_mean": 85.6339345432818,
      "episode_abs_sum_mean": 85.6339345432818,
      "signed_contribution_share": 0.8371984858921231,
      "magnitude_share": 0.8371984858921231,
      "active_rate": 0.5017056530214425
    },
    "orientation_penalty": {
      "episode_sum_mean": -2.714379183732324,
      "episode_abs_sum_mean": 2.714379183732324,
      "signed_contribution_share": -0.026537074991097444,
      "magnitude_share": 0.026537074991097444,
      "active_rate": 1.0
    },
    "progress": {
      "episode_sum_mean": 6.777172981628974,
      "episode_abs_sum_mean": 6.9768921782189866,
      "signed_contribution_share": 0.06625689907989764,
      "magnitude_share": 0.06820944989845473,
      "active_rate": 0.9752680311890838
    },
    "velocity_penalty": {
      "episode_sum_mean": -5.564842966927213,
      "episode_abs_sum_mean": 5.564842966927213,
      "signed_contribution_share": -0.054404578406754917,
      "magnitude_share": 0.054404578406754917,
      "active_rate": 0.9791666666666666
    }
  },
  "final_policy_component_error_count": 0
}