{
  "eval_episodes": 10,
  "episode_rewards": [
    -113.17028102543297,
    -116.94563349363713,
    -113.99044989890132,
    -115.27308124986347,
    -113.91512355186575,
    -97.86895996080159,
    -100.41069130233493,
    -125.88548932077182,
    -114.86164129750038,
    -104.78493586996316
  ],
  "episode_lengths": [
    74,
    78,
    81,
    76,
    74,
    52,
    60,
    67,
    69,
    60
  ],
  "mean_eval_reward": -111.71062869710725,
  "mean_episode_length": 69.1,
  "min_eval_reward": -125.88548932077182,
  "max_eval_reward": -97.86895996080159
}