{
  "eval_episodes": 20,
  "eval_seed_offset": 10000,
  "eval_seeds": [
    10000,
    10001,
    10002,
    10003,
    10004,
    10005,
    10006,
    10007,
    10008,
    10009,
    10010,
    10011,
    10012,
    10013,
    10014,
    10015,
    10016,
    10017,
    10018,
    10019
  ],
  "episode_rewards": [
    264.29605288585316,
    263.30735844134017,
    264.97789623560806,
    264.98595023171214,
    265.33121808252525,
    264.1414157996544,
    264.41941308143635,
    264.07028069763726,
    262.92269289878953,
    265.37724370835866,
    264.5290841004452,
    263.7860501555723,
    264.76505480466403,
    264.4544300325213,
    263.91445596001773,
    265.75349141099565,
    264.0010732668808,
    263.850734880747,
    265.0729984485907,
    263.745497340546
  ],
  "episode_lengths": [
    1151,
    1163,
    1146,
    1146,
    1141,
    1149,
    1155,
    1158,
    1167,
    1145,
    1151,
    1157,
    1153,
    1156,
    1160,
    1143,
    1153,
    1158,
    1144,
    1158
  ],
  "episode_terminated": [
    true,
    true,
    true,
    true,
    true,
    true,
    true,
    true,
    true,
    true,
    true,
    true,
    true,
    true,
    true,
    true,
    true,
    true,
    true,
    true
  ],
  "mean_eval_reward": 264.3851196231948,
  "mean_episode_length": 1152.7,
  "min_eval_reward": 262.92269289878953,
  "max_eval_reward": 265.75349141099565,
  "termination_breakdown": {
    "terminated": 20,
    "truncated": 0
  },
  "final_policy_component_evaluation": {
    "forward_reward": {
      "episode_sum_mean": 504.2288131551497,
      "episode_abs_sum_mean": 504.27143508784064,
      "signed_contribution_share": 0.9786815409678593,
      "magnitude_share": 0.9787642678919793,
      "active_rate": 1.0
    },
    "stability_penalty": {
      "episode_sum_mean": -10.940911368082693,
      "episode_abs_sum_mean": 10.940911368082693,
      "signed_contribution_share": -0.021235732108020617,
      "magnitude_share": 0.021235732108020617,
      "active_rate": 1.0
    }
  },
  "final_policy_component_error_count": 0
}