{
  "eval_episodes": 20,
  "eval_seed_offset": 10000,
  "eval_seeds": [
    10000,
    10001,
    10002,
    10003,
    10004,
    10005,
    10006,
    10007,
    10008,
    10009,
    10010,
    10011,
    10012,
    10013,
    10014,
    10015,
    10016,
    10017,
    10018,
    10019
  ],
  "episode_rewards": [
    -128.61124225519526,
    -123.80389817804661,
    -118.60159953863283,
    -112.0228573800101,
    -117.85693528528265,
    -131.0594324132068,
    -139.47149947904458,
    -129.77382044150912,
    -138.34002164161794,
    -128.2882404691004,
    -113.75101510295093,
    -98.05724253030002,
    -131.20253738765769,
    -134.51355449805015,
    -115.97725879388699,
    -110.63283231780022,
    -111.80662566871285,
    -101.27533411257284,
    -111.02888515715506,
    -144.39876344372195
  ],
  "episode_lengths": [
    57,
    76,
    81,
    61,
    83,
    74,
    78,
    80,
    75,
    74,
    51,
    60,
    67,
    69,
    60,
    82,
    62,
    54,
    54,
    68
  ],
  "episode_terminated": [
    true,
    true,
    true,
    true,
    true,
    true,
    true,
    true,
    true,
    true,
    true,
    true,
    true,
    true,
    true,
    true,
    true,
    true,
    true,
    true
  ],
  "mean_eval_reward": -122.02367980472275,
  "mean_episode_length": 68.3,
  "min_eval_reward": -144.39876344372195,
  "max_eval_reward": -98.05724253030002,
  "termination_breakdown": {
    "terminated": 20,
    "truncated": 0
  },
  "final_policy_component_evaluation": {
    "angle_penalty": {
      "episode_sum_mean": -0.0005636951778342336,
      "episode_abs_sum_mean": 0.0005636951778342336,
      "signed_contribution_share": -0.0002849412248351028,
      "magnitude_share": 0.0002849412248351028,
      "active_rate": 0.010980966325036604
    },
    "contact_bonus": {
      "episode_sum_mean": 0.15543251018971205,
      "episode_abs_sum_mean": 0.15543251018971205,
      "signed_contribution_share": 0.07856928988254587,
      "magnitude_share": 0.07856928988254587,
      "active_rate": 0.030014641288433383
    },
    "fuel_cost": {
      "episode_sum_mean": -0.033,
      "episode_abs_sum_mean": 0.033,
      "signed_contribution_share": -0.016681108494995073,
      "magnitude_share": 0.016681108494995073,
      "active_rate": 0.024158125915080528
    },
    "progress": {
      "episode_sum_mean": 1.1156477350741625,
      "episode_abs_sum_mean": 1.154881603643298,
      "signed_contribution_share": 0.5639466942717462,
      "magnitude_share": 0.583778949371144,
      "active_rate": 1.0
    },
    "vertical_penalty": {
      "episode_sum_mean": -0.634407987157988,
      "episode_abs_sum_mean": 0.634407987157988,
      "signed_contribution_share": -0.32068571102647997,
      "magnitude_share": 0.32068571102647997,
      "active_rate": 0.7423133235724744
    }
  },
  "final_policy_component_error_count": 0
}