{
  "eval_episodes": 10,
  "episode_rewards": [
    -108.7797548379396,
    -107.11093605835313,
    -108.10162348509067,
    -130.74661246230815,
    -121.0713007331592,
    -108.96598268234169,
    -119.79091111306334,
    -111.2693334919864,
    -95.05909309317079,
    -95.93841542803465
  ],
  "episode_lengths": [
    81,
    61,
    83,
    74,
    78,
    81,
    76,
    74,
    52,
    60
  ],
  "mean_eval_reward": -110.68339633854477,
  "mean_episode_length": 72,
  "min_eval_reward": -130.74661246230815,
  "max_eval_reward": -95.05909309317079
}