{
  "eval_episodes": 10,
  "episode_rewards": [
    -107.88901411449629,
    -101.73638350822549,
    -99.24034162587002,
    -110.0282241798326,
    -122.96281710895599,
    -103.11839478610177,
    -105.116795754978,
    -109.4616887008638,
    -96.29878534096312,
    -103.11786004561715
  ],
  "episode_lengths": [
    81,
    61,
    83,
    74,
    78,
    81,
    76,
    74,
    52,
    60
  ],
  "mean_eval_reward": -105.89703051659042,
  "mean_episode_length": 72,
  "min_eval_reward": -122.96281710895599,
  "max_eval_reward": -96.29878534096312
}