{
  "eval_episodes": 10,
  "episode_rewards": [
    -113.24347376124402,
    -107.11093605835313,
    -105.22285514924639,
    -112.78890536095574,
    -121.45865214617896,
    -108.46072830712629,
    -114.86589673549454,
    -108.8508241409732,
    -95.05909309317079,
    -101.08286354119758
  ],
  "episode_lengths": [
    81,
    61,
    83,
    74,
    78,
    81,
    76,
    74,
    52,
    60
  ],
  "mean_eval_reward": -108.81442282939406,
  "mean_episode_length": 72,
  "min_eval_reward": -121.45865214617896,
  "max_eval_reward": -95.05909309317079
}