{
  "eval_episodes": 20,
  "eval_seed_offset": 10000,
  "eval_seeds": [
    10000,
    10001,
    10002,
    10003,
    10004,
    10005,
    10006,
    10007,
    10008,
    10009,
    10010,
    10011,
    10012,
    10013,
    10014,
    10015,
    10016,
    10017,
    10018,
    10019
  ],
  "episode_rewards": [
    -23.951823945150686,
    -0.1717417818237874,
    26.24793665353582,
    -18.981164090364715,
    -22.927308446453548,
    -34.19686804209655,
    4.754186385591101,
    0.6259686790728756,
    -46.292798721009916,
    5.823769002295761,
    6.47916097082368,
    13.735898293635135,
    5.949611515423097,
    9.301110341245666,
    -15.684738271931144,
    -22.37151593920158,
    -35.17145800213735,
    -2.433742439190481,
    -18.619415449977442,
    -35.39607026163379
  ],
  "episode_lengths": [
    1000,
    1000,
    1000,
    1000,
    1000,
    1000,
    1000,
    1000,
    1000,
    1000,
    1000,
    1000,
    1000,
    1000,
    1000,
    1000,
    1000,
    1000,
    1000,
    1000
  ],
  "episode_terminated": [
    false,
    false,
    false,
    false,
    false,
    false,
    false,
    false,
    false,
    false,
    false,
    false,
    false,
    false,
    false,
    false,
    false,
    false,
    false,
    false
  ],
  "mean_eval_reward": -10.164050177467391,
  "mean_episode_length": 1000,
  "min_eval_reward": -46.292798721009916,
  "max_eval_reward": 26.24793665353582,
  "termination_breakdown": {
    "terminated": 0,
    "truncated": 20
  },
  "final_policy_component_evaluation": {
    "contact_reward": {
      "episode_sum_mean": 0.0,
      "episode_abs_sum_mean": 0.0,
      "signed_contribution_share": 0.0,
      "magnitude_share": 0.0,
      "active_rate": 0.0
    },
    "gated_goal_reward": {
      "episode_sum_mean": 544.2474398845807,
      "episode_abs_sum_mean": 544.2474398845807,
      "signed_contribution_share": 1.0,
      "magnitude_share": 1.0,
      "active_rate": 1.0
    }
  },
  "final_policy_component_error_count": 0
}