{
  "eval_episodes": 20,
  "eval_seed_offset": 10000,
  "eval_seeds": [
    10000,
    10001,
    10002,
    10003,
    10004,
    10005,
    10006,
    10007,
    10008,
    10009,
    10010,
    10011,
    10012,
    10013,
    10014,
    10015,
    10016,
    10017,
    10018,
    10019
  ],
  "episode_rewards": [
    141.733407330312,
    158.5439549873262,
    179.34067408635687,
    127.73862345301002,
    134.85324742618218,
    124.48838303502089,
    153.59946647982088,
    152.92109571473787,
    121.23518161452726,
    164.7042817474939,
    180.5827404315247,
    164.3679718681102,
    164.0069819499473,
    180.82395420795132,
    139.7455052308712,
    126.25213859752134,
    116.94572183621585,
    157.3563313188891,
    142.9130299979395,
    122.03337320299536
  ],
  "episode_lengths": [
    1000,
    1000,
    1000,
    1000,
    1000,
    1000,
    1000,
    1000,
    1000,
    1000,
    1000,
    1000,
    1000,
    1000,
    1000,
    1000,
    1000,
    1000,
    1000,
    1000
  ],
  "episode_terminated": [
    false,
    false,
    false,
    false,
    false,
    false,
    false,
    false,
    false,
    false,
    false,
    false,
    false,
    false,
    false,
    false,
    false,
    false,
    false,
    false
  ],
  "mean_eval_reward": 147.7093032258377,
  "mean_episode_length": 1000,
  "min_eval_reward": 116.94572183621585,
  "max_eval_reward": 180.82395420795132,
  "termination_breakdown": {
    "terminated": 0,
    "truncated": 20
  },
  "final_policy_component_evaluation": {
    "contact_bonus": {
      "episode_sum_mean": 367.9667349636555,
      "episode_abs_sum_mean": 367.9667349636555,
      "signed_contribution_share": 0.9589234447198618,
      "magnitude_share": 0.9589234447198618,
      "active_rate": 0.76245
    },
    "orientation_penalty": {
      "episode_sum_mean": -4.014123522318365,
      "episode_abs_sum_mean": 4.014123522318365,
      "signed_contribution_share": -0.010460829172323811,
      "magnitude_share": 0.010460829172323811,
      "active_rate": 1.0
    },
    "progress": {
      "episode_sum_mean": 7.041011327186425,
      "episode_abs_sum_mean": 7.274344936576381,
      "signed_contribution_share": 0.018348916341157998,
      "magnitude_share": 0.01895698508005429,
      "active_rate": 1.0
    },
    "velocity_penalty": {
      "episode_sum_mean": -4.473797041248697,
      "episode_abs_sum_mean": 4.473797041248697,
      "signed_contribution_share": -0.01165874102776018,
      "magnitude_share": 0.01165874102776018,
      "active_rate": 1.0
    }
  },
  "final_policy_component_error_count": 0
}