{
  "eval_episodes": 20,
  "eval_seed_offset": 10000,
  "eval_seeds": [
    10000,
    10001,
    10002,
    10003,
    10004,
    10005,
    10006,
    10007,
    10008,
    10009,
    10010,
    10011,
    10012,
    10013,
    10014,
    10015,
    10016,
    10017,
    10018,
    10019
  ],
  "episode_rewards": [
    -122.40268911561543,
    -123.44827212461084,
    -108.7797548379396,
    -103.80811052897593,
    -117.85693528528265,
    -131.34939218138706,
    -143.3015492306531,
    -110.47859350560009,
    -140.91866542684943,
    -125.52269633170192,
    -117.62449234870121,
    -106.29596275477795,
    -138.4267219698439,
    -119.12299383732588,
    -118.94064373173853,
    -110.63283231780022,
    -111.80662566871285,
    -96.18150987984643,
    -111.02888515715506,
    -147.38257688974687
  ],
  "episode_lengths": [
    57,
    76,
    81,
    61,
    83,
    74,
    78,
    81,
    75,
    74,
    51,
    60,
    67,
    69,
    60,
    82,
    62,
    54,
    54,
    68
  ],
  "episode_terminated": [
    true,
    true,
    true,
    true,
    true,
    true,
    true,
    true,
    true,
    true,
    true,
    true,
    true,
    true,
    true,
    true,
    true,
    true,
    true,
    true
  ],
  "mean_eval_reward": -120.26549515621325,
  "mean_episode_length": 68.35,
  "min_eval_reward": -147.38257688974687,
  "max_eval_reward": -96.18150987984643,
  "termination_breakdown": {
    "terminated": 20,
    "truncated": 0
  },
  "final_policy_component_evaluation": {
    "fuel_penalty": {
      "episode_sum_mean": -0.10250000000000001,
      "episode_abs_sum_mean": 0.10250000000000001,
      "signed_contribution_share": -0.009858728569619795,
      "magnitude_share": 0.009858728569619795,
      "active_rate": 0.029992684711046085
    },
    "landing_reward": {
      "episode_sum_mean": 6.172998416423797,
      "episode_abs_sum_mean": 6.663995909690857,
      "signed_contribution_share": 0.5937357643728297,
      "magnitude_share": 0.6409612376848653,
      "active_rate": 0.2121433796634967
    },
    "proximity": {
      "episode_sum_mean": 3.63038227558136,
      "episode_abs_sum_mean": 3.63038227558136,
      "signed_contribution_share": 0.3491800337455149,
      "magnitude_share": 0.3491800337455149,
      "active_rate": 1.0
    }
  },
  "final_policy_component_error_count": 0
}