{
  "eval_episodes": 10,
  "episode_rewards": [
    -29.79268561507046,
    -27.91601895313277,
    191.81058322548375,
    -2.8744774633653307,
    -12.893755862381155,
    -42.920194618340666,
    13.915276312227272,
    226.98857751929813,
    12.094131702271305,
    127.70028622919324
  ],
  "episode_lengths": [
    1000,
    1000,
    374,
    1000,
    1000,
    1000,
    1000,
    431,
    1000,
    844
  ],
  "mean_eval_reward": 45.611172247618335,
  "mean_episode_length": 864.9,
  "min_eval_reward": -42.920194618340666,
  "max_eval_reward": 226.98857751929813
}