{
  "eval_episodes": 20,
  "eval_seed_offset": 10000,
  "eval_seeds": [
    10000,
    10001,
    10002,
    10003,
    10004,
    10005,
    10006,
    10007,
    10008,
    10009,
    10010,
    10011,
    10012,
    10013,
    10014,
    10015,
    10016,
    10017,
    10018,
    10019
  ],
  "episode_rewards": [
    278.8775736119219,
    212.89472895245797,
    272.3523062086339,
    246.28097627181108,
    254.77866466374803,
    241.77314236168473,
    49.12514936464834,
    -551.8784175680181,
    242.28623860616776,
    285.67002806918225,
    74.36399808294803,
    -421.15745821799385,
    9.846104798314087,
    227.98559507875592,
    154.57338513597946,
    252.77350859679365,
    250.65148198621864,
    272.4384671436517,
    275.56959636570497,
    252.99517178478675
  ],
  "episode_lengths": [
    200,
    361,
    286,
    332,
    305,
    296,
    153,
    286,
    283,
    247,
    96,
    158,
    110,
    765,
    1000,
    245,
    218,
    328,
    213,
    224
  ],
  "episode_terminated": [
    true,
    true,
    true,
    true,
    true,
    true,
    true,
    true,
    true,
    true,
    true,
    true,
    true,
    true,
    false,
    true,
    true,
    true,
    true,
    true
  ],
  "mean_eval_reward": 144.11001206486986,
  "mean_episode_length": 305.3,
  "min_eval_reward": -551.8784175680181,
  "max_eval_reward": 285.67002806918225,
  "termination_breakdown": {
    "terminated": 19,
    "truncated": 1
  },
  "final_policy_component_evaluation": {
    "fuel_penalty": {
      "episode_sum_mean": -2.578999999999984,
      "episode_abs_sum_mean": 2.578999999999984,
      "signed_contribution_share": -0.0034930347920712175,
      "magnitude_share": 0.0034930347920712175,
      "active_rate": 0.84474287585981
    },
    "progress_reward": {
      "episode_sum_mean": 1.1975111600068595,
      "episode_abs_sum_mean": 1.470624500621726,
      "signed_contribution_share": 0.0016219263845667113,
      "magnitude_share": 0.0019918350316960372,
      "active_rate": 0.974451359318703
    },
    "soft_landing_proxy": {
      "episode_sum_mean": 643.3144425439618,
      "episode_abs_sum_mean": 643.3144425439618,
      "signed_contribution_share": 0.8713143582970038,
      "magnitude_share": 0.8713143582970038,
      "active_rate": 0.9387487716999673
    },
    "speed_tracking_reward": {
      "episode_sum_mean": -90.96238932339028,
      "episode_abs_sum_mean": 90.96238932339028,
      "signed_contribution_share": -0.12320077187922902,
      "magnitude_share": 0.12320077187922902,
      "active_rate": 1.0
    }
  },
  "final_policy_component_error_count": 0
}