{
  "eval_episodes": 20,
  "eval_seed_offset": 10000,
  "eval_seeds": [
    10000,
    10001,
    10002,
    10003,
    10004,
    10005,
    10006,
    10007,
    10008,
    10009,
    10010,
    10011,
    10012,
    10013,
    10014,
    10015,
    10016,
    10017,
    10018,
    10019
  ],
  "episode_rewards": [
    -99.98216854650298,
    -124.89602066820385,
    -117.70964556959319,
    -107.11093605835313,
    -108.40073607904968,
    -114.4183276029303,
    -121.47974569265938,
    -110.77783707074883,
    -113.46638803528961,
    -107.21541815669363,
    -97.24124886993563,
    -95.15769421773433,
    -124.45425113162784,
    -121.21922812959869,
    -103.53807742678288,
    -107.082252677576,
    -114.5080547832726,
    -103.81033827852099,
    -98.86978743176181,
    -125.54228167917067
  ],
  "episode_lengths": [
    57,
    76,
    81,
    61,
    83,
    74,
    78,
    81,
    76,
    74,
    52,
    60,
    67,
    68,
    60,
    82,
    62,
    54,
    54,
    68
  ],
  "episode_terminated": [
    true,
    true,
    true,
    true,
    true,
    true,
    true,
    true,
    true,
    true,
    true,
    true,
    true,
    true,
    true,
    true,
    true,
    true,
    true,
    true
  ],
  "mean_eval_reward": -110.8440219053003,
  "mean_episode_length": 68.4,
  "min_eval_reward": -125.54228167917067,
  "max_eval_reward": -95.15769421773433,
  "termination_breakdown": {
    "terminated": 20,
    "truncated": 0
  },
  "final_policy_component_evaluation": {
    "distance_penalty": {
      "episode_sum_mean": -66.4408243836835,
      "episode_abs_sum_mean": 66.4408243836835,
      "signed_contribution_share": -0.8399318179342805,
      "magnitude_share": 0.8399318179342805,
      "active_rate": 1.0
    },
    "landing_proxy": {
      "episode_sum_mean": 0.7446293261751976,
      "episode_abs_sum_mean": 0.7446293261751976,
      "signed_contribution_share": 0.009413457304649379,
      "magnitude_share": 0.009413457304649379,
      "active_rate": 0.011695906432748537
    },
    "orientation_penalty": {
      "episode_sum_mean": -0.5221023793128552,
      "episode_abs_sum_mean": 0.5221023793128552,
      "signed_contribution_share": -0.006600315463752038,
      "magnitude_share": 0.006600315463752038,
      "active_rate": 1.0
    },
    "velocity_penalty": {
      "episode_sum_mean": -11.39508410737126,
      "episode_abs_sum_mean": 11.39508410737126,
      "signed_contribution_share": -0.144054409297318,
      "magnitude_share": 0.144054409297318,
      "active_rate": 0.9956140350877193
    }
  },
  "final_policy_component_error_count": 0
}