{
  "eval_episodes": 10,
  "episode_rewards": [
    -111.68880133862291,
    -119.01198032366682,
    -62.86477314336711,
    -115.8606266370644,
    -114.76880228158305,
    -64.09183739090432,
    -13.808814250183048,
    -35.619845009411094,
    -60.97525486418161,
    -116.55108006917953
  ],
  "episode_lengths": [
    83,
    74,
    122,
    81,
    76,
    124,
    123,
    109,
    120,
    69
  ],
  "mean_eval_reward": -81.52418153081639,
  "mean_episode_length": 98.1,
  "min_eval_reward": -119.01198032366682,
  "max_eval_reward": -13.808814250183048
}