{
  "eval_episodes": 20,
  "eval_seed_offset": 10000,
  "eval_seeds": [
    10000,
    10001,
    10002,
    10003,
    10004,
    10005,
    10006,
    10007,
    10008,
    10009,
    10010,
    10011,
    10012,
    10013,
    10014,
    10015,
    10016,
    10017,
    10018,
    10019
  ],
  "episode_rewards": [
    -31.336944843097204,
    -14.952576921779366,
    16.171572959586044,
    -39.71472170882393,
    -24.31322156476089,
    -34.681455187461474,
    -8.474334881427382,
    -8.697377897519281,
    -42.68225105520834,
    -3.167579752732614,
    1.7638825863377294,
    -3.840463935451047,
    -9.74648816572217,
    -3.50160989462528,
    -26.546198526587677,
    -36.075753495180784,
    -42.164371478969485,
    -20.161213727411578,
    -26.793025201018413,
    -55.16112063186185
  ],
  "episode_lengths": [
    1000,
    1000,
    1000,
    1000,
    1000,
    1000,
    1000,
    1000,
    1000,
    1000,
    1000,
    1000,
    1000,
    1000,
    1000,
    1000,
    1000,
    1000,
    1000,
    1000
  ],
  "episode_terminated": [
    false,
    false,
    false,
    false,
    false,
    false,
    false,
    false,
    false,
    false,
    false,
    false,
    false,
    false,
    false,
    false,
    false,
    false,
    false,
    false
  ],
  "mean_eval_reward": -20.70376266618575,
  "mean_episode_length": 1000,
  "min_eval_reward": -55.16112063186185,
  "max_eval_reward": 16.171572959586044,
  "termination_breakdown": {
    "terminated": 0,
    "truncated": 20
  },
  "final_policy_component_evaluation": {
    "contact_reward": {
      "episode_sum_mean": 0.0,
      "episode_abs_sum_mean": 0.0,
      "signed_contribution_share": 0.0,
      "magnitude_share": 0.0,
      "active_rate": 0.0
    },
    "engine_penalty": {
      "episode_sum_mean": -86.97999999999934,
      "episode_abs_sum_mean": 86.97999999999934,
      "signed_contribution_share": -0.11440456533657757,
      "magnitude_share": 0.11440456533657757,
      "active_rate": 0.8698
    },
    "goal_reward": {
      "episode_sum_mean": 333.0306558221579,
      "episode_abs_sum_mean": 333.0306558221579,
      "signed_contribution_share": 0.43803434609208586,
      "magnitude_share": 0.43803434609208586,
      "active_rate": 1.0
    },
    "height_reward": {
      "episode_sum_mean": 340.2736889861524,
      "episode_abs_sum_mean": 340.2736889861524,
      "signed_contribution_share": 0.4475610885713365,
      "magnitude_share": 0.4475610885713365,
      "active_rate": 1.0
    },
    "landing_bonus": {
      "episode_sum_mean": 0.0,
      "episode_abs_sum_mean": 0.0,
      "signed_contribution_share": 0.0,
      "magnitude_share": 0.0,
      "active_rate": 0.0
    }
  },
  "final_policy_component_error_count": 0
}