{
  "eval_episodes": 20,
  "eval_seed_offset": 10000,
  "eval_seeds": [
    10000,
    10001,
    10002,
    10003,
    10004,
    10005,
    10006,
    10007,
    10008,
    10009,
    10010,
    10011,
    10012,
    10013,
    10014,
    10015,
    10016,
    10017,
    10018,
    10019
  ],
  "episode_rewards": [
    -8761.771350206442,
    -8846.18491306328,
    -3411.6439733943516,
    -3115.860045697012,
    -3270.7676115137588,
    -9400.168704142858,
    -7595.916673644299,
    -2056.572632335987,
    -10326.02890642857,
    -777.0533460122399,
    -2329.7084995913665,
    -7313.526365425593,
    -707.3129978530933,
    -7828.39368354213,
    -7506.643734046782,
    -7285.614590096185,
    -9260.283650583173,
    -1725.0643920423267,
    -1171.4459553553334,
    -7528.6209698328785
  ],
  "episode_lengths": [
    873,
    1000,
    366,
    318,
    335,
    834,
    683,
    269,
    850,
    141,
    323,
    836,
    148,
    1000,
    874,
    667,
    1000,
    274,
    202,
    744
  ],
  "episode_terminated": [
    true,
    false,
    true,
    true,
    true,
    true,
    true,
    true,
    true,
    true,
    true,
    true,
    true,
    false,
    true,
    true,
    false,
    true,
    true,
    true
  ],
  "mean_eval_reward": -5510.929149740383,
  "mean_episode_length": 586.85,
  "min_eval_reward": -10326.02890642857,
  "max_eval_reward": -707.3129978530933,
  "termination_breakdown": {
    "terminated": 17,
    "truncated": 3
  },
  "final_policy_component_evaluation": {
    "approach_reward": {
      "episode_sum_mean": 1.8396986246109008,
      "episode_abs_sum_mean": 1.8396986246109008,
      "signed_contribution_share": 0.39995179140340825,
      "magnitude_share": 0.39995179140340825,
      "active_rate": 0.05878844679219562
    },
    "soft_landing_penalty": {
      "episode_sum_mean": 0.0,
      "episode_abs_sum_mean": 0.0,
      "signed_contribution_share": 0.0,
      "magnitude_share": 0.0,
      "active_rate": 0.0
    },
    "upright_penalty": {
      "episode_sum_mean": -2.7601023117857135,
      "episode_abs_sum_mean": 2.7601023117857135,
      "signed_contribution_share": -0.6000482085965917,
      "magnitude_share": 0.6000482085965917,
      "active_rate": 1.0
    }
  },
  "final_policy_component_error_count": 0
}