{
  "eval_episodes": 20,
  "eval_seed_offset": 10000,
  "eval_seeds": [
    10000,
    10001,
    10002,
    10003,
    10004,
    10005,
    10006,
    10007,
    10008,
    10009,
    10010,
    10011,
    10012,
    10013,
    10014,
    10015,
    10016,
    10017,
    10018,
    10019
  ],
  "episode_rewards": [
    54.09735031733503,
    78.88109672261137,
    118.07117537962252,
    65.85291358340469,
    50.686528918710636,
    52.73314386536821,
    269.54987896061357,
    72.87945441786174,
    59.511411444649276,
    88.72191255052319,
    270.1941166423501,
    278.5953294827326,
    277.09702961521896,
    130.9774436600197,
    104.17926464200761,
    68.18205830455501,
    57.1329321564747,
    81.57318680526339,
    83.33468036562287,
    41.592412965709066
  ],
  "episode_lengths": [
    1000,
    1000,
    1000,
    1000,
    1000,
    1000,
    237,
    1000,
    1000,
    1000,
    222,
    216,
    233,
    1000,
    1000,
    1000,
    1000,
    1000,
    1000,
    1000
  ],
  "episode_terminated": [
    false,
    false,
    false,
    false,
    false,
    false,
    true,
    false,
    false,
    false,
    true,
    true,
    true,
    false,
    false,
    false,
    false,
    false,
    false,
    false
  ],
  "mean_eval_reward": 115.19216604003272,
  "mean_episode_length": 845.4,
  "min_eval_reward": 41.592412965709066,
  "max_eval_reward": 278.5953294827326,
  "termination_breakdown": {
    "terminated": 4,
    "truncated": 16
  },
  "final_policy_component_evaluation": {
    "energy_penalty": {
      "episode_sum_mean": -6.283999999999909,
      "episode_abs_sum_mean": 6.283999999999909,
      "signed_contribution_share": -0.007159533104709879,
      "magnitude_share": 0.007159533104709879,
      "active_rate": 0.7433167731251479
    },
    "landing_event": {
      "episode_sum_mean": 803.7342089653015,
      "episode_abs_sum_mean": 803.7342089653015,
      "signed_contribution_share": 0.9157163711767929,
      "magnitude_share": 0.9157163711767929,
      "active_rate": 0.09510290986515259
    },
    "proximity": {
      "episode_sum_mean": 1.4258866291696903,
      "episode_abs_sum_mean": 1.4258866291696903,
      "signed_contribution_share": 0.0016245516430782503,
      "magnitude_share": 0.0016245516430782503,
      "active_rate": 0.5851076413532056
    },
    "soft_landing": {
      "episode_sum_mean": 66.2667701973216,
      "episode_abs_sum_mean": 66.2667701973216,
      "signed_contribution_share": 0.07549954407541898,
      "magnitude_share": 0.07549954407541898,
      "active_rate": 0.8701797965460137
    }
  },
  "final_policy_component_error_count": 0
}