{
  "eval_episodes": 10,
  "episode_rewards": [
    -271.5796809319975,
    -227.10183233351614,
    -299.4217581876352,
    -273.6916144976474,
    -201.022001917529,
    -208.0934090277715,
    -314.07766390537233,
    -191.470796369881,
    -122.30339936949747,
    -168.32117986315663
  ],
  "episode_lengths": [
    976,
    1000,
    827,
    704,
    493,
    1000,
    834,
    525,
    236,
    377
  ],
  "mean_eval_reward": -227.7083336404004,
  "mean_episode_length": 697.2,
  "min_eval_reward": -314.07766390537233,
  "max_eval_reward": -122.30339936949747
}