{
  "eval_episodes": 10,
  "episode_rewards": [
    35.76157707869666,
    128.24154576327686,
    134.2402116785733,
    123.49229846004214,
    157.12208018886463,
    151.97450330022173,
    119.69754851653192,
    168.2474903356014,
    183.79494092953053,
    168.16475968813947
  ],
  "episode_lengths": [
    216,
    1000,
    1000,
    1000,
    1000,
    1000,
    1000,
    1000,
    1000,
    1000
  ],
  "mean_eval_reward": 137.07369559394786,
  "mean_episode_length": 921.6,
  "min_eval_reward": 35.76157707869666,
  "max_eval_reward": 183.79494092953053
}