{
  "eval_episodes": 10,
  "episode_rewards": [
    -105.6354387438881,
    -107.11093605835313,
    -106.18023398438811,
    -112.79897501683774,
    -124.07914894482107,
    -108.96598268234169,
    -116.82367070877541,
    -108.69615149333961,
    -95.05909309317079,
    -104.47688601199422
  ],
  "episode_lengths": [
    81,
    61,
    83,
    74,
    78,
    81,
    76,
    74,
    52,
    60
  ],
  "mean_eval_reward": -108.98265167379098,
  "mean_episode_length": 72,
  "min_eval_reward": -124.07914894482107,
  "max_eval_reward": -95.05909309317079
}