{
  "eval_episodes": 10,
  "episode_rewards": [
    23.94725920789151,
    -22.35521788998733,
    -23.50177320367681,
    -34.37761280201162,
    -0.0882791085121965,
    -7.528349257328808,
    -36.803545028338654,
    4.5857987324594705,
    6.137269222695168,
    7.605741944116309
  ],
  "episode_lengths": [
    1000,
    1000,
    1000,
    1000,
    1000,
    1000,
    1000,
    1000,
    1000,
    1000
  ],
  "mean_eval_reward": -8.237870818269297,
  "mean_episode_length": 1000,
  "min_eval_reward": -36.803545028338654,
  "max_eval_reward": 23.94725920789151
}