{
  "eval_episodes": 10,
  "episode_rewards": [
    295.0277283375188,
    297.8968948269163,
    294.35589886529334,
    297.740650674086,
    -37.91643229031562,
    298.9994128380686,
    296.7369785015824,
    296.0850747115578,
    297.02013729968303,
    296.0290845714147
  ],
  "episode_lengths": [
    1059,
    1023,
    1077,
    1021,
    349,
    1029,
    1047,
    1032,
    1026,
    1034
  ],
  "mean_eval_reward": 263.19754283358054,
  "mean_episode_length": 969.7,
  "min_eval_reward": -37.91643229031562,
  "max_eval_reward": 298.9994128380686
}