{
  "eval_episodes": 20,
  "eval_seed_offset": 10000,
  "eval_seeds": [
    10000,
    10001,
    10002,
    10003,
    10004,
    10005,
    10006,
    10007,
    10008,
    10009,
    10010,
    10011,
    10012,
    10013,
    10014,
    10015,
    10016,
    10017,
    10018,
    10019
  ],
  "episode_rewards": [
    -21.68447799372557,
    -13.00046329965189,
    18.19947844479177,
    -37.934374653977535,
    -35.43082687488762,
    -40.185467163734835,
    -12.047452820091992,
    -14.201918328011512,
    -51.40792428156347,
    2.3725909059494574,
    1.5784173584766492,
    -3.952738720340641,
    -8.26328190541,
    -7.248894588789317,
    -30.709214212953153,
    -26.76946667261256,
    -51.02334794069801,
    -17.13796464574926,
    -31.568747786823444,
    -44.533865485577344
  ],
  "episode_lengths": [
    1000,
    1000,
    1000,
    1000,
    1000,
    1000,
    1000,
    1000,
    1000,
    1000,
    1000,
    1000,
    1000,
    1000,
    1000,
    1000,
    1000,
    1000,
    1000,
    1000
  ],
  "episode_terminated": [
    false,
    false,
    false,
    false,
    false,
    false,
    false,
    false,
    false,
    false,
    false,
    false,
    false,
    false,
    false,
    false,
    false,
    false,
    false,
    false
  ],
  "mean_eval_reward": -21.247497033269013,
  "mean_episode_length": 1000,
  "min_eval_reward": -51.40792428156347,
  "max_eval_reward": 18.19947844479177,
  "termination_breakdown": {
    "terminated": 0,
    "truncated": 20
  },
  "final_policy_component_evaluation": {
    "att_penalty": {
      "episode_sum_mean": -0.08980987533260162,
      "episode_abs_sum_mean": 0.08980987533260162,
      "signed_contribution_share": -0.007233436856264933,
      "magnitude_share": 0.007233436856264933,
      "active_rate": 0.0322
    },
    "contact_bonus": {
      "episode_sum_mean": 0.0,
      "episode_abs_sum_mean": 0.0,
      "signed_contribution_share": 0.0,
      "magnitude_share": 0.0,
      "active_rate": 0.0
    },
    "horizontal_penalty": {
      "episode_sum_mean": -10.761334335870774,
      "episode_abs_sum_mean": 10.761334335870774,
      "signed_contribution_share": -0.8667357806633096,
      "magnitude_share": 0.8667357806633096,
      "active_rate": 1.0
    },
    "progress": {
      "episode_sum_mean": 1.1893679343163968,
      "episode_abs_sum_mean": 1.479589868336916,
      "signed_contribution_share": 0.09579367324453779,
      "magnitude_share": 0.11916863091223263,
      "active_rate": 0.99995
    },
    "vel_penalty": {
      "episode_sum_mean": -0.08520002166315237,
      "episode_abs_sum_mean": 0.08520002166315237,
      "signed_contribution_share": -0.006862151568192856,
      "magnitude_share": 0.006862151568192856,
      "active_rate": 0.01115
    }
  },
  "final_policy_component_error_count": 0
}