{
  "eval_episodes": 10,
  "episode_rewards": [
    -106.63669236348406,
    -115.36228171326084,
    -105.17257838533725,
    -105.89998444094792,
    -105.97676977362494,
    -113.94937608724808,
    -122.34267165506651,
    -111.02563353732012,
    -114.53775920268134,
    -108.13782263007394
  ],
  "episode_lengths": [
    57,
    76,
    81,
    61,
    83,
    74,
    78,
    81,
    76,
    74
  ],
  "mean_eval_reward": -110.9041569789045,
  "mean_episode_length": 74.1,
  "min_eval_reward": -122.34267165506651,
  "max_eval_reward": -105.17257838533725
}