{
  "eval_episodes": 20,
  "eval_seed_offset": 10000,
  "eval_seeds": [
    10000,
    10001,
    10002,
    10003,
    10004,
    10005,
    10006,
    10007,
    10008,
    10009,
    10010,
    10011,
    10012,
    10013,
    10014,
    10015,
    10016,
    10017,
    10018,
    10019
  ],
  "episode_rewards": [
    -621.5482295949507,
    -517.4020296843298,
    -495.3430619588859,
    -574.8195979608173,
    -557.1314588707943,
    -564.0783114998874,
    -608.1787253941736,
    -531.0773671198394,
    -574.8619654280174,
    -610.617886295548,
    -507.44639917668763,
    -581.8023191135687,
    -597.8097790882064,
    -479.90233026486715,
    -587.7278830976555,
    -584.3121027452654,
    -574.7118215003204,
    -495.66476690261266,
    -628.4600909712028,
    -643.0859478460288
  ],
  "episode_lengths": [
    123,
    85,
    79,
    124,
    120,
    120,
    99,
    93,
    128,
    90,
    84,
    90,
    91,
    81,
    114,
    191,
    173,
    99,
    172,
    142
  ],
  "episode_terminated": [
    true,
    true,
    true,
    true,
    true,
    true,
    true,
    true,
    true,
    true,
    true,
    true,
    true,
    true,
    true,
    true,
    true,
    true,
    true,
    true
  ],
  "mean_eval_reward": -566.7991037256829,
  "mean_episode_length": 114.9,
  "min_eval_reward": -643.0859478460288,
  "max_eval_reward": -479.90233026486715,
  "termination_breakdown": {
    "terminated": 20,
    "truncated": 0
  },
  "final_policy_component_evaluation": {
    "progress_delta": {
      "episode_sum_mean": -0.1267385177406756,
      "episode_abs_sum_mean": 0.4926535004782324,
      "signed_contribution_share": -0.19207109336256564,
      "magnitude_share": 0.7466119864157167,
      "active_rate": 1.0
    },
    "soft_landing_proxy": {
      "episode_sum_mean": 0.0,
      "episode_abs_sum_mean": 0.0,
      "signed_contribution_share": 0.0,
      "magnitude_share": 0.0,
      "active_rate": 0.0
    },
    "stability_penalty": {
      "episode_sum_mean": -0.16719861741144865,
      "episode_abs_sum_mean": 0.16719861741144865,
      "signed_contribution_share": -0.25338801358428337,
      "magnitude_share": 0.25338801358428337,
      "active_rate": 0.26414273281114015
    }
  },
  "final_policy_component_error_count": 0
}