{
  "eval_episodes": 20,
  "eval_seed_offset": 10000,
  "eval_seeds": [
    10000,
    10001,
    10002,
    10003,
    10004,
    10005,
    10006,
    10007,
    10008,
    10009,
    10010,
    10011,
    10012,
    10013,
    10014,
    10015,
    10016,
    10017,
    10018,
    10019
  ],
  "episode_rewards": [
    -128.61124225519526,
    -238.10141428882432,
    -152.55193730967608,
    -90.47403957962798,
    -253.60337756989324,
    -8.662027931514004,
    -135.39946471637077,
    -150.23123434915266,
    -96.83737282890802,
    -173.50159771786764,
    -135.47926947398003,
    12.368148276913118,
    -163.1360961654524,
    -135.9793199207756,
    -121.58097207691134,
    -107.02673933154318,
    -111.80662566871285,
    -59.391555753648404,
    -111.02888515715506,
    -144.39876344372195
  ],
  "episode_lengths": [
    57,
    108,
    107,
    66,
    116,
    100,
    78,
    96,
    84,
    73,
    51,
    65,
    67,
    95,
    60,
    84,
    62,
    73,
    54,
    68
  ],
  "episode_terminated": [
    true,
    true,
    true,
    true,
    true,
    true,
    true,
    true,
    true,
    true,
    true,
    true,
    true,
    true,
    true,
    true,
    true,
    true,
    true,
    true
  ],
  "mean_eval_reward": -125.27168936310088,
  "mean_episode_length": 78.2,
  "min_eval_reward": -253.60337756989324,
  "max_eval_reward": 12.368148276913118,
  "termination_breakdown": {
    "terminated": 20,
    "truncated": 0
  },
  "final_policy_component_evaluation": {
    "fuel_cost": {
      "episode_sum_mean": -0.48700000000000027,
      "episode_abs_sum_mean": 0.48700000000000027,
      "signed_contribution_share": -0.14390496170145234,
      "magnitude_share": 0.14390496170145234,
      "active_rate": 0.31138107416879796
    },
    "progress": {
      "episode_sum_mean": 1.2370860403869302,
      "episode_abs_sum_mean": 1.2789271305780858,
      "signed_contribution_share": 0.3655499368855902,
      "magnitude_share": 0.3779136750406318,
      "active_rate": 1.0
    },
    "soft_landing": {
      "episode_sum_mean": 1.61825083133499,
      "episode_abs_sum_mean": 1.61825083133499,
      "signed_contribution_share": 0.4781813632579158,
      "magnitude_share": 0.4781813632579158,
      "active_rate": 0.06265984654731457
    }
  },
  "final_policy_component_error_count": 0
}