{
  "eval_episodes": 20,
  "eval_seed_offset": 10000,
  "eval_seeds": [
    10000,
    10001,
    10002,
    10003,
    10004,
    10005,
    10006,
    10007,
    10008,
    10009,
    10010,
    10011,
    10012,
    10013,
    10014,
    10015,
    10016,
    10017,
    10018,
    10019
  ],
  "episode_rewards": [
    -69.91597255109306,
    153.09402531899912,
    -57.695424416740465,
    -201.70100987362156,
    -155.20657987291256,
    -191.84349336561357,
    -126.33951648810122,
    71.91924246279883,
    -186.14997049935405,
    -16.19979243199905,
    -23.669974649899743,
    8.498013308281209,
    -3.0147800042411745,
    -101.39358342061823,
    -77.13087673562218,
    -214.6300585798578,
    -115.05748116325739,
    -138.36727219942912,
    -81.4203325207788,
    -128.34874979499185
  ],
  "episode_lengths": [
    1000,
    860,
    359,
    851,
    709,
    807,
    800,
    1000,
    764,
    1000,
    1000,
    1000,
    1000,
    551,
    1000,
    980,
    1000,
    695,
    788,
    1000
  ],
  "episode_terminated": [
    false,
    true,
    true,
    true,
    true,
    true,
    true,
    false,
    true,
    false,
    false,
    false,
    false,
    true,
    false,
    true,
    false,
    true,
    true,
    false
  ],
  "mean_eval_reward": -82.72867937390264,
  "mean_episode_length": 858.2,
  "min_eval_reward": -214.6300585798578,
  "max_eval_reward": 153.09402531899912,
  "termination_breakdown": {
    "terminated": 11,
    "truncated": 9
  },
  "final_policy_component_evaluation": {
    "progress_reward": {
      "episode_sum_mean": 0.708042029586833,
      "episode_abs_sum_mean": 1.4404613526749102,
      "signed_contribution_share": 0.006384179135009426,
      "magnitude_share": 0.012988160205547253,
      "active_rate": 1.0
    },
    "stable_landing_reward": {
      "episode_sum_mean": 109.46526585414595,
      "episode_abs_sum_mean": 109.46526585414595,
      "signed_contribution_share": 0.9870118397944527,
      "magnitude_share": 0.9870118397944527,
      "active_rate": 0.06874854346306222
    }
  },
  "final_policy_component_error_count": 0
}