{
  "eval_episodes": 20,
  "eval_seed_offset": 10000,
  "eval_seeds": [
    10000,
    10001,
    10002,
    10003,
    10004,
    10005,
    10006,
    10007,
    10008,
    10009,
    10010,
    10011,
    10012,
    10013,
    10014,
    10015,
    10016,
    10017,
    10018,
    10019
  ],
  "episode_rewards": [
    -109.4635048033108,
    -115.25578503782512,
    -105.76027254935887,
    -107.11093605835313,
    -110.18097178869019,
    -113.1800738382837,
    -115.97171486090582,
    -111.92101720617569,
    -116.40767720591461,
    -112.6580984781962,
    -95.05909309317079,
    -114.31338528497776,
    -124.83957022608257,
    -115.1190672406863,
    -103.79102505005059,
    -103.47875895363543,
    -111.80662566871285,
    -101.56669890476729,
    -98.86978743176181,
    -129.40766527137842
  ],
  "episode_lengths": [
    57,
    76,
    81,
    61,
    83,
    74,
    79,
    81,
    76,
    74,
    52,
    59,
    67,
    69,
    60,
    82,
    62,
    54,
    54,
    68
  ],
  "episode_terminated": [
    true,
    true,
    true,
    true,
    true,
    true,
    true,
    true,
    true,
    true,
    true,
    true,
    true,
    true,
    true,
    true,
    true,
    true,
    true,
    true
  ],
  "mean_eval_reward": -110.8080864476119,
  "mean_episode_length": 68.45,
  "min_eval_reward": -129.40766527137842,
  "max_eval_reward": -95.05909309317079,
  "termination_breakdown": {
    "terminated": 20,
    "truncated": 0
  },
  "final_policy_component_evaluation": {
    "deceleration_bonus": {
      "episode_sum_mean": 2.777547940077784,
      "episode_abs_sum_mean": 2.777547940077784,
      "signed_contribution_share": 0.2592736065828905,
      "magnitude_share": 0.2592736065828905,
      "active_rate": 0.08254200146092038
    },
    "progress_delta": {
      "episode_sum_mean": 3.3623814515769483,
      "episode_abs_sum_mean": 3.4806975021958353,
      "signed_contribution_share": 0.3138656053703816,
      "magnitude_share": 0.3249099616956026,
      "active_rate": 1.0
    },
    "stability_penalty": {
      "episode_sum_mean": -4.454560911927319,
      "episode_abs_sum_mean": 4.454560911927319,
      "signed_contribution_share": -0.41581643172150684,
      "magnitude_share": 0.41581643172150684,
      "active_rate": 1.0
    }
  },
  "final_policy_component_error_count": 0
}