{
  "eval_episodes": 20,
  "eval_seed_offset": 10000,
  "eval_seeds": [
    10000,
    10001,
    10002,
    10003,
    10004,
    10005,
    10006,
    10007,
    10008,
    10009,
    10010,
    10011,
    10012,
    10013,
    10014,
    10015,
    10016,
    10017,
    10018,
    10019
  ],
  "episode_rewards": [
    271.3588356565238,
    271.80724711698286,
    271.7710066109305,
    269.1137628963952,
    270.5203102341667,
    271.66643759359573,
    270.78796282322867,
    269.9278932174041,
    273.8411994500577,
    270.68054610910656,
    271.8615071208309,
    268.2257937308992,
    270.4607067995809,
    269.85673054851867,
    269.7837517767352,
    271.6744118406522,
    271.39162999628934,
    270.39290688872734,
    269.27715344295643,
    269.87561219181157
  ],
  "episode_lengths": [
    1093,
    1092,
    1111,
    1121,
    1120,
    1101,
    1107,
    1116,
    1098,
    1115,
    1105,
    1120,
    1128,
    1114,
    1111,
    1100,
    1101,
    1117,
    1126,
    1111
  ],
  "episode_terminated": [
    true,
    true,
    true,
    true,
    true,
    true,
    true,
    true,
    true,
    true,
    true,
    true,
    true,
    true,
    true,
    true,
    true,
    true,
    true,
    true
  ],
  "mean_eval_reward": 270.71377030226967,
  "mean_episode_length": 1110.35,
  "min_eval_reward": 268.2257937308992,
  "max_eval_reward": 273.8411994500577,
  "termination_breakdown": {
    "terminated": 20,
    "truncated": 0
  },
  "final_policy_component_evaluation": {
    "forward_reward": {
      "episode_sum_mean": 504.87761175480375,
      "episode_abs_sum_mean": 504.89241053096305,
      "signed_contribution_share": 0.888355335679692,
      "magnitude_share": 0.8883813748057229,
      "active_rate": 1.0
    },
    "stability_penalty": {
      "episode_sum_mean": -63.43604034563965,
      "episode_abs_sum_mean": 63.43604034563965,
      "signed_contribution_share": -0.11161862519427711,
      "magnitude_share": 0.11161862519427711,
      "active_rate": 1.0
    }
  },
  "final_policy_component_error_count": 0
}