{
  "eval_episodes": 10,
  "episode_rewards": [
    173.43473220875012,
    113.49336925703263,
    95.01230150367725,
    66.65183657315323,
    116.65544141369661,
    6.296570238587435,
    135.502453133916,
    210.56133510298784,
    128.9939279705566,
    107.83651818957594
  ],
  "episode_lengths": [
    464,
    1000,
    1000,
    1000,
    1000,
    272,
    1000,
    388,
    1000,
    1000
  ],
  "mean_eval_reward": 115.44384855919337,
  "mean_episode_length": 812.4,
  "min_eval_reward": 6.296570238587435,
  "max_eval_reward": 210.56133510298784
}