{
  "eval_episodes": 20,
  "eval_seed_offset": 10000,
  "eval_seeds": [
    10000,
    10001,
    10002,
    10003,
    10004,
    10005,
    10006,
    10007,
    10008,
    10009,
    10010,
    10011,
    10012,
    10013,
    10014,
    10015,
    10016,
    10017,
    10018,
    10019
  ],
  "episode_rewards": [
    -73.14843518151594,
    -117.72628591864012,
    -86.1323735480073,
    -105.82569021698704,
    -125.35861285014933,
    -154.77987100752202,
    -142.43895027184996,
    -113.11718874713195,
    -124.7835581887418,
    -107.69103330333377,
    -103.55794439891454,
    -108.34411200566375,
    -114.42367173231081,
    -131.0332631639955,
    -118.31717370336047,
    -108.69426667536399,
    -111.4632284933275,
    -120.42890261681791,
    -83.41451952381587,
    -121.07598717145785
  ],
  "episode_lengths": [
    119,
    86,
    86,
    126,
    114,
    114,
    96,
    93,
    126,
    86,
    74,
    87,
    83,
    70,
    104,
    156,
    160,
    76,
    126,
    123
  ],
  "episode_terminated": [
    true,
    true,
    true,
    true,
    true,
    true,
    true,
    true,
    true,
    true,
    true,
    true,
    true,
    true,
    true,
    true,
    true,
    true,
    true,
    true
  ],
  "mean_eval_reward": -113.58775343594537,
  "mean_episode_length": 105.25,
  "min_eval_reward": -154.77987100752202,
  "max_eval_reward": -73.14843518151594,
  "termination_breakdown": {
    "terminated": 20,
    "truncated": 0
  },
  "final_policy_component_evaluation": {
    "energy_penalty": {
      "episode_sum_mean": -0.3140000000000001,
      "episode_abs_sum_mean": 0.3140000000000001,
      "signed_contribution_share": -0.25773187224778865,
      "magnitude_share": 0.25773187224778865,
      "active_rate": 0.29833729216152016
    },
    "progress_gate_reward": {
      "episode_sum_mean": 0.9043204089640653,
      "episode_abs_sum_mean": 0.9043204089640653,
      "signed_contribution_share": 0.7422681277522114,
      "magnitude_share": 0.7422681277522114,
      "active_rate": 0.932541567695962
    },
    "terminal_velocity_penalty": {
      "episode_sum_mean": 0.0,
      "episode_abs_sum_mean": 0.0,
      "signed_contribution_share": 0.0,
      "magnitude_share": 0.0,
      "active_rate": 0.0
    }
  },
  "final_policy_component_error_count": 0
}