{
  "eval_episodes": 10,
  "episode_rewards": [
    210.1793379267385,
    7.2250679813620025,
    230.04402503623652,
    -206.98899355477056,
    -57.568827574919666,
    -43.40425353591735,
    -234.64610182821718,
    -186.25947354359153,
    -172.08645615886792,
    -300.8463700055213
  ],
  "episode_lengths": [
    170,
    102,
    175,
    81,
    98,
    100,
    75,
    53,
    60,
    75
  ],
  "mean_eval_reward": -75.43520452574685,
  "mean_episode_length": 98.9,
  "min_eval_reward": -300.8463700055213,
  "max_eval_reward": 230.04402503623652
}