{
  "eval_episodes": 20,
  "eval_seed_offset": 10000,
  "eval_seeds": [
    10000,
    10001,
    10002,
    10003,
    10004,
    10005,
    10006,
    10007,
    10008,
    10009,
    10010,
    10011,
    10012,
    10013,
    10014,
    10015,
    10016,
    10017,
    10018,
    10019
  ],
  "episode_rewards": [
    308.14725849664217,
    307.75841668783625,
    309.3422060312092,
    308.4901275679975,
    307.73559783010927,
    306.58275532474323,
    309.7586120883023,
    307.03968074424046,
    307.0770322311738,
    307.83602564323564,
    307.860506144303,
    307.66994322565097,
    307.2091887740873,
    307.7839241415733,
    308.09499273876366,
    308.20210715950014,
    306.9619645254607,
    308.3182955495184,
    307.2513169640971,
    309.22723274578453
  ],
  "episode_lengths": [
    1022,
    1065,
    1000,
    1042,
    1061,
    1063,
    989,
    1039,
    1071,
    1057,
    1025,
    1019,
    1047,
    1052,
    1026,
    1035,
    1067,
    1016,
    1055,
    1022
  ],
  "episode_terminated": [
    true,
    true,
    true,
    true,
    true,
    true,
    true,
    true,
    true,
    true,
    true,
    true,
    true,
    true,
    true,
    true,
    true,
    true,
    true,
    true
  ],
  "mean_eval_reward": 307.91735923071144,
  "mean_episode_length": 1038.65,
  "min_eval_reward": 306.58275532474323,
  "max_eval_reward": 309.7586120883023,
  "termination_breakdown": {
    "terminated": 20,
    "truncated": 0
  },
  "final_policy_component_evaluation": {
    "energy_penalty": {
      "episode_sum_mean": -74.38836816978018,
      "episode_abs_sum_mean": 74.38836816978018,
      "signed_contribution_share": -0.12237889566901576,
      "magnitude_share": 0.12237889566901576,
      "active_rate": 1.0
    },
    "forward_reward": {
      "episode_sum_mean": 504.19064470223805,
      "episode_abs_sum_mean": 504.299420775326,
      "signed_contribution_share": 0.8294615922274682,
      "magnitude_share": 0.8296405435343356,
      "active_rate": 1.0
    },
    "stability_penalty": {
      "episode_sum_mean": -29.165123627090235,
      "episode_abs_sum_mean": 29.165123627090235,
      "signed_contribution_share": -0.04798056079664867,
      "magnitude_share": 0.04798056079664867,
      "active_rate": 1.0
    }
  },
  "final_policy_component_error_count": 0
}