{
  "eval_episodes": 20,
  "eval_seed_offset": 10000,
  "eval_seeds": [
    10000,
    10001,
    10002,
    10003,
    10004,
    10005,
    10006,
    10007,
    10008,
    10009,
    10010,
    10011,
    10012,
    10013,
    10014,
    10015,
    10016,
    10017,
    10018,
    10019
  ],
  "episode_rewards": [
    -54.611291195032706,
    -58.0969417490752,
    -22.163631121950335,
    -68.47119836242238,
    -63.10498238406774,
    -68.42473944960068,
    -43.966503696291,
    -41.483432185468864,
    -79.70046261375165,
    -38.153815303469784,
    -21.074249622428056,
    -36.89162982885104,
    -32.278343815554685,
    -33.96134979600205,
    -64.76021319883162,
    -81.2032859662381,
    -77.82458789126113,
    -53.51613178107352,
    -55.10886893847945,
    -80.77192053668855
  ],
  "episode_lengths": [
    1000,
    1000,
    1000,
    1000,
    1000,
    1000,
    1000,
    1000,
    1000,
    1000,
    1000,
    1000,
    1000,
    1000,
    1000,
    1000,
    1000,
    1000,
    1000,
    1000
  ],
  "episode_terminated": [
    false,
    false,
    false,
    false,
    false,
    false,
    false,
    false,
    false,
    false,
    false,
    false,
    false,
    false,
    false,
    false,
    false,
    false,
    false,
    false
  ],
  "mean_eval_reward": -53.778378971826925,
  "mean_episode_length": 1000,
  "min_eval_reward": -81.2032859662381,
  "max_eval_reward": -21.074249622428056,
  "termination_breakdown": {
    "terminated": 0,
    "truncated": 20
  },
  "final_policy_component_evaluation": {
    "approach_and_soft_landing": {
      "episode_sum_mean": -0.18669264475801697,
      "episode_abs_sum_mean": 1.7794724037420508,
      "signed_contribution_share": -0.08720998063759923,
      "magnitude_share": 0.8312472838800593,
      "active_rate": 1.0
    },
    "contact_reward": {
      "episode_sum_mean": 0.0,
      "episode_abs_sum_mean": 0.0,
      "signed_contribution_share": 0.0,
      "magnitude_share": 0.0,
      "active_rate": 0.0
    },
    "upright_stabilization": {
      "episode_sum_mean": -0.3612532722997499,
      "episode_abs_sum_mean": 0.3612532722997499,
      "signed_contribution_share": -0.16875271611994058,
      "magnitude_share": 0.16875271611994058,
      "active_rate": 1.0
    }
  },
  "final_policy_component_error_count": 0
}