{
  "eval_episodes": 20,
  "eval_seed_offset": 10000,
  "eval_seeds": [
    10000,
    10001,
    10002,
    10003,
    10004,
    10005,
    10006,
    10007,
    10008,
    10009,
    10010,
    10011,
    10012,
    10013,
    10014,
    10015,
    10016,
    10017,
    10018,
    10019
  ],
  "episode_rewards": [
    -35.30590508032715,
    -53.59236057931668,
    -20.040895048896072,
    -55.20650070961282,
    -43.07479168894594,
    -50.090658999652874,
    -20.724274625437634,
    -44.10171503656914,
    -60.24061593024549,
    -8.693068058039922,
    -15.097811885044415,
    -10.076352143824838,
    -21.01628214744018,
    -35.66043408531761,
    -32.44875120518244,
    -53.431863025850504,
    -55.22010840459649,
    -41.14886891018252,
    -39.40110776095094,
    -51.297326058913264
  ],
  "episode_lengths": [
    1000,
    1000,
    1000,
    1000,
    1000,
    1000,
    1000,
    1000,
    1000,
    1000,
    1000,
    1000,
    1000,
    1000,
    1000,
    1000,
    1000,
    1000,
    1000,
    1000
  ],
  "episode_terminated": [
    false,
    false,
    false,
    false,
    false,
    false,
    false,
    false,
    false,
    false,
    false,
    false,
    false,
    false,
    false,
    false,
    false,
    false,
    false,
    false
  ],
  "mean_eval_reward": -37.29348456921735,
  "mean_episode_length": 1000,
  "min_eval_reward": -60.24061593024549,
  "max_eval_reward": -8.693068058039922,
  "termination_breakdown": {
    "terminated": 0,
    "truncated": 20
  },
  "final_policy_component_evaluation": {
    "progress_reward": {
      "episode_sum_mean": 1.0121746769908848,
      "episode_abs_sum_mean": 1.2094579843086095,
      "signed_contribution_share": 0.8368828765635027,
      "magnitude_share": 1.0,
      "active_rate": 1.0
    },
    "stable_landing_reward": {
      "episode_sum_mean": 0.0,
      "episode_abs_sum_mean": 0.0,
      "signed_contribution_share": 0.0,
      "magnitude_share": 0.0,
      "active_rate": 0.0
    }
  },
  "final_policy_component_error_count": 0
}