{
  "eval_episodes": 20,
  "eval_seed_offset": 10000,
  "eval_seeds": [
    10000,
    10001,
    10002,
    10003,
    10004,
    10005,
    10006,
    10007,
    10008,
    10009,
    10010,
    10011,
    10012,
    10013,
    10014,
    10015,
    10016,
    10017,
    10018,
    10019
  ],
  "episode_rewards": [
    -96.37872668725964,
    -124.89602066820385,
    -117.70964556959319,
    -107.11093605835313,
    -107.90205129973748,
    -114.4183276029303,
    -121.93507682346399,
    -108.04303233301134,
    -113.46638803528961,
    -108.78360308465622,
    -97.13160732110792,
    -96.17360020263112,
    -122.41103550479178,
    -119.12299383732588,
    -103.69073839651753,
    -106.18041844509791,
    -111.03098981625618,
    -96.18150987984643,
    -98.86978743176181,
    -123.51316516386284
  ],
  "episode_lengths": [
    57,
    76,
    81,
    61,
    83,
    74,
    78,
    81,
    76,
    74,
    52,
    60,
    67,
    69,
    60,
    82,
    62,
    54,
    54,
    68
  ],
  "episode_terminated": [
    true,
    true,
    true,
    true,
    true,
    true,
    true,
    true,
    true,
    true,
    true,
    true,
    true,
    true,
    true,
    true,
    true,
    true,
    true,
    true
  ],
  "mean_eval_reward": -109.7474827080849,
  "mean_episode_length": 68.45,
  "min_eval_reward": -124.89602066820385,
  "max_eval_reward": -96.17360020263112,
  "termination_breakdown": {
    "terminated": 20,
    "truncated": 0
  },
  "final_policy_component_evaluation": {
    "angle_penalty": {
      "episode_sum_mean": -1.2824636425665403,
      "episode_abs_sum_mean": 1.2824636425665403,
      "signed_contribution_share": -0.006261267566110929,
      "magnitude_share": 0.006261267566110929,
      "active_rate": 1.0
    },
    "approach_reward": {
      "episode_sum_mean": -197.72684801877014,
      "episode_abs_sum_mean": 197.72684801877014,
      "signed_contribution_share": -0.9653456514148595,
      "magnitude_share": 0.9653456514148595,
      "active_rate": 1.0
    },
    "landing_bounty": {
      "episode_sum_mean": 5.815610612847327,
      "episode_abs_sum_mean": 5.815610612847327,
      "signed_contribution_share": 0.0283930810190295,
      "magnitude_share": 0.0283930810190295,
      "active_rate": 0.014609203798392988
    }
  },
  "final_policy_component_error_count": 0
}