{
  "eval_episodes": 20,
  "eval_seed_offset": 10000,
  "eval_seeds": [
    10000,
    10001,
    10002,
    10003,
    10004,
    10005,
    10006,
    10007,
    10008,
    10009,
    10010,
    10011,
    10012,
    10013,
    10014,
    10015,
    10016,
    10017,
    10018,
    10019
  ],
  "episode_rewards": [
    -88.98822590593002,
    -72.50865855786411,
    -66.78225976286171,
    -68.35929227495917,
    -59.852506671764885,
    -75.556498786236,
    -117.57410517731556,
    -79.61797071802613,
    -63.74907949574325,
    -116.40506714768378,
    -116.44726166106798,
    -103.30884522322873,
    -131.02622566442142,
    -82.92445010050749,
    -105.84521129517174,
    -66.46604816819206,
    -89.83343431023286,
    -79.31376035546454,
    -70.7371924586399,
    -102.91247618132942
  ],
  "episode_lengths": [
    58,
    79,
    84,
    63,
    85,
    76,
    78,
    83,
    78,
    74,
    52,
    60,
    67,
    71,
    60,
    83,
    62,
    56,
    55,
    69
  ],
  "episode_terminated": [
    true,
    true,
    true,
    true,
    true,
    true,
    true,
    true,
    true,
    true,
    true,
    true,
    true,
    true,
    true,
    true,
    true,
    true,
    true,
    true
  ],
  "mean_eval_reward": -87.91042849583204,
  "mean_episode_length": 69.65,
  "min_eval_reward": -131.02622566442142,
  "max_eval_reward": -59.852506671764885,
  "termination_breakdown": {
    "terminated": 20,
    "truncated": 0
  },
  "final_policy_component_evaluation": {
    "approach_landing_reward": {
      "episode_sum_mean": 45.403253651947566,
      "episode_abs_sum_mean": 45.403253651947566,
      "signed_contribution_share": 0.34811035762498393,
      "magnitude_share": 0.34811035762498393,
      "active_rate": 0.990667623833453
    },
    "distance_cost": {
      "episode_sum_mean": -75.3784204175915,
      "episode_abs_sum_mean": 75.3784204175915,
      "signed_contribution_share": -0.5779323457725062,
      "magnitude_share": 0.5779323457725062,
      "active_rate": 1.0
    },
    "stability_cost": {
      "episode_sum_mean": -9.646084419796296,
      "episode_abs_sum_mean": 9.646084419796296,
      "signed_contribution_share": -0.07395729660250984,
      "magnitude_share": 0.07395729660250984,
      "active_rate": 1.0
    }
  },
  "final_policy_component_error_count": 0
}