{
  "eval_episodes": 20,
  "eval_seed_offset": 10000,
  "eval_seeds": [
    10000,
    10001,
    10002,
    10003,
    10004,
    10005,
    10006,
    10007,
    10008,
    10009,
    10010,
    10011,
    10012,
    10013,
    10014,
    10015,
    10016,
    10017,
    10018,
    10019
  ],
  "episode_rewards": [
    268.70157484166805,
    270.23255436196445,
    267.9358598162416,
    268.2455289989559,
    270.11553009987216,
    271.774768201852,
    269.11900304349655,
    270.36612785610606,
    267.41145238912503,
    268.5331815756992,
    271.13244573692157,
    268.13037126431294,
    268.40537004408077,
    267.1029440071642,
    268.0826835796338,
    269.92158457888667,
    269.2694499025102,
    265.0178442079905,
    266.30038426568666,
    268.3576036264522
  ],
  "episode_lengths": [
    1427,
    1439,
    1466,
    1433,
    1428,
    1381,
    1430,
    1411,
    1456,
    1441,
    1418,
    1441,
    1455,
    1454,
    1431,
    1401,
    1430,
    1500,
    1476,
    1445
  ],
  "episode_terminated": [
    true,
    true,
    true,
    true,
    true,
    true,
    true,
    true,
    true,
    true,
    true,
    true,
    true,
    true,
    true,
    true,
    true,
    true,
    true,
    true
  ],
  "mean_eval_reward": 268.707813119931,
  "mean_episode_length": 1438.15,
  "min_eval_reward": 265.0178442079905,
  "max_eval_reward": 271.774768201852,
  "termination_breakdown": {
    "terminated": 20,
    "truncated": 0
  },
  "final_policy_component_evaluation": {
    "angle_penalty": {
      "episode_sum_mean": -23.509941418612065,
      "episode_abs_sum_mean": 23.509941418612065,
      "signed_contribution_share": -0.03845881552861078,
      "magnitude_share": 0.03845881552861078,
      "active_rate": 1.0
    },
    "energy_penalty": {
      "episode_sum_mean": -75.85637833099861,
      "episode_abs_sum_mean": 75.85637833099861,
      "signed_contribution_share": -0.1240899077098854,
      "magnitude_share": 0.1240899077098854,
      "active_rate": 0.9999652331119842
    },
    "forward_reward": {
      "episode_sum_mean": 504.3566875914461,
      "episode_abs_sum_mean": 504.5679611218744,
      "signed_contribution_share": 0.825053557698134,
      "magnitude_share": 0.8253991702025697,
      "active_rate": 1.0
    },
    "vert_penalty": {
      "episode_sum_mean": -7.367473888025043,
      "episode_abs_sum_mean": 7.367473888025043,
      "signed_contribution_share": -0.012052106558934144,
      "magnitude_share": 0.012052106558934144,
      "active_rate": 1.0
    }
  },
  "final_policy_component_error_count": 0
}