{
  "eval_episodes": 20,
  "eval_seed_offset": 10000,
  "eval_seeds": [
    10000,
    10001,
    10002,
    10003,
    10004,
    10005,
    10006,
    10007,
    10008,
    10009,
    10010,
    10011,
    10012,
    10013,
    10014,
    10015,
    10016,
    10017,
    10018,
    10019
  ],
  "episode_rewards": [
    -102.36752718675162,
    279.43726779749875,
    22.845308885331463,
    -63.918945869919696,
    191.18341844842894,
    172.00689292428459,
    -71.271831765863,
    233.61805483783343,
    199.83645711344326,
    -71.73488986717678,
    -57.47600137351343,
    -73.4232014696087,
    -56.35201392572826,
    -26.36268511144749,
    -73.54630614217245,
    -128.27119030491917,
    -134.28664095145638,
    285.5302173746719,
    -101.78883960006212,
    -142.5301341269021
  ],
  "episode_lengths": [
    248,
    294,
    168,
    212,
    485,
    299,
    197,
    265,
    326,
    172,
    163,
    184,
    200,
    153,
    273,
    386,
    365,
    259,
    344,
    289
  ],
  "episode_terminated": [
    true,
    true,
    true,
    true,
    true,
    true,
    true,
    true,
    true,
    true,
    true,
    true,
    true,
    true,
    true,
    true,
    true,
    true,
    true,
    true
  ],
  "mean_eval_reward": 14.056370484298556,
  "mean_episode_length": 264.1,
  "min_eval_reward": -142.5301341269021,
  "max_eval_reward": 285.5302173746719,
  "termination_breakdown": {
    "terminated": 20,
    "truncated": 0
  },
  "final_policy_component_evaluation": {
    "distance_penalty": {
      "episode_sum_mean": -37.122615146322644,
      "episode_abs_sum_mean": 37.122615146322644,
      "signed_contribution_share": -0.06569646878424545,
      "magnitude_share": 0.06569646878424545,
      "active_rate": 1.0
    },
    "engine_penalty": {
      "episode_sum_mean": -4.885499999999999,
      "episode_abs_sum_mean": 4.885499999999999,
      "signed_contribution_share": -0.008645945254135074,
      "magnitude_share": 0.008645945254135074,
      "active_rate": 0.6166224914804999
    },
    "landing_bonus": {
      "episode_sum_mean": 298.0,
      "episode_abs_sum_mean": 298.0,
      "signed_contribution_share": 0.5273752299114222,
      "magnitude_share": 0.5273752299114222,
      "active_rate": 0.02820901173797804
    },
    "orientation_penalty": {
      "episode_sum_mean": -0.2867984400585379,
      "episode_abs_sum_mean": 0.2867984400585379,
      "signed_contribution_share": -0.0005075516552486867,
      "magnitude_share": 0.0005075516552486867,
      "active_rate": 1.0
    },
    "progress_delta": {
      "episode_sum_mean": 7.095325416885316,
      "episode_abs_sum_mean": 11.891254891641438,
      "signed_contribution_share": 0.012556707627604868,
      "magnitude_share": 0.02104413853159304,
      "active_rate": 0.9918591442635365
    },
    "settle_reward": {
      "episode_sum_mean": 201.6522820290178,
      "episode_abs_sum_mean": 201.6522820290178,
      "signed_contribution_share": 0.3568671765007255,
      "magnitude_share": 0.3568671765007255,
      "active_rate": 1.0
    },
    "velocity_damping": {
      "episode_sum_mean": -11.22411424415591,
      "episode_abs_sum_mean": 11.22411424415591,
      "signed_contribution_share": -0.01986348936263017,
      "magnitude_share": 0.01986348936263017,
      "active_rate": 0.9988640666414237
    }
  },
  "final_policy_component_error_count": 0
}