{
  "eval_episodes": 20,
  "eval_seed_offset": 10000,
  "eval_seeds": [
    10000,
    10001,
    10002,
    10003,
    10004,
    10005,
    10006,
    10007,
    10008,
    10009,
    10010,
    10011,
    10012,
    10013,
    10014,
    10015,
    10016,
    10017,
    10018,
    10019
  ],
  "episode_rewards": [
    -109.4635048033108,
    -114.87814908947007,
    -105.30353157290088,
    -105.51622617337952,
    -105.49276602405442,
    -112.87540876753994,
    -125.19063705007096,
    -109.34975068766829,
    -114.88875561935714,
    -123.60418655836432,
    -98.62648155882712,
    -98.05724253030002,
    -124.16180639121328,
    -119.12299383732588,
    -105.25203813428797,
    -100.33003833216557,
    -111.80662566871285,
    -92.12253754252166,
    -98.86978743176181,
    -141.58236723614857
  ],
  "episode_lengths": [
    57,
    76,
    81,
    61,
    83,
    74,
    78,
    81,
    76,
    74,
    52,
    60,
    67,
    69,
    60,
    82,
    62,
    54,
    54,
    68
  ],
  "episode_terminated": [
    true,
    true,
    true,
    true,
    true,
    true,
    true,
    true,
    true,
    true,
    true,
    true,
    true,
    true,
    true,
    true,
    true,
    true,
    true,
    true
  ],
  "mean_eval_reward": -110.82474175046906,
  "mean_episode_length": 68.45,
  "min_eval_reward": -141.58236723614857,
  "max_eval_reward": -92.12253754252166,
  "termination_breakdown": {
    "terminated": 20,
    "truncated": 0
  },
  "final_policy_component_evaluation": {
    "fuel_cost": {
      "episode_sum_mean": -0.46499999999999997,
      "episode_abs_sum_mean": 0.46499999999999997,
      "signed_contribution_share": -0.02254944111527784,
      "magnitude_share": 0.02254944111527784,
      "active_rate": 0.045288531775018265
    },
    "proximity_reward": {
      "episode_sum_mean": 17.898689144020317,
      "episode_abs_sum_mean": 18.63074848780234,
      "signed_contribution_share": 0.8679686814919331,
      "magnitude_share": 0.9034687439983883,
      "active_rate": 1.0
    },
    "soft_landing_bonus": {
      "episode_sum_mean": 1.5256051689386367,
      "episode_abs_sum_mean": 1.5256051689386367,
      "signed_contribution_share": 0.07398181488633396,
      "magnitude_share": 0.07398181488633396,
      "active_rate": 0.016800584368151936
    },
    "velocity_penalty": {
      "episode_sum_mean": 0.0,
      "episode_abs_sum_mean": 0.0,
      "signed_contribution_share": 0.0,
      "magnitude_share": 0.0,
      "active_rate": 0.0
    }
  },
  "final_policy_component_error_count": 0
}