{
  "eval_episodes": 20,
  "eval_seed_offset": 10000,
  "eval_seeds": [
    10000,
    10001,
    10002,
    10003,
    10004,
    10005,
    10006,
    10007,
    10008,
    10009,
    10010,
    10011,
    10012,
    10013,
    10014,
    10015,
    10016,
    10017,
    10018,
    10019
  ],
  "episode_rewards": [
    53.80605173495179,
    60.93166108863378,
    234.4345031360813,
    -147.9508236127617,
    170.60894247486314,
    -169.36489122332813,
    54.99534612044435,
    210.32822142466858,
    174.50949474207647,
    126.49689134058512,
    52.37551811155032,
    24.83051190081318,
    79.74769427817155,
    -130.62482882228392,
    117.06531619797508,
    -148.64748856710725,
    128.1458493633401,
    -14.682225242564058,
    192.47710994135906,
    -53.85138863651706
  ],
  "episode_lengths": [
    1000,
    1000,
    344,
    497,
    687,
    546,
    1000,
    272,
    314,
    757,
    1000,
    1000,
    1000,
    260,
    585,
    471,
    467,
    159,
    296,
    1000
  ],
  "episode_terminated": [
    false,
    false,
    true,
    true,
    true,
    true,
    false,
    true,
    true,
    true,
    false,
    false,
    false,
    true,
    true,
    true,
    true,
    true,
    true,
    false
  ],
  "mean_eval_reward": 50.78157328754759,
  "mean_episode_length": 632.75,
  "min_eval_reward": -169.36489122332813,
  "max_eval_reward": 234.4345031360813,
  "termination_breakdown": {
    "terminated": 13,
    "truncated": 7
  },
  "final_policy_component_evaluation": {
    "angle_penalty": {
      "episode_sum_mean": -4.031919975208962,
      "episode_abs_sum_mean": 4.031919975208962,
      "signed_contribution_share": -0.0015749356661225022,
      "magnitude_share": 0.0015749356661225022,
      "active_rate": 1.0
    },
    "contact_reward": {
      "episode_sum_mean": 2492.0,
      "episode_abs_sum_mean": 2492.0,
      "signed_contribution_share": 0.9734170579052399,
      "magnitude_share": 0.9734170579052399,
      "active_rate": 0.09308573686290005
    },
    "proximity_improvement": {
      "episode_sum_mean": 20.629821562242704,
      "episode_abs_sum_mean": 47.396680568704525,
      "signed_contribution_share": 0.008058354819513794,
      "magnitude_share": 0.018513939548018783,
      "active_rate": 0.9988146977479258
    },
    "velocity_penalty": {
      "episode_sum_mean": -16.625160341167597,
      "episode_abs_sum_mean": 16.625160341167597,
      "signed_contribution_share": -0.006494066880618875,
      "magnitude_share": 0.006494066880618875,
      "active_rate": 0.9993678387988937
    }
  },
  "final_policy_component_error_count": 0
}