{
  "eval_episodes": 10,
  "episode_rewards": [
    -106.37464405103529,
    -115.14183749743455,
    -116.52581126411792,
    -107.11093605835313,
    -105.81306083014854,
    -113.46662285276685,
    -121.82510596616365,
    -109.51072858645817,
    -111.78350744601943,
    -107.8953788555715
  ],
  "episode_lengths": [
    57,
    76,
    81,
    61,
    83,
    74,
    78,
    81,
    76,
    74
  ],
  "mean_eval_reward": -111.5447633408069,
  "mean_episode_length": 74.1,
  "min_eval_reward": -121.82510596616365,
  "max_eval_reward": -105.81306083014854
}