{
  "eval_episodes": 10,
  "episode_rewards": [
    -99.74857267490492,
    -128.44021374908837,
    -128.03908662104743,
    -112.0314149860886,
    -113.45111470501524,
    -120.61966932822699,
    -119.82645526250825,
    -120.20837870229869,
    -110.24958415060344,
    -117.35946386906464
  ],
  "episode_lengths": [
    57,
    76,
    81,
    61,
    83,
    74,
    78,
    81,
    76,
    74
  ],
  "mean_eval_reward": -116.99739540488466,
  "mean_episode_length": 74.1,
  "min_eval_reward": -128.44021374908837,
  "max_eval_reward": -99.74857267490492
}