{
  "eval_episodes": 10,
  "episode_rewards": [
    249.2470550698996,
    137.77226137088576,
    157.0708737255205,
    238.72783168532132,
    243.81240792214717,
    220.68281641712218,
    151.82169543075943,
    256.2851942406576,
    121.72409241298818,
    263.63202506158166
  ],
  "episode_lengths": [
    315,
    1000,
    1000,
    305,
    381,
    339,
    1000,
    994,
    1000,
    935
  ],
  "mean_eval_reward": 204.07762533368833,
  "mean_episode_length": 726.9,
  "min_eval_reward": 121.72409241298818,
  "max_eval_reward": 263.63202506158166
}