{
  "eval_episodes": 10,
  "episode_rewards": [
    29.787242690531066,
    49.4597176461142,
    30.22889214738053,
    138.7531218288312,
    201.50956306917004,
    19.386757678832872,
    24.1625580867514,
    38.99961740881982,
    27.11808298015933,
    111.32300714915665
  ],
  "episode_lengths": [
    1000,
    1000,
    1000,
    605,
    542,
    1000,
    1000,
    1000,
    263,
    1000
  ],
  "mean_eval_reward": 67.07285606857471,
  "mean_episode_length": 841,
  "min_eval_reward": 19.386757678832872,
  "max_eval_reward": 201.50956306917004
}