{
  "eval_episodes": 10,
  "episode_rewards": [
    -22.1482214526821,
    -9.479845390359866,
    20.060830053835463,
    -28.121474395109228,
    -31.47469611275242,
    -32.10052274988612,
    -4.858977458092555,
    -1.1106866146369772,
    -46.93266347934002,
    5.2818747933336
  ],
  "episode_lengths": [
    1000,
    1000,
    1000,
    1000,
    1000,
    1000,
    1000,
    1000,
    1000,
    1000
  ],
  "mean_eval_reward": -15.088438280569022,
  "mean_episode_length": 1000,
  "min_eval_reward": -46.93266347934002,
  "max_eval_reward": 20.060830053835463
}