{
  "eval_episodes": 20,
  "eval_seed_offset": 10000,
  "eval_seeds": [
    10000,
    10001,
    10002,
    10003,
    10004,
    10005,
    10006,
    10007,
    10008,
    10009,
    10010,
    10011,
    10012,
    10013,
    10014,
    10015,
    10016,
    10017,
    10018,
    10019
  ],
  "episode_rewards": [
    248.17832973503064,
    250.40960593582733,
    257.6398070180278,
    242.61602983976047,
    251.99758223183198,
    250.9767175938359,
    248.8967630000187,
    249.00898246563446,
    250.30440495793744,
    250.56527235202117,
    251.28208923503527,
    246.66229288948,
    251.39800486071783,
    253.6636060552225,
    252.0614254798392,
    254.779961075579,
    254.54142216949654,
    251.38467057143112,
    249.54710122328245,
    252.0001810199469
  ],
  "episode_lengths": [
    1382,
    1367,
    1267,
    1463,
    1349,
    1357,
    1390,
    1373,
    1373,
    1362,
    1355,
    1411,
    1357,
    1317,
    1356,
    1309,
    1308,
    1343,
    1381,
    1338
  ],
  "episode_terminated": [
    true,
    true,
    true,
    true,
    true,
    true,
    true,
    true,
    true,
    true,
    true,
    true,
    true,
    true,
    true,
    true,
    true,
    true,
    true,
    true
  ],
  "mean_eval_reward": 250.89571248549782,
  "mean_episode_length": 1357.9,
  "min_eval_reward": 242.61602983976047,
  "max_eval_reward": 257.6398070180278,
  "termination_breakdown": {
    "terminated": 20,
    "truncated": 0
  }
}