{
  "eval_episodes": 20,
  "eval_seed_offset": 10000,
  "eval_seeds": [
    10000,
    10001,
    10002,
    10003,
    10004,
    10005,
    10006,
    10007,
    10008,
    10009,
    10010,
    10011,
    10012,
    10013,
    10014,
    10015,
    10016,
    10017,
    10018,
    10019
  ],
  "episode_rewards": [
    -25.735382480827774,
    -18.004915752037284,
    11.477661687067773,
    -42.521874753223045,
    -39.00955383996935,
    -48.152220388533294,
    -9.672194563631669,
    -10.659439535342287,
    -49.710011087705084,
    1.1852322650691725,
    -1.7862912387009866,
    -8.391558873143756,
    -17.577147259159727,
    -4.059461430204254,
    -36.69740792683493,
    -32.97105722515406,
    -46.24745433561196,
    -18.906083271477026,
    -38.21472534505011,
    -49.14008402741585
  ],
  "episode_lengths": [
    1000,
    1000,
    1000,
    1000,
    1000,
    1000,
    1000,
    1000,
    1000,
    1000,
    1000,
    1000,
    1000,
    1000,
    1000,
    1000,
    1000,
    1000,
    1000,
    1000
  ],
  "episode_terminated": [
    false,
    false,
    false,
    false,
    false,
    false,
    false,
    false,
    false,
    false,
    false,
    false,
    false,
    false,
    false,
    false,
    false,
    false,
    false,
    false
  ],
  "mean_eval_reward": -24.239698469094275,
  "mean_episode_length": 1000,
  "min_eval_reward": -49.710011087705084,
  "max_eval_reward": 11.477661687067773,
  "termination_breakdown": {
    "terminated": 0,
    "truncated": 20
  },
  "final_policy_component_evaluation": {
    "landing_proxy": {
      "episode_sum_mean": 265.02451003354594,
      "episode_abs_sum_mean": 265.02451003354594,
      "signed_contribution_share": 0.5452915259515264,
      "magnitude_share": 0.5452915259515264,
      "active_rate": 0.65785
    },
    "progress_reward": {
      "episode_sum_mean": 12.17100919262724,
      "episode_abs_sum_mean": 12.17100919262724,
      "signed_contribution_share": 0.02504201658245762,
      "magnitude_share": 0.02504201658245762,
      "active_rate": 0.83685
    },
    "proximity_reward": {
      "episode_sum_mean": 205.7257916878681,
      "episode_abs_sum_mean": 205.7257916878681,
      "signed_contribution_share": 0.4232836082325518,
      "magnitude_share": 0.4232836082325518,
      "active_rate": 1.0
    },
    "stability_penalty": {
      "episode_sum_mean": -3.1022148891182217,
      "episode_abs_sum_mean": 3.1022148891182217,
      "signed_contribution_share": -0.006382849233464111,
      "magnitude_share": 0.006382849233464111,
      "active_rate": 1.0
    }
  },
  "final_policy_component_error_count": 0
}