{
  "eval_episodes": 10,
  "episode_rewards": [
    -22.74063015811559,
    -7.493254108897051,
    -24.40567721504386,
    8.331464164216584,
    2.4282209512888917,
    -34.641732827091545,
    4.10416873882128,
    27.386869939146724,
    14.403717945226687,
    9.252826294944692
  ],
  "episode_lengths": [
    1000,
    1000,
    1000,
    1000,
    1000,
    1000,
    1000,
    1000,
    1000,
    1000
  ],
  "mean_eval_reward": -2.337402627550319,
  "mean_episode_length": 1000,
  "min_eval_reward": -34.641732827091545,
  "max_eval_reward": 27.386869939146724
}