{
  "eval_episodes": 20,
  "eval_seed_offset": 10000,
  "eval_seeds": [
    10000,
    10001,
    10002,
    10003,
    10004,
    10005,
    10006,
    10007,
    10008,
    10009,
    10010,
    10011,
    10012,
    10013,
    10014,
    10015,
    10016,
    10017,
    10018,
    10019
  ],
  "episode_rewards": [
    165.14144037761804,
    54.89404667407766,
    -48.45437785511648,
    6.0815331352465165,
    54.88110282207788,
    12.976098346021672,
    -80.35705902281217,
    286.69733911452175,
    96.30426350091082,
    -39.912566386946786,
    85.45090594818461,
    285.5916513457787,
    105.67424671174467,
    -56.47091948335117,
    135.1771007166357,
    287.3190365518382,
    285.0922593940041,
    -8.67974066164156,
    146.52423822442455,
    286.6140386230543
  ],
  "episode_lengths": [
    1222,
    759,
    273,
    575,
    672,
    494,
    151,
    1185,
    838,
    346,
    858,
    1175,
    893,
    234,
    957,
    1182,
    1183,
    434,
    1114,
    1210
  ],
  "episode_terminated": [
    true,
    true,
    true,
    true,
    true,
    true,
    true,
    true,
    true,
    true,
    true,
    true,
    true,
    true,
    true,
    true,
    true,
    true,
    true,
    true
  ],
  "mean_eval_reward": 103.02723190381354,
  "mean_episode_length": 787.75,
  "min_eval_reward": -80.35705902281217,
  "max_eval_reward": 287.3190365518382,
  "termination_breakdown": {
    "terminated": 20,
    "truncated": 0
  },
  "final_policy_component_evaluation": {
    "forward_reward": {
      "episode_sum_mean": 319.95935011932744,
      "episode_abs_sum_mean": 321.14174914468896,
      "signed_contribution_share": 0.9404025380601038,
      "magnitude_share": 0.943877764035013,
      "active_rate": 1.0
    },
    "stability_penalty": {
      "episode_sum_mean": -19.094838029300483,
      "episode_abs_sum_mean": 19.094838029300483,
      "signed_contribution_share": -0.05612223596498694,
      "magnitude_share": 0.05612223596498694,
      "active_rate": 1.0
    }
  },
  "final_policy_component_error_count": 0
}