{
  "eval_episodes": 20,
  "eval_seed_offset": 10000,
  "eval_seeds": [
    10000,
    10001,
    10002,
    10003,
    10004,
    10005,
    10006,
    10007,
    10008,
    10009,
    10010,
    10011,
    10012,
    10013,
    10014,
    10015,
    10016,
    10017,
    10018,
    10019
  ],
  "episode_rewards": [
    241.42052315881116,
    258.4269582292163,
    261.909220219095,
    230.6596011573176,
    242.86542607939975,
    221.9428689863161,
    251.79117027379544,
    246.29251489492023,
    113.99573567145546,
    262.59613528995163,
    270.0182719138454,
    261.3608573784405,
    259.4566084398529,
    255.85636705846701,
    235.82979697284165,
    228.6320078303584,
    224.1997542163418,
    258.9575570803812,
    242.39527076424446,
    221.74032267221895
  ],
  "episode_lengths": [
    398,
    320,
    327,
    340,
    360,
    304,
    394,
    304,
    1000,
    393,
    421,
    392,
    371,
    300,
    363,
    370,
    381,
    341,
    328,
    351
  ],
  "episode_terminated": [
    true,
    true,
    true,
    true,
    true,
    true,
    true,
    true,
    false,
    true,
    true,
    true,
    true,
    true,
    true,
    true,
    true,
    true,
    true,
    true
  ],
  "mean_eval_reward": 239.51734841436354,
  "mean_episode_length": 387.9,
  "min_eval_reward": 113.99573567145546,
  "max_eval_reward": 270.0182719138454,
  "termination_breakdown": {
    "terminated": 19,
    "truncated": 1
  },
  "final_policy_component_evaluation": {
    "contact": {
      "episode_sum_mean": 96.02914326786996,
      "episode_abs_sum_mean": 96.02914326786996,
      "signed_contribution_share": 0.1944859975796611,
      "magnitude_share": 0.1944859975796611,
      "active_rate": 0.21448827017272493
    },
    "engine_penalty": {
      "episode_sum_mean": -8.97299999999999,
      "episode_abs_sum_mean": 8.97299999999999,
      "signed_contribution_share": -0.018172846251625276,
      "magnitude_share": 0.018172846251625276,
      "active_rate": 0.7710750193348801
    },
    "progress": {
      "episode_sum_mean": 6.637641128129326,
      "episode_abs_sum_mean": 6.637641128129326,
      "signed_contribution_share": 0.01344308834224439,
      "magnitude_share": 0.01344308834224439,
      "active_rate": 0.8463521526166538
    },
    "stability": {
      "episode_sum_mean": 382.118863850832,
      "episode_abs_sum_mean": 382.118863850832,
      "signed_contribution_share": 0.7738980678264692,
      "magnitude_share": 0.7738980678264692,
      "active_rate": 1.0
    }
  },
  "final_policy_component_error_count": 0
}