{
  "eval_episodes": 10,
  "episode_rewards": [
    -112.97682759995303,
    -123.01465632143072,
    -109.7664735411064,
    -115.05476507540072,
    -108.41455400361153,
    -95.24413541307167,
    -101.09271992247896,
    -121.14479922585,
    -117.58034177737062,
    -103.90942242372684
  ],
  "episode_lengths": [
    74,
    78,
    81,
    76,
    74,
    52,
    60,
    67,
    69,
    60
  ],
  "mean_eval_reward": -110.81986953040004,
  "mean_episode_length": 69.1,
  "min_eval_reward": -123.01465632143072,
  "max_eval_reward": -95.24413541307167
}