{
  "eval_episodes": 100,
  "eval_seed_offset": 30000,
  "eval_seeds": [
    30000,
    30001,
    30002,
    30003,
    30004,
    30005,
    30006,
    30007,
    30008,
    30009,
    30010,
    30011,
    30012,
    30013,
    30014,
    30015,
    30016,
    30017,
    30018,
    30019,
    30020,
    30021,
    30022,
    30023,
    30024,
    30025,
    30026,
    30027,
    30028,
    30029,
    30030,
    30031,
    30032,
    30033,
    30034,
    30035,
    30036,
    30037,
    30038,
    30039,
    30040,
    30041,
    30042,
    30043,
    30044,
    30045,
    30046,
    30047,
    30048,
    30049,
    30050,
    30051,
    30052,
    30053,
    30054,
    30055,
    30056,
    30057,
    30058,
    30059,
    30060,
    30061,
    30062,
    30063,
    30064,
    30065,
    30066,
    30067,
    30068,
    30069,
    30070,
    30071,
    30072,
    30073,
    30074,
    30075,
    30076,
    30077,
    30078,
    30079,
    30080,
    30081,
    30082,
    30083,
    30084,
    30085,
    30086,
    30087,
    30088,
    30089,
    30090,
    30091,
    30092,
    30093,
    30094,
    30095,
    30096,
    30097,
    30098,
    30099
  ],
  "episode_rewards": [
    246.9250262243583,
    157.05632415907166,
    114.091405901316,
    247.94436947303086,
    283.5059044999723,
    288.0370147637642,
    161.18543573576878,
    176.1745208730233,
    148.34782968131253,
    232.5168878068679,
    285.55213151611474,
    145.8590552713164,
    206.8324097453176,
    283.5562833435309,
    268.9228492819926,
    261.59328999167036,
    115.28566337090655,
    166.02732870472624,
    248.07825251138567,
    228.89997374407662,
    288.5971593079603,
    257.3620013122285,
    236.071905559107,
    243.76603513784215,
    222.31145964569197,
    300.4515589900592,
    280.7297367125481,
    157.35608337903471,
    242.29112121050954,
    257.265218292299,
    261.1134786755532,
    249.56099768407734,
    123.75100930400188,
    274.63929854967853,
    252.70421827495724,
    283.99735091356484,
    266.8128642110935,
    139.88580462611438,
    154.63479706439315,
    273.3993917661028,
    242.8666360172683,
    132.28294784892108,
    252.4130925261168,
    255.59241347163703,
    114.03269335577595,
    265.72656938644445,
    272.61548833017844,
    229.67621968387013,
    245.89370168590335,
    122.35781974969183,
    151.34041227212398,
    264.4447326098582,
    156.8576935795373,
    287.14528743535317,
    257.73564515490295,
    227.84934701997878,
    134.371249000597,
    99.62700728168892,
    276.161433184968,
    150.45046172809734,
    272.4782972079109,
    256.887492226242,
    246.11101150026894,
    274.9478911090153,
    82.87366005513067,
    241.38539762552054,
    255.5829329699587,
    248.38287254639658,
    226.3852107330797,
    172.7315993340814,
    172.01070242221607,
    124.11340742442174,
    118.65840697308238,
    231.3093816165598,
    242.40510301740173,
    246.49095338290465,
    100.56341085519281,
    259.96269807291924,
    288.52068505305476,
    235.4081980444206,
    138.04340034858024,
    245.45388532315823,
    198.8890327712285,
    242.47627111336945,
    252.26144762830455,
    257.9933044130786,
    233.51854063094603,
    125.44197790800811,
    143.0264336885946,
    211.2972379040778,
    204.7775406047351,
    292.5743307439942,
    106.31785955941004,
    135.7732782361329,
    254.73022130944923,
    32.75401938891065,
    266.05260127219213,
    147.2852031154864,
    278.02054221780895,
    190.27838474027675
  ],
  "episode_lengths": [
    301,
    1000,
    1000,
    264,
    304,
    344,
    1000,
    1000,
    1000,
    272,
    285,
    1000,
    337,
    348,
    428,
    398,
    1000,
    1000,
    272,
    317,
    342,
    547,
    296,
    297,
    274,
    277,
    300,
    1000,
    268,
    263,
    298,
    265,
    1000,
    275,
    263,
    270,
    314,
    1000,
    1000,
    276,
    320,
    1000,
    301,
    263,
    1000,
    268,
    287,
    828,
    278,
    1000,
    1000,
    265,
    1000,
    306,
    307,
    571,
    1000,
    1000,
    315,
    1000,
    286,
    301,
    510,
    303,
    1000,
    940,
    285,
    344,
    890,
    1000,
    1000,
    1000,
    1000,
    341,
    310,
    501,
    1000,
    299,
    294,
    295,
    1000,
    291,
    739,
    417,
    308,
    285,
    286,
    1000,
    1000,
    317,
    305,
    278,
    1000,
    1000,
    256,
    285,
    278,
    1000,
    268,
    493
  ],
  "episode_terminated": [
    true,
    false,
    false,
    true,
    true,
    true,
    false,
    false,
    false,
    true,
    true,
    false,
    true,
    true,
    true,
    true,
    false,
    false,
    true,
    true,
    true,
    true,
    true,
    true,
    true,
    true,
    true,
    false,
    true,
    true,
    true,
    true,
    false,
    true,
    true,
    true,
    true,
    false,
    false,
    true,
    true,
    false,
    true,
    true,
    false,
    true,
    true,
    true,
    true,
    false,
    false,
    true,
    false,
    true,
    true,
    true,
    false,
    false,
    true,
    false,
    true,
    true,
    true,
    true,
    false,
    true,
    true,
    true,
    true,
    false,
    false,
    false,
    false,
    true,
    true,
    true,
    false,
    true,
    true,
    true,
    false,
    true,
    true,
    true,
    true,
    true,
    true,
    false,
    false,
    true,
    true,
    true,
    false,
    false,
    true,
    true,
    true,
    false,
    true,
    true
  ],
  "mean_eval_reward": 214.26709123626776,
  "mean_episode_length": 557.09,
  "min_eval_reward": 32.75401938891065,
  "max_eval_reward": 300.4515589900592,
  "termination_breakdown": {
    "terminated": 68,
    "truncated": 32
  },
  "final_policy_component_evaluation": {
    "angle_penalty": {
      "episode_sum_mean": -1.1548957121978167,
      "episode_abs_sum_mean": 1.1548957121978167,
      "signed_contribution_share": -0.005144448700377167,
      "magnitude_share": 0.005144448700377167,
      "active_rate": 1.0
    },
    "contact_reward": {
      "episode_sum_mean": 170.6370000000018,
      "episode_abs_sum_mean": 170.6370000000018,
      "signed_contribution_share": 0.7600974560860677,
      "magnitude_share": 0.7600974560860677,
      "active_rate": 0.544005456927965
    },
    "proximity_improvement": {
      "episode_sum_mean": 38.87550611804831,
      "episode_abs_sum_mean": 42.2968799634684,
      "signed_contribution_share": 0.17316978911013772,
      "magnitude_share": 0.18841019744023724,
      "active_rate": 0.9891579457538279
    },
    "velocity_penalty": {
      "episode_sum_mean": -10.404805553579157,
      "episode_abs_sum_mean": 10.404805553579157,
      "signed_contribution_share": -0.04634789777331777,
      "magnitude_share": 0.04634789777331777,
      "active_rate": 0.9987973217971962
    }
  },
  "final_policy_component_error_count": 0
}