{
  "eval_episodes": 10,
  "episode_rewards": [
    141.67568780988688,
    156.39142594026882,
    179.80090084244458,
    126.26745871567987,
    133.45650345480422,
    121.50969221979561,
    156.87524429916,
    153.37884823201813,
    119.98001540477676,
    -39.682862631064935
  ],
  "episode_lengths": [
    1000,
    1000,
    1000,
    1000,
    1000,
    1000,
    1000,
    1000,
    1000,
    194
  ],
  "mean_eval_reward": 124.965291428777,
  "mean_episode_length": 919.4,
  "min_eval_reward": -39.682862631064935,
  "max_eval_reward": 179.80090084244458
}