{
  "eval_episodes": 10,
  "episode_rewards": [
    -24.969500842922873,
    -23.140571869277558,
    -24.154333623132434,
    -9.122524029303822,
    211.92585051711762,
    -36.424803353099826,
    -0.9642438870087562,
    -24.443429974226426,
    -0.5501458365907927,
    -4.721269075238343
  ],
  "episode_lengths": [
    1000,
    1000,
    1000,
    1000,
    479,
    1000,
    1000,
    1000,
    1000,
    1000
  ],
  "mean_eval_reward": 6.343502802631679,
  "mean_episode_length": 947.9,
  "min_eval_reward": -36.424803353099826,
  "max_eval_reward": 211.92585051711762
}