{
  "eval_episodes": 20,
  "eval_seed_offset": 10000,
  "eval_seeds": [
    10000,
    10001,
    10002,
    10003,
    10004,
    10005,
    10006,
    10007,
    10008,
    10009,
    10010,
    10011,
    10012,
    10013,
    10014,
    10015,
    10016,
    10017,
    10018,
    10019
  ],
  "episode_rewards": [
    247.4763944779088,
    161.24009844449515,
    298.6282302405524,
    231.71750286150086,
    250.3747595918573,
    243.22998864885918,
    146.77638053264664,
    272.3220281481239,
    241.70294849638466,
    284.7230101886591,
    298.02861677966325,
    268.9033864156323,
    269.4737625615022,
    43.36812370963281,
    263.1203679232369,
    244.21493266744832,
    235.42057975961478,
    275.84059119347205,
    259.8277881915519,
    242.19822071664953
  ],
  "episode_lengths": [
    260,
    1000,
    287,
    286,
    289,
    280,
    1000,
    284,
    273,
    263,
    301,
    342,
    984,
    162,
    264,
    275,
    260,
    264,
    256,
    272
  ],
  "episode_terminated": [
    true,
    false,
    true,
    true,
    true,
    true,
    false,
    true,
    true,
    true,
    true,
    true,
    true,
    true,
    true,
    true,
    true,
    true,
    true,
    true
  ],
  "mean_eval_reward": 238.92938557746962,
  "mean_episode_length": 380.1,
  "min_eval_reward": 43.36812370963281,
  "max_eval_reward": 298.6282302405524,
  "termination_breakdown": {
    "terminated": 18,
    "truncated": 2
  },
  "final_policy_component_evaluation": {
    "soft_landing_proxy": {
      "episode_sum_mean": 55.825,
      "episode_abs_sum_mean": 55.825,
      "signed_contribution_share": 0.608391009123212,
      "magnitude_share": 0.608391009123212,
      "active_rate": 0.2937384898710866
    },
    "stability_penalty": {
      "episode_sum_mean": -0.4431257452728447,
      "episode_abs_sum_mean": 0.4431257452728447,
      "signed_contribution_share": -0.0048292650127186995,
      "magnitude_share": 0.0048292650127186995,
      "active_rate": 1.0
    },
    "velocity_alignment_reward": {
      "episode_sum_mean": 35.49029797050935,
      "episode_abs_sum_mean": 35.49029797050935,
      "signed_contribution_share": 0.3867797258640693,
      "magnitude_share": 0.3867797258640693,
      "active_rate": 0.8021573270192055
    }
  },
  "final_policy_component_error_count": 0
}