{
  "eval_episodes": 20,
  "eval_seed_offset": 10000,
  "eval_seeds": [
    10000,
    10001,
    10002,
    10003,
    10004,
    10005,
    10006,
    10007,
    10008,
    10009,
    10010,
    10011,
    10012,
    10013,
    10014,
    10015,
    10016,
    10017,
    10018,
    10019
  ],
  "episode_rewards": [
    -89.9398201262825,
    -71.72595498482993,
    -52.412642516417044,
    -101.14653654962731,
    -90.28541936632863,
    -109.26038372917309,
    -78.74074184618921,
    -73.81815112371454,
    -111.46106130166247,
    -66.6152724365583,
    -54.41025840966496,
    -65.11645272722117,
    -70.72108963058909,
    -55.43000615588776,
    -93.58768096419622,
    -108.14624111058185,
    -113.33176429930454,
    -80.87054549469005,
    -101.71739818990893,
    -105.09672895458871
  ],
  "episode_lengths": [
    1000,
    1000,
    1000,
    1000,
    1000,
    1000,
    1000,
    1000,
    1000,
    1000,
    1000,
    1000,
    1000,
    1000,
    1000,
    1000,
    1000,
    1000,
    1000,
    1000
  ],
  "episode_terminated": [
    false,
    false,
    false,
    false,
    false,
    false,
    false,
    false,
    false,
    false,
    false,
    false,
    false,
    false,
    false,
    false,
    false,
    false,
    false,
    false
  ],
  "mean_eval_reward": -84.69170749587082,
  "mean_episode_length": 1000,
  "min_eval_reward": -113.33176429930454,
  "max_eval_reward": -52.412642516417044,
  "termination_breakdown": {
    "terminated": 0,
    "truncated": 20
  },
  "final_policy_component_evaluation": {
    "landing_proxy": {
      "episode_sum_mean": 0.0,
      "episode_abs_sum_mean": 0.0,
      "signed_contribution_share": 0.0,
      "magnitude_share": 0.0,
      "active_rate": 0.0
    },
    "progress_reward": {
      "episode_sum_mean": 5.4622823894023895,
      "episode_abs_sum_mean": 8.915462702512741,
      "signed_contribution_share": 0.1889052388889417,
      "magnitude_share": 0.3083285505141889,
      "active_rate": 1.0
    },
    "time_penalty": {
      "episode_sum_mean": -19.999999999999662,
      "episode_abs_sum_mean": 19.999999999999662,
      "signed_contribution_share": -0.691671449485811,
      "magnitude_share": 0.691671449485811,
      "active_rate": 1.0
    }
  },
  "final_policy_component_error_count": 0
}